customer_id,plan_type,contract_type,tenure_months,monthly_revenue,monthly_usage_hrs,total_users,feature_adoption_pct,support_tickets_last_90d,last_login_days_ago,nps_score,payment_delay_count,churned
C-0001,Starter,Monthly,19,112.58,20.1,4,73.6,0,34,0,4,1
C-0002,Starter,Annual,14,89.52,25.6,1,54.8,15,67,7,1,1
C-0003,Professional,Annual,23,797.96,136.1,9,66.0,1,36,1,5,0
C-0004,Starter,Monthly,25,57.24,16.2,2,15.2,11,37,4,0,1
C-0005,Starter,Monthly,28,58.13,12.5,1,63.6,6,11,3,3,0
C-0006,Professional,Annual,44,745.1,24.1,10,89.0,15,52,7,3,0
C-0007,Professional,Annual,22,659.15,79.3,12,40.4,9,42,9,0,1
C-0008,Enterprise,Monthly,40,2189.46,265.2,42,27.2,3,13,0,1,1
C-0009,Starter,Monthly,14,85.26,4.9,5,72.2,4,24,3,1,0
C-0010,Enterprise,Monthly,44,3929.87,67.5,93,54.2,10,3,7,0,1
C-0011,Starter,Monthly,28,52.13,27.5,1,37.2,3,38,4,4,1
C-0012,Starter,Annual,27,193.88,34.6,2,72.5,8,84,2,3,0
C-0013,Enterprise,Annual,16,1029.03,195.8,16,47.1,10,61,2,2,1
C-0014,Starter,Monthly,24,126.09,14.0,4,75.3,5,47,8,1,1
C-0015,Professional,Annual,39,736.41,96.9,12,80.6,11,10,6,5,0
C-0016,Professional,Monthly,46,620.23,55.9,15,65.8,9,38,6,2,0
C-0017,Starter,Annual,1,54.53,6.2,3,24.4,4,67,6,3,1
C-0018,Starter,Monthly,1,168.12,31.1,4,74.8,11,5,1,5,1
C-0019,Professional,Monthly,40,607.44,49.7,18,22.2,10,5,2,4,0
C-0020,Starter,Annual,43,61.51,30.0,1,80.4,15,30,4,5,0
C-0021,Starter,Monthly,27,64.66,40.5,1,73.5,4,87,1,3,0
C-0022,Starter,Monthly,12,123.17,18.7,2,71.0,6,16,8,3,1
C-0023,Enterprise,Monthly,6,4829.78,220.0,64,87.1,12,66,8,0,1
C-0024,Professional,Monthly,21,418.88,74.1,16,16.9,13,53,8,4,0
C-0025,Enterprise,Annual,27,4723.73,109.7,42,44.6,0,43,9,2,0
C-0026,Professional,Monthly,5,331.45,96.3,16,93.7,5,16,4,2,0
C-0027,Professional,Monthly,39,442.45,97.1,5,90.6,13,72,7,5,0
C-0028,Professional,Annual,25,547.84,91.9,19,50.9,13,25,1,4,0
C-0029,Starter,Monthly,32,144.05,17.1,2,43.0,5,23,5,4,0
C-0030,Professional,Monthly,1,764.77,37.4,12,44.5,0,14,7,3,1
C-0031,Starter,Annual,37,173.82,52.0,2,49.7,0,67,5,5,1
C-0032,Enterprise,Monthly,10,1529.86,53.0,34,39.6,15,26,10,5,1
C-0033,Professional,Monthly,47,373.6,119.6,19,36.3,2,0,4,0,0
C-0034,Professional,Monthly,48,295.61,46.4,9,74.0,9,67,2,5,1
C-0035,Enterprise,Annual,14,3942.23,131.2,97,71.6,10,52,1,0,0
C-0036,Professional,Monthly,16,700.88,90.2,16,82.8,10,64,10,3,0
C-0037,Professional,Annual,13,751.09,145.8,5,70.4,3,83,2,4,0
C-0038,Professional,Annual,2,685.72,47.2,15,46.0,12,29,6,5,0
C-0039,Professional,Monthly,33,244.18,52.0,16,90.9,10,74,8,2,1
C-0040,Starter,Annual,32,141.67,43.6,5,33.6,0,28,7,2,0
C-0041,Professional,Monthly,48,264.59,46.1,11,72.9,4,88,7,5,1
C-0042,Professional,Monthly,41,405.38,125.7,10,14.6,12,64,7,4,1
C-0043,Enterprise,Monthly,26,2185.0,121.0,89,34.8,2,64,5,1,0
C-0044,Professional,Monthly,33,501.67,42.0,3,87.1,2,41,1,2,0
C-0045,Professional,Monthly,37,253.55,72.0,5,44.7,11,56,6,2,1
C-0046,Enterprise,Monthly,9,3753.18,251.2,59,19.2,10,84,4,5,0
C-0047,Professional,Monthly,9,537.63,93.0,11,59.3,9,24,10,5,0
C-0048,Professional,Monthly,31,700.19,148.3,15,16.5,7,69,8,3,1
C-0049,Starter,Annual,3,156.06,35.8,1,69.3,11,51,7,4,1
C-0050,Enterprise,Annual,42,4886.49,246.1,56,91.5,6,49,0,0,0
C-0051,Starter,Monthly,30,54.6,24.2,5,75.9,7,52,0,5,1
C-0052,Professional,Annual,29,281.49,107.0,3,86.7,7,81,3,4,0
C-0053,Starter,Monthly,1,163.75,35.5,4,43.7,15,54,3,3,1
C-0054,Starter,Annual,15,94.29,16.5,2,93.9,12,46,6,3,1
C-0055,Professional,Annual,45,201.51,72.7,13,51.7,9,24,9,3,0
C-0056,Starter,Monthly,29,80.18,16.2,4,31.4,0,75,5,2,0
C-0057,Enterprise,Annual,32,3934.31,110.3,94,14.3,11,66,8,3,1
C-0058,Starter,Monthly,14,197.15,9.9,5,78.1,13,53,2,2,1
C-0059,Professional,Monthly,4,611.85,93.3,19,14.4,0,11,4,3,1
C-0060,Starter,Annual,47,51.95,3.5,5,67.1,1,57,3,4,1
C-0061,Starter,Monthly,46,84.77,19.9,4,34.1,12,73,3,4,1
C-0062,Starter,Annual,7,81.6,35.3,3,90.4,12,63,1,4,1
C-0063,Starter,Annual,23,94.07,56.1,5,64.2,5,45,10,0,1
C-0064,Enterprise,Annual,3,1624.54,138.3,48,83.1,0,73,4,1,0
C-0065,Starter,Annual,21,134.71,38.0,5,13.1,7,17,3,4,1
C-0066,Professional,Monthly,30,433.51,75.9,15,80.7,10,9,3,2,1
C-0067,Starter,Annual,31,132.52,33.0,3,34.7,6,2,8,0,0
C-0068,Professional,Monthly,37,598.71,102.4,17,70.0,5,49,6,1,0
C-0069,Enterprise,Monthly,23,4720.3,189.8,80,37.7,7,28,1,0,0
C-0070,Professional,Monthly,29,697.53,72.8,17,51.9,4,90,10,4,0
C-0071,Starter,Monthly,15,58.86,11.1,4,37.2,14,34,0,2,1
C-0072,Enterprise,Monthly,44,4311.03,102.3,11,42.1,15,67,7,0,0
C-0073,Professional,Monthly,39,483.29,140.7,15,37.5,14,8,3,3,1
C-0074,Enterprise,Monthly,17,3731.66,73.7,49,36.9,14,45,2,2,1
C-0075,Starter,Annual,44,171.63,49.8,5,22.4,10,17,6,5,0
C-0076,Professional,Annual,46,267.5,87.7,6,74.8,3,14,5,5,0
C-0077,Enterprise,Annual,35,4431.32,68.6,68,46.4,13,63,0,5,1
C-0078,Professional,Annual,35,205.55,99.1,9,52.8,6,8,9,1,0
C-0079,Starter,Monthly,32,98.01,57.3,1,31.1,9,44,6,1,0
C-0080,Enterprise,Annual,37,1433.07,125.2,56,21.8,10,57,0,2,1
C-0081,Enterprise,Annual,47,2776.14,182.6,91,21.3,6,68,8,0,0
C-0082,Starter,Monthly,18,199.31,44.9,2,49.4,12,14,10,4,0
C-0083,Starter,Monthly,45,126.69,38.7,5,89.5,8,61,6,5,0
C-0084,Enterprise,Annual,41,2771.45,102.3,81,39.3,8,60,8,3,0
C-0085,Professional,Monthly,7,542.48,132.8,6,77.7,4,22,9,2,1
C-0086,Enterprise,Annual,45,1736.26,177.6,99,10.1,12,23,5,1,0
C-0087,Starter,Annual,33,104.08,21.8,3,15.5,5,40,8,4,0
C-0088,Enterprise,Monthly,1,1014.9,108.1,61,29.1,6,20,8,1,1
C-0089,Starter,Annual,40,51.36,59.1,5,79.1,12,46,7,0,1
C-0090,Enterprise,Annual,28,3547.83,73.1,28,76.3,11,7,8,3,1
C-0091,Professional,Annual,21,431.56,144.9,9,35.3,12,6,10,5,0
C-0092,Enterprise,Monthly,14,885.2,92.5,56,56.3,5,66,9,5,0
C-0093,Starter,Annual,43,82.02,14.1,4,27.2,0,70,4,3,1
C-0094,Professional,Annual,10,508.49,21.9,9,69.6,12,39,9,0,0
C-0095,Enterprise,Annual,43,2898.36,192.7,90,17.7,7,32,10,5,1
C-0096,Enterprise,Monthly,7,1056.46,287.7,22,43.0,7,48,6,1,0
C-0097,Enterprise,Monthly,24,4315.76,126.5,47,73.8,10,58,9,3,1
C-0098,Enterprise,Monthly,7,3462.19,177.9,77,46.3,1,48,6,5,1
C-0099,Professional,Monthly,25,734.61,58.5,3,64.2,14,33,9,5,1
C-0100,Professional,Annual,7,745.41,113.5,7,86.6,8,9,0,3,1
C-0101,Professional,Monthly,21,792.05,133.6,10,82.1,4,9,6,2,1
C-0102,Starter,Annual,10,184.54,46.9,5,26.6,8,32,0,3,1
C-0103,Starter,Annual,44,119.61,11.9,5,41.9,5,31,10,5,1
C-0104,Starter,Annual,2,176.08,27.2,1,31.5,10,29,3,5,1
C-0105,Starter,Annual,17,118.26,46.1,3,31.7,2,21,9,4,0
C-0106,Starter,Annual,12,73.49,49.6,2,53.1,2,45,10,1,1
C-0107,Professional,Annual,23,283.22,129.8,15,56.5,3,20,6,4,0
C-0108,Starter,Monthly,21,163.89,29.7,2,93.9,4,35,9,0,1
C-0109,Professional,Monthly,16,691.0,109.4,8,41.1,5,62,4,4,1
C-0110,Starter,Annual,36,84.55,57.7,3,14.0,7,61,10,3,1
C-0111,Starter,Annual,18,73.15,44.4,3,72.7,0,24,3,0,0
C-0112,Professional,Annual,19,533.98,105.2,7,60.2,1,65,5,0,1
C-0113,Starter,Annual,43,126.67,30.7,1,38.4,0,40,1,4,1
C-0114,Starter,Monthly,7,58.9,5.0,3,34.6,15,73,3,4,1
C-0115,Starter,Monthly,17,178.12,2.6,2,70.4,11,50,8,5,0
C-0116,Professional,Annual,34,437.68,107.6,18,74.1,15,37,4,4,1
C-0117,Starter,Monthly,9,82.87,23.9,1,75.2,15,33,1,1,1
C-0118,Starter,Monthly,28,127.51,14.2,2,40.2,4,68,10,4,1
C-0119,Starter,Monthly,16,166.06,8.8,1,21.6,10,61,7,2,1
C-0120,Enterprise,Monthly,19,4778.02,283.8,37,66.6,3,54,3,3,1
C-0121,Starter,Monthly,17,175.13,34.1,2,38.8,15,49,4,1,1
C-0122,Enterprise,Monthly,40,1724.9,102.3,89,74.8,11,30,9,2,1
C-0123,Professional,Annual,3,513.15,89.8,14,26.0,14,30,4,5,0
C-0124,Starter,Monthly,39,123.33,43.7,4,93.2,8,62,3,5,0
C-0125,Professional,Monthly,18,656.51,143.9,4,59.0,13,58,8,0,0
C-0126,Starter,Annual,22,136.24,56.9,2,61.8,3,4,10,1,0
C-0127,Starter,Monthly,14,186.28,25.3,5,18.2,1,66,0,2,0
C-0128,Professional,Monthly,21,457.59,103.1,9,12.7,5,13,10,4,0
C-0129,Professional,Annual,5,606.46,75.2,6,42.9,14,23,3,3,1
C-0130,Enterprise,Monthly,17,3059.72,133.0,81,88.0,13,57,1,1,1
C-0131,Enterprise,Annual,36,4294.04,188.3,28,81.5,3,21,7,4,0
C-0132,Enterprise,Monthly,42,1491.34,194.4,96,59.5,12,3,10,4,1
C-0133,Professional,Monthly,36,667.03,133.8,9,49.5,7,7,4,1,0
C-0134,Professional,Monthly,21,421.05,72.5,18,11.9,3,55,9,2,1
C-0135,Professional,Annual,18,649.84,20.3,4,73.4,8,4,7,2,0
C-0136,Starter,Annual,8,57.64,26.5,1,47.8,15,20,9,3,0
C-0137,Starter,Annual,33,149.26,21.2,3,23.1,6,34,4,4,1
C-0138,Professional,Annual,10,737.68,68.7,18,68.6,13,52,10,2,0
C-0139,Professional,Annual,33,740.8,80.0,20,69.7,7,85,7,0,0
C-0140,Enterprise,Monthly,38,3928.4,85.7,92,70.7,1,55,7,3,1
C-0141,Starter,Annual,1,165.18,8.2,3,88.9,0,32,0,1,1
C-0142,Enterprise,Monthly,19,1307.85,275.1,62,68.0,15,59,5,1,1
C-0143,Enterprise,Monthly,10,4501.66,193.9,100,72.5,14,13,7,3,1
C-0144,Enterprise,Monthly,19,1549.48,224.1,30,58.4,0,88,4,1,0
C-0145,Professional,Monthly,47,444.32,71.7,8,82.1,14,4,2,5,1
C-0146,Starter,Monthly,41,197.6,15.5,1,37.1,9,53,4,3,1
C-0147,Professional,Annual,25,684.14,148.5,19,23.4,1,87,3,3,0
C-0148,Starter,Annual,21,156.5,42.8,1,66.4,5,50,1,1,1
C-0149,Professional,Annual,31,335.86,132.5,7,77.4,1,55,6,3,0
C-0150,Enterprise,Monthly,1,2162.15,234.0,32,33.6,3,88,6,4,1
C-0151,Starter,Annual,33,161.81,55.0,4,56.8,0,46,8,0,1
C-0152,Enterprise,Monthly,22,2702.95,96.7,38,42.1,14,71,10,4,1
C-0153,Starter,Annual,9,111.31,20.3,1,47.4,11,85,5,3,1
C-0154,Enterprise,Monthly,24,951.7,149.6,73,85.6,8,37,1,1,0
C-0155,Starter,Annual,38,175.61,58.1,5,60.1,5,40,8,3,0
C-0156,Enterprise,Monthly,28,904.81,145.7,33,38.5,11,8,5,0,0
C-0157,Enterprise,Annual,29,3718.11,140.8,84,27.1,8,75,5,1,1
C-0158,Enterprise,Monthly,13,1921.9,267.1,52,55.0,0,85,1,4,0
C-0159,Professional,Monthly,13,762.75,74.2,5,43.7,12,9,5,1,0
C-0160,Enterprise,Monthly,22,1842.7,253.1,26,82.0,8,57,0,5,0
C-0161,Starter,Annual,7,90.47,42.1,2,59.5,14,9,9,4,0
C-0162,Starter,Annual,39,181.96,40.2,2,48.0,9,70,10,5,0
C-0163,Professional,Monthly,9,736.54,87.0,18,74.1,7,1,0,4,0
C-0164,Starter,Monthly,38,141.2,2.7,5,13.6,3,34,0,1,1
C-0165,Professional,Monthly,3,531.72,116.3,4,38.8,7,43,10,4,0
C-0166,Professional,Annual,38,554.18,102.5,6,76.1,2,12,6,5,0
C-0167,Starter,Monthly,9,194.12,6.4,3,87.0,14,54,4,1,1
C-0168,Starter,Annual,47,102.01,32.4,2,43.7,5,6,7,2,0
C-0169,Enterprise,Annual,17,3256.11,222.6,51,60.9,5,49,0,4,1
C-0170,Starter,Monthly,17,161.76,23.4,3,52.1,3,53,6,2,0
C-0171,Enterprise,Monthly,7,1686.54,121.4,83,63.0,1,38,3,4,0
C-0172,Enterprise,Monthly,7,2471.33,137.9,77,42.8,10,24,2,1,0
C-0173,Starter,Annual,18,184.0,58.8,5,88.0,12,32,1,1,1
C-0174,Enterprise,Annual,37,2329.11,259.9,56,51.7,10,69,6,0,0
C-0175,Starter,Monthly,33,80.01,16.2,1,54.0,11,34,10,2,0
C-0176,Professional,Monthly,34,411.72,90.9,19,20.6,5,1,6,4,1
C-0177,Starter,Monthly,24,149.65,36.7,2,90.9,13,88,2,1,1
C-0178,Professional,Monthly,12,482.01,50.0,11,20.4,6,78,9,5,0
C-0179,Starter,Monthly,31,175.25,49.6,1,23.7,4,65,0,0,0
C-0180,Professional,Annual,2,452.3,93.3,14,83.7,0,17,6,5,0
C-0181,Starter,Monthly,24,150.04,18.1,3,69.2,2,3,3,1,0
C-0182,Professional,Monthly,34,458.71,106.2,16,92.1,1,54,6,5,0
C-0183,Professional,Monthly,42,580.85,117.7,6,16.8,1,37,0,4,1
C-0184,Starter,Annual,36,76.01,3.0,1,64.6,14,60,7,4,0
C-0185,Professional,Monthly,48,759.45,38.5,13,28.0,7,78,2,1,1
C-0186,Starter,Annual,31,117.65,12.5,4,31.4,14,86,5,0,1
C-0187,Starter,Annual,34,181.59,12.8,1,89.5,9,67,4,3,0
C-0188,Starter,Monthly,34,84.54,50.0,5,51.6,9,22,0,5,0
C-0189,Starter,Monthly,45,143.88,53.3,5,31.0,9,57,7,0,0
C-0190,Professional,Annual,16,609.48,43.1,13,30.5,1,19,5,2,0
C-0191,Enterprise,Annual,46,3510.71,198.0,47,45.0,14,82,7,4,0
C-0192,Starter,Annual,37,127.52,27.2,4,73.4,2,28,9,2,0
C-0193,Starter,Annual,38,70.26,58.4,1,70.5,10,56,2,1,0
C-0194,Starter,Annual,6,142.82,28.7,4,51.4,13,17,6,5,1
C-0195,Enterprise,Annual,23,2026.65,290.0,89,84.6,14,72,1,5,1
C-0196,Professional,Monthly,9,212.2,91.5,6,12.0,0,12,4,1,0
C-0197,Professional,Monthly,4,437.07,61.6,13,51.5,10,13,4,4,0
C-0198,Enterprise,Annual,26,2670.28,208.1,95,94.2,0,84,8,0,1
C-0199,Starter,Annual,33,154.2,54.2,3,23.3,5,61,10,5,1
C-0200,Enterprise,Annual,26,2578.86,225.9,26,62.6,6,5,5,0,0
C-0201,Professional,Monthly,22,238.37,104.8,11,27.5,7,41,3,3,1
C-0202,Professional,Annual,32,466.57,52.6,7,43.0,10,68,7,2,1
C-0203,Professional,Monthly,46,588.23,76.9,5,31.8,15,61,1,5,0
C-0204,Professional,Annual,2,773.34,73.7,4,50.9,8,50,6,5,0
C-0205,Professional,Monthly,43,363.77,39.7,5,49.1,5,37,3,2,1
C-0206,Professional,Annual,48,230.25,40.0,9,42.9,11,18,5,2,0
C-0207,Professional,Annual,32,324.13,114.8,18,92.4,2,7,10,3,1
C-0208,Professional,Annual,20,687.02,129.3,11,90.5,13,86,1,1,0
C-0209,Starter,Annual,41,168.3,13.9,4,67.0,7,13,9,3,1
C-0210,Enterprise,Monthly,26,3731.75,113.9,84,83.7,1,74,5,0,0
C-0211,Enterprise,Monthly,26,1714.39,54.1,93,43.5,12,18,1,0,1
C-0212,Starter,Monthly,29,126.56,52.5,1,84.0,3,11,3,5,0
C-0213,Enterprise,Annual,13,4469.31,222.0,70,73.6,7,77,6,2,0
C-0214,Professional,Annual,11,659.25,97.4,20,43.4,14,60,0,2,1
C-0215,Professional,Annual,3,484.52,148.1,15,61.8,3,41,4,5,1
C-0216,Enterprise,Annual,1,1008.43,81.8,41,28.4,3,27,2,3,1
C-0217,Starter,Annual,27,52.96,5.7,4,74.4,9,9,5,3,1
C-0218,Professional,Annual,5,515.78,42.5,14,15.4,11,52,1,3,1
C-0219,Enterprise,Monthly,36,3320.14,88.8,98,41.3,4,88,8,2,0
C-0220,Professional,Annual,28,316.98,121.9,7,75.3,5,77,3,1,0
C-0221,Starter,Annual,34,141.87,8.0,2,39.8,13,38,7,1,1
C-0222,Professional,Annual,32,359.65,56.0,14,37.3,14,87,2,4,1
C-0223,Enterprise,Annual,8,4994.58,287.3,97,14.2,1,69,7,2,0
C-0224,Starter,Annual,23,162.53,45.3,3,56.1,0,40,8,0,1
C-0225,Professional,Annual,44,694.22,83.2,18,78.3,8,32,7,3,1
C-0226,Starter,Monthly,47,132.21,26.8,2,80.6,9,49,5,1,0
C-0227,Starter,Annual,29,91.48,35.3,2,26.9,15,73,2,1,0
C-0228,Enterprise,Monthly,11,2908.39,204.0,19,39.3,5,27,7,2,0
C-0229,Enterprise,Monthly,19,4945.16,62.6,31,19.8,9,1,5,5,1
C-0230,Professional,Annual,2,574.59,132.4,16,23.9,2,34,5,4,1
C-0231,Starter,Annual,25,52.41,32.9,3,59.4,2,56,4,3,0
C-0232,Starter,Monthly,14,142.1,39.4,5,39.8,14,38,8,5,1
C-0233,Professional,Annual,24,471.61,51.8,20,31.5,8,33,9,3,1
C-0234,Professional,Annual,21,308.65,82.3,18,50.5,8,30,7,5,1
C-0235,Starter,Monthly,33,118.27,23.4,1,76.8,2,70,9,4,1
C-0236,Starter,Annual,43,130.68,58.5,2,72.1,1,81,0,0,1
C-0237,Starter,Monthly,48,67.0,15.3,3,56.8,9,4,5,5,1
C-0238,Professional,Monthly,12,374.27,36.3,18,18.8,4,24,9,1,1
C-0239,Enterprise,Monthly,27,2212.19,100.5,34,84.5,11,78,7,2,0
C-0240,Enterprise,Annual,2,3195.35,299.4,30,52.8,3,76,6,0,0
C-0241,Professional,Annual,21,579.74,85.6,20,22.4,15,24,7,3,1
C-0242,Professional,Monthly,15,548.63,125.7,10,83.7,12,52,0,4,1
C-0243,Professional,Monthly,21,757.96,146.9,4,68.3,9,35,5,5,1
C-0244,Professional,Annual,11,767.09,136.3,3,68.3,0,56,9,1,0
C-0245,Professional,Monthly,23,288.63,87.2,14,34.6,7,2,5,4,1
C-0246,Starter,Monthly,32,68.16,28.6,3,27.3,14,21,4,5,1
C-0247,Starter,Annual,36,119.05,4.0,5,67.1,9,0,7,2,0
C-0248,Enterprise,Annual,1,2331.18,235.4,53,62.6,15,18,6,4,1
C-0249,Professional,Monthly,30,644.46,146.6,14,17.0,6,5,6,4,1
C-0250,Starter,Annual,35,66.01,24.5,2,57.0,0,23,7,4,0
C-0251,Starter,Annual,36,165.64,8.5,5,24.5,2,28,7,0,0
C-0252,Starter,Annual,45,78.83,4.0,5,41.6,6,4,6,4,1
C-0253,Enterprise,Monthly,28,4069.13,240.7,25,46.0,5,25,8,3,0
C-0254,Professional,Monthly,26,484.88,68.3,14,58.0,14,31,5,2,1
C-0255,Starter,Annual,41,150.36,27.6,2,40.1,0,37,0,1,1
C-0256,Enterprise,Annual,42,3382.37,175.5,18,12.2,10,41,8,3,1
C-0257,Starter,Monthly,24,167.63,38.5,1,54.7,4,36,1,0,0
C-0258,Starter,Monthly,30,160.27,56.3,3,59.3,3,51,6,0,0
C-0259,Starter,Annual,8,62.9,38.8,4,92.4,2,29,10,2,1
C-0260,Starter,Annual,23,56.76,4.4,3,38.5,9,4,10,4,0
C-0261,Starter,Monthly,26,181.12,35.1,1,88.8,12,39,9,2,0
C-0262,Starter,Annual,48,154.4,53.9,5,90.4,7,83,6,1,0
C-0263,Professional,Monthly,11,382.64,62.3,19,87.9,3,62,0,4,0
C-0264,Starter,Monthly,19,180.68,40.7,3,33.1,13,51,3,5,1
C-0265,Enterprise,Annual,17,2299.26,197.9,100,56.6,8,89,8,4,0
C-0266,Professional,Annual,21,262.69,21.3,15,19.3,14,6,9,4,0
C-0267,Professional,Monthly,1,771.44,85.1,6,85.4,13,68,8,0,1
C-0268,Starter,Annual,35,94.11,37.0,2,56.7,11,6,1,3,1
C-0269,Starter,Monthly,10,105.45,15.4,2,83.6,7,53,1,1,1
C-0270,Professional,Monthly,12,662.17,41.0,14,88.9,9,62,4,2,1
C-0271,Starter,Annual,33,142.53,28.2,4,86.8,7,11,5,3,1
C-0272,Professional,Annual,12,429.59,142.7,5,32.5,8,57,1,3,1
C-0273,Enterprise,Monthly,7,2353.91,157.5,46,92.3,4,76,6,5,0
C-0274,Professional,Monthly,6,595.92,129.1,6,81.0,14,71,0,2,0
C-0275,Professional,Monthly,2,561.76,125.4,9,47.8,12,41,2,2,0
C-0276,Enterprise,Annual,1,3761.14,171.5,94,67.4,9,55,4,2,1
C-0277,Starter,Annual,13,102.85,18.4,3,40.0,12,11,8,1,1
C-0278,Enterprise,Annual,6,1672.85,114.0,25,83.4,11,44,1,0,0
C-0279,Starter,Annual,41,104.3,10.2,4,38.8,11,51,8,4,1
C-0280,Professional,Monthly,34,753.6,110.6,17,23.3,2,19,6,1,1
C-0281,Starter,Annual,43,142.75,30.3,1,72.3,7,19,6,3,1
C-0282,Starter,Monthly,27,68.81,27.9,4,47.3,13,78,5,4,0
C-0283,Enterprise,Annual,19,4001.73,184.4,67,64.4,14,37,9,5,1
C-0284,Professional,Monthly,40,316.33,29.5,16,51.6,15,20,6,3,0
C-0285,Professional,Annual,1,745.89,62.9,15,65.2,14,82,8,1,0
C-0286,Starter,Monthly,8,185.29,43.3,2,84.3,15,57,9,0,1
C-0287,Starter,Annual,36,152.09,14.9,2,18.7,10,85,1,4,1
C-0288,Starter,Monthly,1,73.63,26.6,5,15.0,3,76,3,4,1
C-0289,Professional,Annual,42,724.01,144.2,5,19.4,8,85,3,4,1
C-0290,Enterprise,Monthly,16,1892.38,71.6,50,59.3,2,2,10,3,0
C-0291,Starter,Monthly,12,85.35,24.0,1,34.6,1,18,6,5,1
C-0292,Starter,Annual,32,132.83,37.1,2,89.3,10,13,10,4,0
C-0293,Starter,Annual,28,194.25,7.8,2,38.7,13,16,1,0,1
C-0294,Starter,Monthly,31,176.65,53.6,4,88.5,0,50,2,5,1
C-0295,Professional,Monthly,40,486.57,66.0,16,55.1,13,47,0,4,1
C-0296,Professional,Annual,36,757.99,107.6,8,19.7,1,56,3,3,0
C-0297,Starter,Annual,30,62.41,18.3,2,59.2,6,79,0,4,0
C-0298,Starter,Annual,22,176.83,44.9,4,25.1,1,61,0,5,1
C-0299,Professional,Monthly,19,508.2,62.4,17,63.0,5,8,3,1,0
C-0300,Professional,Annual,12,291.61,122.0,9,24.7,14,85,10,1,0
C-0301,Starter,Monthly,19,138.9,51.5,2,56.8,9,62,5,2,1
C-0302,Starter,Monthly,20,104.15,17.6,5,14.4,15,80,9,1,0
C-0303,Starter,Monthly,26,111.66,36.7,5,30.6,11,46,10,5,1
C-0304,Starter,Annual,22,131.62,33.3,3,13.3,15,59,0,4,1
C-0305,Professional,Monthly,10,256.99,134.2,10,75.1,0,36,3,1,1
C-0306,Enterprise,Monthly,27,3238.88,116.2,24,14.1,9,51,0,0,0
C-0307,Professional,Annual,14,396.13,20.9,16,24.1,5,49,0,5,0
C-0308,Starter,Monthly,18,69.57,24.4,2,29.6,12,12,4,0,0
C-0309,Enterprise,Monthly,1,1067.99,71.4,67,20.3,9,40,7,5,1
C-0310,Starter,Monthly,43,145.53,23.0,5,16.3,0,0,5,3,0
C-0311,Enterprise,Monthly,23,1460.65,154.3,38,41.0,11,11,7,3,1
C-0312,Starter,Monthly,42,191.78,10.7,2,78.5,12,61,1,0,1
C-0313,Starter,Monthly,11,94.23,11.7,2,41.1,14,56,7,2,1
C-0314,Starter,Monthly,31,62.82,21.6,2,20.9,15,87,9,4,0
C-0315,Professional,Annual,23,297.93,148.1,13,54.8,3,51,8,1,1
C-0316,Enterprise,Monthly,8,1193.19,114.5,43,19.9,9,89,8,2,0
C-0317,Enterprise,Annual,29,1710.7,278.8,36,47.7,15,33,1,4,0
C-0318,Starter,Monthly,39,98.18,54.5,3,65.6,11,60,0,1,1
C-0319,Enterprise,Annual,6,4719.19,150.8,21,49.2,12,13,3,5,0
C-0320,Starter,Annual,29,81.98,14.9,1,66.5,2,58,2,0,0
C-0321,Enterprise,Monthly,25,2302.16,259.6,43,11.0,2,72,1,5,0
C-0322,Professional,Annual,21,374.46,36.9,15,71.4,14,70,2,2,1
C-0323,Professional,Monthly,18,657.38,42.4,5,81.1,8,60,5,2,0
C-0324,Enterprise,Monthly,34,1412.59,107.2,17,64.8,9,16,1,0,0
C-0325,Professional,Monthly,15,511.11,143.4,14,18.3,10,78,2,1,1
C-0326,Professional,Monthly,10,238.78,118.0,12,46.1,10,24,3,0,0
C-0327,Enterprise,Monthly,21,840.11,58.4,51,64.9,9,13,1,5,0
C-0328,Professional,Annual,42,262.54,49.1,12,64.5,7,80,1,5,1
C-0329,Professional,Annual,44,227.31,82.9,16,59.0,10,57,6,0,1
C-0330,Enterprise,Monthly,1,1952.02,223.9,51,63.9,8,81,4,3,1
C-0331,Professional,Monthly,45,333.74,148.1,18,31.1,15,4,1,5,1
C-0332,Enterprise,Monthly,24,4314.07,69.1,99,51.1,10,6,4,0,0
C-0333,Starter,Monthly,48,67.34,21.0,4,57.3,14,34,10,0,0
C-0334,Starter,Annual,21,158.64,40.1,3,12.8,11,61,9,1,1
C-0335,Professional,Monthly,10,434.34,85.7,15,90.4,5,36,1,3,0
C-0336,Starter,Annual,18,55.29,42.0,4,25.1,15,65,10,4,1
C-0337,Enterprise,Annual,48,3555.74,148.4,35,17.6,3,19,10,0,0
C-0338,Professional,Annual,36,289.11,127.4,8,27.8,2,23,5,3,0
C-0339,Starter,Monthly,45,156.27,14.4,3,90.1,13,15,6,1,0
C-0340,Professional,Annual,17,255.16,56.3,8,52.2,15,24,2,1,0
C-0341,Professional,Annual,17,307.94,122.0,12,71.4,0,77,4,1,1
C-0342,Professional,Annual,17,267.16,104.4,17,15.6,9,18,5,0,0
C-0343,Professional,Annual,9,597.85,130.1,13,29.2,0,73,5,2,0
C-0344,Professional,Monthly,32,564.68,145.8,10,43.6,5,62,3,3,0
C-0345,Professional,Monthly,47,576.1,74.9,5,20.9,4,10,3,2,1
C-0346,Professional,Annual,16,593.36,26.6,3,50.4,6,47,10,0,1
C-0347,Starter,Annual,18,193.2,50.3,3,70.5,3,21,3,1,0
C-0348,Starter,Monthly,11,185.95,34.3,2,54.5,10,90,7,0,0
C-0349,Enterprise,Annual,20,1670.24,257.7,23,31.1,0,67,5,4,0
C-0350,Enterprise,Monthly,40,1511.72,106.3,24,46.1,5,17,6,5,1
C-0351,Starter,Annual,39,81.37,5.9,1,63.1,2,57,8,2,1
C-0352,Professional,Annual,16,524.19,45.7,11,93.7,14,29,8,0,1
C-0353,Enterprise,Monthly,43,1850.87,116.6,31,36.0,11,40,4,0,1
C-0354,Professional,Annual,1,392.52,50.2,14,37.4,4,26,4,4,0
C-0355,Professional,Annual,2,600.65,125.4,10,54.0,10,7,2,5,0
C-0356,Starter,Monthly,36,164.56,57.8,5,51.3,11,28,7,0,0
C-0357,Professional,Monthly,21,730.55,124.9,10,28.4,1,57,0,3,1
C-0358,Professional,Monthly,42,734.1,110.8,9,75.1,7,11,1,4,0
C-0359,Starter,Monthly,6,199.83,59.4,5,38.3,7,3,9,1,0
C-0360,Professional,Annual,17,611.11,49.9,18,62.9,14,1,3,3,0
C-0361,Professional,Monthly,7,686.45,95.5,4,86.2,9,47,8,1,1
C-0362,Starter,Monthly,12,174.22,28.0,3,20.8,13,71,4,3,1
C-0363,Starter,Annual,21,59.09,26.6,3,80.9,0,42,3,3,0
C-0364,Enterprise,Annual,8,1343.42,253.6,30,87.1,1,79,5,3,0
C-0365,Professional,Annual,15,388.27,146.8,13,10.9,3,72,9,3,0
C-0366,Enterprise,Annual,17,1966.25,158.9,100,48.0,2,57,4,2,0
C-0367,Starter,Monthly,4,188.98,38.9,1,92.8,11,88,10,2,1
C-0368,Enterprise,Monthly,37,4105.67,62.1,60,64.9,10,76,9,5,1
C-0369,Enterprise,Monthly,15,4513.91,266.0,20,35.8,1,44,10,4,1
C-0370,Professional,Monthly,5,705.74,121.8,11,91.0,11,39,8,2,1
C-0371,Starter,Monthly,19,55.61,19.0,4,31.7,11,32,9,3,1
C-0372,Enterprise,Monthly,35,4200.86,137.8,56,44.5,9,70,9,4,1
C-0373,Starter,Monthly,21,116.52,5.5,2,55.1,15,77,5,5,1
C-0374,Enterprise,Monthly,43,4548.3,248.2,59,40.0,11,7,8,5,1
C-0375,Professional,Annual,20,344.16,64.0,3,47.3,2,63,4,0,0
C-0376,Professional,Monthly,31,714.05,146.2,15,84.6,3,80,0,5,0
C-0377,Starter,Annual,45,87.13,35.9,4,50.1,5,46,4,3,1
C-0378,Professional,Annual,18,427.83,74.5,14,74.7,5,32,10,2,1
C-0379,Professional,Monthly,33,736.84,28.8,5,82.8,7,56,10,1,1
C-0380,Professional,Annual,32,760.12,97.4,8,76.4,14,41,9,0,0
C-0381,Starter,Annual,34,186.42,35.4,3,11.7,0,73,10,2,1
C-0382,Enterprise,Annual,17,4567.57,108.7,84,23.1,9,71,8,3,0
C-0383,Professional,Monthly,16,487.05,106.6,18,45.5,8,73,7,1,0
C-0384,Starter,Monthly,10,102.59,34.6,5,48.6,13,16,8,4,1
C-0385,Professional,Annual,28,455.06,143.6,4,68.8,2,75,1,4,1
C-0386,Starter,Monthly,17,68.93,35.5,5,27.9,14,55,9,3,0
C-0387,Enterprise,Monthly,23,2565.93,264.3,50,58.9,0,80,5,5,1
C-0388,Enterprise,Annual,47,3283.1,217.7,63,51.2,9,35,7,3,0
C-0389,Enterprise,Annual,18,943.01,251.2,69,90.3,1,17,5,5,1
C-0390,Starter,Monthly,19,88.41,18.4,5,68.8,10,58,5,1,1
C-0391,Enterprise,Monthly,17,4789.07,116.8,80,32.9,10,43,10,5,1
C-0392,Enterprise,Annual,44,2522.0,110.5,53,68.6,5,0,5,0,0
C-0393,Enterprise,Annual,1,3680.47,90.1,70,21.1,4,60,6,4,1
C-0394,Professional,Annual,4,768.05,92.2,11,81.5,5,82,6,3,1
C-0395,Professional,Monthly,40,524.18,122.4,8,76.1,13,87,4,2,1
C-0396,Professional,Annual,19,317.93,66.8,4,91.6,12,13,6,2,0
C-0397,Professional,Annual,44,515.3,38.1,18,19.0,9,72,1,4,1
C-0398,Starter,Annual,38,100.05,51.6,4,78.2,10,77,2,2,1
C-0399,Starter,Monthly,28,141.96,32.7,4,63.1,4,26,0,3,0
C-0400,Starter,Monthly,14,163.13,45.5,5,11.6,6,61,4,1,1
C-0401,Enterprise,Annual,46,1537.48,245.0,89,33.9,0,11,6,5,0
C-0402,Starter,Annual,8,67.7,42.3,5,82.0,13,33,0,1,1
C-0403,Starter,Monthly,30,199.02,54.5,3,46.9,11,75,5,0,0
C-0404,Professional,Monthly,13,695.84,93.2,4,94.4,12,55,10,3,0
C-0405,Starter,Monthly,19,174.06,34.3,2,71.3,11,86,4,1,1
C-0406,Starter,Monthly,47,121.9,19.8,5,63.5,10,6,3,0,0
C-0407,Professional,Annual,31,674.21,108.9,5,94.6,6,9,6,1,0
C-0408,Enterprise,Monthly,13,1463.35,160.9,87,22.4,9,86,8,1,0
C-0409,Starter,Annual,46,119.21,43.0,5,85.2,8,76,1,1,0
C-0410,Enterprise,Monthly,33,2847.89,114.3,78,42.6,2,6,4,0,0
C-0411,Professional,Annual,11,558.08,132.6,15,36.6,9,12,5,3,1
C-0412,Professional,Monthly,2,371.4,54.3,3,49.1,3,72,1,1,1
C-0413,Enterprise,Monthly,45,1843.67,64.1,33,45.9,14,67,1,2,0
C-0414,Starter,Monthly,2,61.84,14.2,2,86.7,2,3,1,5,1
C-0415,Starter,Monthly,15,193.16,7.3,2,50.6,1,89,1,5,1
C-0416,Starter,Monthly,29,103.92,57.2,4,94.9,0,23,1,5,0
C-0417,Enterprise,Annual,29,1695.06,103.3,86,50.9,1,10,0,0,0
C-0418,Enterprise,Annual,27,1457.24,256.8,80,62.4,5,20,10,2,1
C-0419,Starter,Monthly,34,107.19,17.7,5,46.2,12,6,2,5,1
C-0420,Starter,Annual,16,101.21,43.9,3,80.4,2,8,8,5,0
C-0421,Enterprise,Monthly,20,2223.64,70.7,50,73.4,2,90,1,4,0
C-0422,Professional,Annual,41,443.87,128.0,7,51.0,6,89,4,3,0
C-0423,Professional,Monthly,21,354.0,85.3,13,42.0,10,60,5,0,0
C-0424,Starter,Monthly,17,163.57,24.4,3,66.3,13,14,7,2,0
C-0425,Enterprise,Annual,11,2894.3,174.7,24,35.5,3,48,0,2,0
C-0426,Starter,Monthly,32,150.67,52.0,3,87.4,1,71,2,3,1
C-0427,Professional,Annual,21,732.55,54.1,12,17.8,9,35,2,4,0
C-0428,Starter,Monthly,26,124.05,38.5,5,55.8,11,5,1,2,0
C-0429,Starter,Annual,43,112.26,46.7,2,44.9,8,79,7,0,1
C-0430,Starter,Monthly,37,149.79,8.8,2,84.3,0,56,6,5,1
C-0431,Professional,Monthly,28,520.92,137.2,10,46.2,15,19,10,1,0
C-0432,Professional,Monthly,27,642.32,108.8,13,31.4,14,10,5,0,1
C-0433,Professional,Monthly,45,699.03,79.4,6,70.4,0,0,7,3,0
C-0434,Starter,Monthly,24,104.39,27.3,5,63.1,15,61,0,3,1
C-0435,Starter,Monthly,47,73.9,50.0,5,74.6,9,75,1,2,1
C-0436,Enterprise,Annual,10,1265.13,89.6,32,73.4,15,68,3,1,1
C-0437,Enterprise,Annual,18,4097.61,63.6,77,67.6,3,21,10,0,0
C-0438,Professional,Monthly,19,612.84,101.6,15,60.2,0,11,2,5,0
C-0439,Starter,Monthly,9,59.12,14.5,1,73.2,1,19,5,3,0
C-0440,Starter,Monthly,26,181.25,11.8,1,72.5,12,30,7,0,1
C-0441,Starter,Monthly,23,182.75,38.1,3,20.5,14,48,1,3,1
C-0442,Starter,Annual,23,131.25,25.0,2,42.8,1,16,5,1,0
C-0443,Starter,Monthly,10,171.41,37.9,2,37.7,8,46,0,4,0
C-0444,Enterprise,Monthly,18,877.03,159.8,69,79.6,15,12,8,1,0
C-0445,Starter,Monthly,4,197.34,39.1,4,43.1,9,65,4,1,0
C-0446,Enterprise,Annual,15,4809.55,239.1,45,46.6,7,89,5,5,0
C-0447,Starter,Monthly,45,177.89,38.5,1,42.6,7,60,5,4,0
C-0448,Starter,Monthly,40,196.63,38.9,3,73.5,7,7,4,3,1
C-0449,Professional,Monthly,2,295.88,79.2,11,41.3,6,0,10,0,1
C-0450,Professional,Monthly,8,737.01,90.9,13,87.8,10,38,7,1,0
C-0451,Professional,Monthly,19,307.97,60.0,15,23.6,5,64,5,0,1
C-0452,Starter,Monthly,1,105.57,10.1,5,40.7,10,47,0,0,1
C-0453,Starter,Monthly,6,170.15,34.1,4,67.2,11,1,5,0,1
C-0454,Enterprise,Annual,8,4484.41,208.8,21,53.6,11,11,4,0,1
C-0455,Enterprise,Annual,1,2868.98,208.0,15,93.1,11,8,5,3,0
C-0456,Enterprise,Monthly,10,2785.85,225.0,28,76.7,12,71,9,4,1
C-0457,Starter,Monthly,40,80.46,34.9,2,67.3,5,26,9,0,0
C-0458,Starter,Monthly,27,171.68,27.5,2,35.6,3,26,7,1,0
C-0459,Starter,Monthly,42,96.94,59.3,1,58.2,13,49,9,2,0
C-0460,Professional,Monthly,28,409.97,110.1,5,65.9,10,88,9,2,1
C-0461,Professional,Annual,24,219.04,90.6,13,94.3,9,48,3,5,0
C-0462,Starter,Monthly,36,136.84,52.9,2,30.4,1,16,3,0,1
C-0463,Enterprise,Monthly,15,3704.31,181.3,40,18.8,12,0,2,2,1
C-0464,Professional,Annual,32,209.69,20.7,12,30.8,13,48,6,4,1
C-0465,Starter,Monthly,10,108.3,44.8,4,36.7,13,54,3,3,1
C-0466,Starter,Annual,32,79.03,5.4,5,75.8,4,25,3,0,0
C-0467,Starter,Annual,38,131.3,19.1,4,14.3,14,46,1,4,1
C-0468,Starter,Monthly,37,126.05,38.3,4,81.4,12,58,8,5,1
C-0469,Professional,Monthly,28,526.67,94.6,3,11.2,12,64,10,4,1
C-0470,Enterprise,Monthly,4,2108.63,266.4,57,24.6,8,48,5,4,0
C-0471,Professional,Annual,44,469.75,37.4,12,18.6,14,77,7,0,1
C-0472,Starter,Monthly,14,89.66,44.0,5,56.4,11,33,4,4,0
C-0473,Professional,Monthly,18,738.43,89.4,9,31.7,10,69,6,5,1
C-0474,Professional,Monthly,4,309.68,48.2,19,68.5,13,90,6,5,0
C-0475,Starter,Monthly,41,140.88,35.5,3,28.9,0,67,7,5,1
C-0476,Enterprise,Monthly,34,1526.51,293.9,52,70.0,7,56,1,1,1
C-0477,Enterprise,Monthly,32,897.12,298.2,20,38.4,10,62,8,5,1
C-0478,Professional,Monthly,46,246.7,126.4,6,81.5,10,49,2,2,1
C-0479,Professional,Annual,17,347.75,128.6,18,93.0,5,57,3,5,0
C-0480,Starter,Annual,31,111.28,9.8,5,36.3,0,56,8,2,0
C-0481,Professional,Annual,8,399.23,78.4,16,92.5,4,14,9,4,0
C-0482,Professional,Monthly,28,405.77,36.3,13,66.4,9,19,4,2,0
C-0483,Professional,Monthly,40,307.19,98.9,17,23.8,13,60,9,2,1
C-0484,Professional,Monthly,17,262.53,87.2,17,71.0,7,71,6,5,1
C-0485,Starter,Monthly,9,170.52,50.4,5,54.6,4,19,5,5,0
C-0486,Professional,Monthly,27,312.03,73.6,16,93.6,1,29,5,3,1
C-0487,Starter,Annual,36,187.09,13.6,1,70.0,5,52,2,3,1
C-0488,Starter,Annual,3,57.84,6.5,4,45.1,9,49,10,0,1
C-0489,Professional,Monthly,3,539.94,131.4,3,14.0,3,55,6,2,0
C-0490,Professional,Monthly,22,765.66,141.6,10,13.3,3,60,8,2,0
C-0491,Starter,Annual,32,159.08,52.0,2,78.4,0,82,5,1,0
C-0492,Starter,Annual,36,135.59,56.2,4,68.4,6,7,7,1,1
C-0493,Professional,Monthly,26,541.73,33.8,17,15.0,12,8,1,3,1
C-0494,Professional,Monthly,41,288.09,24.4,3,44.6,5,18,7,3,0
C-0495,Starter,Monthly,37,146.95,46.2,4,38.8,13,86,10,2,1
C-0496,Starter,Monthly,32,183.31,41.0,3,16.8,13,1,2,4,1
C-0497,Professional,Monthly,46,703.09,137.4,20,55.7,15,43,5,4,1
C-0498,Professional,Annual,37,759.2,44.3,11,71.5,11,41,2,4,0
C-0499,Enterprise,Monthly,15,1008.88,265.6,61,88.5,8,29,0,5,1
C-0500,Enterprise,Monthly,32,2723.54,119.8,92,75.8,7,29,2,4,0
C-0501,Starter,Monthly,28,192.3,55.1,3,84.6,1,37,7,3,1
C-0502,Professional,Annual,47,364.37,100.6,7,76.9,6,84,4,0,0
C-0503,Starter,Monthly,43,180.54,3.3,5,58.6,9,37,2,4,1
C-0504,Professional,Monthly,25,581.63,37.0,7,52.7,13,45,8,2,0
C-0505,Professional,Annual,12,370.51,97.0,3,39.1,11,60,9,4,0
C-0506,Starter,Annual,34,161.51,15.3,3,85.8,11,14,10,1,0
C-0507,Starter,Monthly,17,91.28,43.6,4,68.8,0,53,10,1,1
C-0508,Professional,Annual,40,589.08,51.0,17,55.9,8,41,9,0,0
C-0509,Starter,Annual,8,73.41,11.5,1,77.5,5,50,4,5,1
C-0510,Enterprise,Monthly,21,1875.32,242.0,80,52.9,6,59,10,3,1
C-0511,Starter,Annual,29,53.77,23.5,1,64.3,4,49,10,1,1
C-0512,Professional,Annual,46,594.06,119.2,9,21.1,10,57,2,0,0
C-0513,Professional,Monthly,17,643.23,25.2,19,62.8,7,56,9,4,1
C-0514,Professional,Monthly,42,314.49,96.6,16,81.0,6,49,9,0,0
C-0515,Starter,Monthly,7,179.95,48.8,5,67.3,11,57,9,1,1
C-0516,Starter,Monthly,39,52.68,26.3,3,18.9,10,21,7,2,1
C-0517,Enterprise,Annual,32,4822.52,140.3,52,72.4,6,26,1,5,0
C-0518,Enterprise,Monthly,43,1695.29,124.7,73,38.0,12,8,9,3,0
C-0519,Enterprise,Monthly,41,1012.47,78.1,12,78.2,1,21,7,4,0
C-0520,Professional,Annual,23,732.68,126.8,17,14.8,0,44,1,5,1
C-0521,Starter,Monthly,42,58.01,39.7,4,26.4,0,42,3,3,0
C-0522,Starter,Annual,11,159.53,29.1,5,87.1,5,90,7,2,0
C-0523,Enterprise,Annual,12,2459.93,178.9,88,50.4,6,11,1,5,0
C-0524,Starter,Monthly,14,130.86,9.8,1,47.8,14,77,3,5,1
C-0525,Enterprise,Monthly,42,3356.57,252.3,24,60.5,12,84,4,2,0
C-0526,Professional,Annual,42,430.62,102.3,9,57.0,0,73,2,3,1
C-0527,Professional,Annual,29,712.23,49.7,16,54.9,0,82,7,0,0
C-0528,Starter,Monthly,23,63.3,54.7,1,89.7,2,83,8,3,1
C-0529,Enterprise,Monthly,38,1242.74,119.5,57,45.2,2,79,6,3,0
C-0530,Professional,Annual,6,631.95,27.1,11,29.9,0,10,0,1,0
C-0531,Starter,Monthly,45,95.61,23.5,4,40.8,14,24,2,4,0
C-0532,Professional,Monthly,4,402.54,76.3,13,62.2,4,30,3,0,0
C-0533,Starter,Annual,45,77.87,20.0,4,64.1,13,12,6,2,1
C-0534,Enterprise,Monthly,1,2152.31,244.0,47,24.0,0,62,8,0,0
C-0535,Enterprise,Monthly,13,1062.12,193.9,93,42.1,11,7,7,0,0
C-0536,Starter,Monthly,26,140.59,14.8,4,14.9,1,34,1,0,1
C-0537,Enterprise,Annual,44,2770.98,202.2,96,27.2,9,52,7,0,0
C-0538,Professional,Annual,36,476.71,100.1,5,83.4,4,77,8,1,1
C-0539,Professional,Monthly,34,386.58,81.0,20,53.2,4,32,3,3,1
C-0540,Professional,Monthly,26,522.73,76.0,8,48.0,8,64,2,5,1
C-0541,Enterprise,Annual,37,3794.72,66.2,51,31.9,10,75,5,0,1
C-0542,Enterprise,Annual,14,2415.51,264.5,94,17.5,10,48,7,5,1
C-0543,Starter,Monthly,11,185.94,12.6,3,73.9,12,39,9,5,0
C-0544,Enterprise,Annual,42,1807.9,69.9,51,14.8,8,85,10,1,0
C-0545,Enterprise,Annual,24,4606.54,152.1,40,49.9,2,28,1,5,0
C-0546,Starter,Monthly,47,61.18,16.0,5,78.3,0,35,7,4,1
C-0547,Professional,Monthly,39,357.03,120.1,20,15.5,3,77,3,4,1
C-0548,Starter,Annual,6,199.95,42.8,1,62.9,5,55,8,4,1
C-0549,Professional,Annual,28,774.33,26.5,16,80.3,2,37,4,0,0
C-0550,Professional,Annual,25,257.61,82.0,17,68.2,8,20,0,3,0
C-0551,Professional,Annual,2,405.37,87.5,14,57.1,8,86,0,2,0
C-0552,Professional,Annual,38,784.98,61.9,18,25.0,0,4,3,0,1
C-0553,Starter,Annual,34,179.73,7.4,3,60.1,13,22,2,5,1
C-0554,Starter,Annual,27,89.6,57.7,5,33.0,11,64,3,1,0
C-0555,Starter,Annual,6,51.5,51.9,4,29.8,8,79,2,1,1
C-0556,Enterprise,Annual,31,1030.43,131.8,49,82.3,5,54,8,1,1
C-0557,Professional,Monthly,24,358.35,110.2,11,55.7,5,11,3,4,0
C-0558,Starter,Monthly,22,121.59,36.9,1,67.1,11,13,3,4,1
C-0559,Enterprise,Annual,16,1459.8,283.8,70,40.7,6,78,7,1,1
C-0560,Starter,Monthly,21,72.45,58.9,2,22.5,7,32,2,0,1
C-0561,Professional,Annual,31,674.96,135.2,13,90.2,5,70,0,3,1
C-0562,Starter,Monthly,27,156.42,51.7,3,75.6,1,39,8,1,0
C-0563,Starter,Monthly,44,131.16,32.1,2,41.1,11,66,7,5,1
C-0564,Starter,Annual,29,53.49,26.8,2,63.6,11,64,7,5,1
C-0565,Starter,Monthly,23,130.77,49.9,2,45.5,6,90,10,0,0
C-0566,Enterprise,Monthly,2,1066.77,142.5,27,64.1,14,3,3,2,0
C-0567,Enterprise,Annual,29,2802.56,134.4,58,82.4,13,27,7,0,0
C-0568,Professional,Annual,35,483.52,88.3,13,31.1,5,69,9,4,0
C-0569,Starter,Monthly,10,148.21,47.0,5,43.2,10,57,5,1,0
C-0570,Professional,Annual,18,683.86,63.2,8,63.2,12,19,2,1,1
C-0571,Enterprise,Annual,18,4040.76,257.8,96,32.9,4,75,9,5,0
C-0572,Starter,Monthly,29,61.28,41.3,4,13.8,13,72,9,5,1
C-0573,Professional,Monthly,3,770.7,105.5,19,27.0,4,78,2,0,1
C-0574,Enterprise,Monthly,47,2386.39,126.5,33,51.2,11,89,7,0,0
C-0575,Starter,Annual,41,51.87,23.8,3,65.4,13,22,5,5,1
C-0576,Professional,Annual,5,284.1,61.5,20,54.9,0,86,8,4,0
C-0577,Professional,Monthly,2,515.17,31.9,3,49.1,9,76,2,1,0
C-0578,Starter,Annual,27,126.7,31.4,3,93.4,9,33,4,1,0
C-0579,Professional,Annual,13,304.27,131.7,18,94.5,13,27,8,1,0
C-0580,Starter,Annual,44,188.34,5.2,3,29.8,9,89,3,0,1
C-0581,Enterprise,Annual,32,2183.69,242.8,75,70.9,8,22,1,4,1
C-0582,Enterprise,Monthly,34,4362.56,168.1,69,24.1,2,88,3,0,1
C-0583,Enterprise,Monthly,45,2651.21,146.9,37,14.9,6,13,2,0,1
C-0584,Starter,Annual,2,96.26,42.8,2,52.0,10,67,8,4,1
C-0585,Starter,Monthly,11,53.63,14.7,3,19.9,11,16,7,1,0
C-0586,Starter,Annual,7,51.45,22.0,1,89.4,0,8,7,4,0
C-0587,Starter,Monthly,15,109.54,39.0,2,26.6,0,9,3,5,1
C-0588,Starter,Monthly,37,147.9,34.5,1,80.8,9,0,1,2,1
C-0589,Starter,Annual,16,172.39,4.1,4,52.1,15,20,0,5,0
C-0590,Starter,Annual,37,193.39,2.4,2,68.6,11,29,3,1,1
C-0591,Starter,Monthly,12,113.18,20.9,1,13.0,8,48,1,3,1
C-0592,Enterprise,Monthly,5,4202.57,286.9,22,27.6,4,3,9,3,1
C-0593,Starter,Annual,38,175.24,50.0,2,34.9,0,61,4,0,0
C-0594,Starter,Annual,44,112.94,21.6,2,57.9,7,49,3,5,0
C-0595,Enterprise,Monthly,18,1642.57,201.3,85,37.2,0,89,0,0,0
C-0596,Starter,Monthly,44,106.58,22.9,1,70.6,13,66,3,5,1
C-0597,Starter,Monthly,2,83.77,16.8,3,83.7,11,65,10,5,1
C-0598,Starter,Annual,19,146.42,5.4,5,19.0,0,17,3,1,1
C-0599,Starter,Monthly,39,128.35,56.0,1,44.5,0,76,1,3,0
C-0600,Starter,Annual,8,187.87,45.1,2,43.1,14,60,10,2,0
C-0601,Starter,Monthly,26,147.13,40.4,5,63.3,9,25,9,5,1
C-0602,Professional,Annual,41,534.86,118.6,18,76.7,5,1,2,0,0
C-0603,Enterprise,Annual,32,1137.4,57.5,39,42.6,10,29,4,3,1
C-0604,Starter,Monthly,10,158.39,43.2,4,19.8,14,37,5,1,1
C-0605,Starter,Annual,23,52.3,34.5,1,14.2,0,54,9,2,1
C-0606,Starter,Monthly,17,70.28,28.0,2,60.4,6,52,10,0,1
C-0607,Enterprise,Monthly,34,4749.73,115.3,17,64.8,3,33,6,5,1
C-0608,Starter,Annual,27,50.9,19.1,4,15.0,13,1,2,1,1
C-0609,Starter,Annual,13,149.11,6.7,3,73.2,14,53,2,1,1
C-0610,Enterprise,Monthly,5,2865.5,116.5,14,18.2,7,57,9,0,1
C-0611,Professional,Annual,36,268.17,44.4,9,28.0,12,79,10,0,1
C-0612,Enterprise,Annual,35,1487.26,196.3,93,66.2,11,55,1,1,0
C-0613,Enterprise,Annual,19,2423.15,230.2,71,42.0,14,71,5,3,1
C-0614,Enterprise,Annual,23,1043.47,220.1,93,83.7,9,31,9,4,0
C-0615,Starter,Annual,38,136.84,11.9,4,20.2,4,66,5,5,1
C-0616,Enterprise,Monthly,34,3639.97,88.3,97,38.4,0,31,2,5,0
C-0617,Professional,Monthly,37,270.69,119.1,6,83.2,1,44,2,4,0
C-0618,Enterprise,Annual,3,4370.84,134.7,11,92.5,15,28,0,5,0
C-0619,Starter,Monthly,36,185.19,18.8,1,72.7,15,59,6,4,1
C-0620,Professional,Monthly,42,273.81,22.3,3,81.8,3,74,7,0,0
C-0621,Enterprise,Monthly,20,2263.07,226.7,13,82.2,3,39,3,4,1
C-0622,Professional,Monthly,42,383.11,35.1,13,73.3,11,52,7,3,0
C-0623,Professional,Monthly,11,537.92,43.4,16,29.3,15,27,2,2,0
C-0624,Professional,Monthly,44,717.03,100.1,4,37.7,12,41,10,0,0
C-0625,Starter,Annual,20,78.68,53.8,4,54.1,7,19,9,4,0
C-0626,Enterprise,Monthly,42,3458.87,157.9,55,78.9,2,74,1,3,0
C-0627,Starter,Monthly,16,114.16,15.9,3,72.0,6,59,3,4,1
C-0628,Starter,Monthly,17,78.92,6.4,3,83.1,15,15,6,5,1
C-0629,Professional,Monthly,48,799.28,80.0,8,12.1,6,32,7,4,1
C-0630,Enterprise,Monthly,23,2110.55,120.1,51,89.2,13,39,7,1,1
C-0631,Starter,Monthly,35,99.02,12.2,4,29.7,0,1,8,5,1
C-0632,Professional,Monthly,13,227.21,58.8,14,50.3,3,51,5,3,1
C-0633,Professional,Monthly,44,675.32,54.4,5,53.2,1,85,2,2,1
C-0634,Professional,Annual,36,516.12,42.2,5,49.7,8,88,6,0,0
C-0635,Enterprise,Monthly,28,4304.89,69.5,82,26.6,2,66,1,1,1
C-0636,Starter,Monthly,48,80.21,45.2,1,36.0,0,83,3,0,0
C-0637,Professional,Annual,15,366.31,34.6,5,44.2,15,52,4,4,1
C-0638,Professional,Annual,27,532.99,32.4,10,88.7,15,83,2,5,1
C-0639,Professional,Annual,36,261.96,29.8,14,86.3,5,46,8,4,1
C-0640,Enterprise,Monthly,26,2844.07,152.0,93,30.3,9,9,7,4,0
C-0641,Starter,Monthly,20,139.68,2.8,2,45.2,8,67,8,0,1
C-0642,Professional,Monthly,6,450.47,89.8,8,55.1,7,56,9,5,1
C-0643,Professional,Monthly,41,540.39,142.4,4,76.1,4,23,7,5,0
C-0644,Starter,Monthly,23,87.49,20.4,4,60.2,4,31,2,0,1
C-0645,Professional,Annual,27,259.48,108.3,13,46.7,5,29,0,5,0
C-0646,Professional,Monthly,37,367.66,83.9,5,33.5,2,19,8,0,0
C-0647,Professional,Annual,11,222.29,93.0,16,20.9,14,39,8,2,1
C-0648,Starter,Monthly,42,196.27,26.7,1,50.8,7,16,7,3,0
C-0649,Starter,Monthly,13,141.68,39.7,3,64.5,7,52,8,4,0
C-0650,Starter,Monthly,31,93.77,42.5,5,56.6,7,53,6,5,1
C-0651,Starter,Annual,24,112.47,7.0,5,33.2,7,43,7,3,1
C-0652,Professional,Monthly,37,282.86,99.2,13,52.9,13,9,8,5,0
C-0653,Professional,Annual,29,374.98,90.4,8,26.2,12,4,4,1,1
C-0654,Starter,Monthly,25,124.48,5.6,1,93.8,5,79,5,4,1
C-0655,Enterprise,Annual,7,3837.79,290.6,66,71.3,6,20,9,2,1
C-0656,Enterprise,Monthly,47,4819.04,126.0,72,31.7,5,55,9,4,0
C-0657,Professional,Monthly,21,715.15,22.0,16,76.0,3,78,9,3,0
C-0658,Starter,Monthly,47,161.94,14.0,2,67.7,7,16,9,2,1
C-0659,Professional,Annual,38,374.56,66.7,4,15.6,12,47,7,2,1
C-0660,Professional,Monthly,14,580.76,92.2,3,68.3,15,85,0,2,1
C-0661,Enterprise,Monthly,21,2811.15,180.8,90,74.9,9,14,0,4,1
C-0662,Enterprise,Annual,25,4277.8,152.0,96,83.2,10,24,1,3,1
C-0663,Starter,Annual,19,93.78,23.7,5,49.4,2,65,1,2,1
C-0664,Enterprise,Annual,25,4440.6,293.8,52,48.9,11,33,6,0,0
C-0665,Starter,Annual,12,112.69,23.6,2,84.0,5,80,4,4,0
C-0666,Enterprise,Annual,25,3848.93,186.7,97,19.8,14,40,8,4,1
C-0667,Starter,Annual,13,112.86,14.9,3,54.7,8,42,1,1,0
C-0668,Starter,Annual,16,179.99,37.5,2,23.4,6,2,9,5,0
C-0669,Starter,Annual,5,152.98,6.9,2,33.3,10,42,7,4,1
C-0670,Starter,Monthly,12,101.4,24.5,5,51.2,7,7,6,5,1
C-0671,Professional,Monthly,34,785.12,77.5,5,65.0,11,13,0,2,1
C-0672,Starter,Monthly,25,199.52,37.2,5,65.8,6,16,2,2,0
C-0673,Starter,Monthly,6,138.4,29.4,3,76.3,3,16,0,4,1
C-0674,Starter,Monthly,11,130.71,38.2,3,86.7,6,71,8,1,1
C-0675,Professional,Monthly,18,773.58,50.6,15,42.9,8,69,8,3,0
C-0676,Professional,Annual,39,722.97,87.5,18,54.0,7,72,1,2,1
C-0677,Professional,Monthly,3,647.53,136.9,12,61.8,9,37,4,3,1
C-0678,Professional,Monthly,24,380.09,64.7,7,50.8,13,8,0,4,1
C-0679,Professional,Annual,36,485.15,137.6,17,37.0,2,78,3,4,1
C-0680,Starter,Annual,16,117.33,11.8,5,90.0,0,29,5,3,1
C-0681,Professional,Annual,44,742.44,92.8,14,55.5,15,58,0,5,1
C-0682,Starter,Monthly,42,150.85,14.5,5,63.4,10,50,7,4,0
C-0683,Enterprise,Monthly,20,4047.43,252.5,41,17.8,15,61,1,4,1
C-0684,Professional,Annual,48,659.14,88.6,5,44.3,7,28,8,3,1
C-0685,Professional,Monthly,13,285.45,123.9,7,35.8,13,38,0,4,1
C-0686,Starter,Annual,18,135.05,28.2,3,29.1,9,34,3,2,0
C-0687,Professional,Monthly,9,265.36,80.5,8,14.1,1,9,2,4,0
C-0688,Enterprise,Annual,11,3037.07,279.3,96,60.1,0,45,3,3,1
C-0689,Starter,Monthly,34,113.95,26.3,1,13.3,2,76,2,1,1
C-0690,Enterprise,Monthly,20,861.24,118.1,25,88.9,14,41,8,5,1
C-0691,Enterprise,Monthly,34,2552.42,261.4,93,78.9,15,57,9,5,0
C-0692,Enterprise,Monthly,22,2630.74,260.4,49,86.9,0,11,8,2,0
C-0693,Starter,Monthly,25,62.6,52.4,2,85.2,11,6,6,2,1
C-0694,Starter,Monthly,5,145.45,56.4,4,85.5,5,81,6,2,0
C-0695,Starter,Annual,28,105.42,53.8,3,33.9,2,16,10,0,0
C-0696,Enterprise,Monthly,27,2710.84,93.4,43,35.7,1,9,9,4,0
C-0697,Professional,Monthly,39,268.71,59.0,9,80.3,6,43,10,2,0
C-0698,Starter,Annual,28,68.81,59.2,4,78.5,0,63,8,0,0
C-0699,Starter,Annual,33,92.56,43.3,3,82.0,7,32,0,3,0
C-0700,Professional,Monthly,48,390.38,68.7,20,85.2,4,85,4,0,0
C-0701,Professional,Monthly,18,450.6,65.7,7,15.1,0,84,10,5,1
C-0702,Starter,Annual,47,102.32,36.3,2,64.3,4,42,3,0,1
C-0703,Starter,Monthly,20,84.19,46.3,3,33.1,4,70,0,5,1
C-0704,Professional,Monthly,11,667.78,115.1,9,19.1,11,6,7,4,1
C-0705,Starter,Annual,44,78.34,3.6,1,30.4,8,81,10,1,0
C-0706,Professional,Monthly,25,285.31,136.2,14,75.4,11,90,5,5,0
C-0707,Enterprise,Annual,20,3349.4,142.9,54,72.3,14,69,3,1,0
C-0708,Professional,Annual,14,242.98,95.2,14,16.8,11,56,8,3,1
C-0709,Starter,Annual,1,151.83,34.8,4,25.3,7,77,7,4,1
C-0710,Professional,Monthly,39,537.47,125.8,19,34.9,0,57,4,2,0
C-0711,Starter,Monthly,48,106.58,29.1,2,87.5,14,12,8,5,0
C-0712,Starter,Monthly,22,58.02,35.6,1,66.5,1,62,5,5,0
C-0713,Starter,Monthly,38,186.68,53.4,3,27.7,0,80,6,2,0
C-0714,Starter,Annual,13,142.08,4.4,3,63.5,8,34,0,5,1
C-0715,Professional,Annual,6,745.36,104.9,3,20.3,5,7,3,3,0
C-0716,Starter,Annual,42,60.8,24.9,3,88.9,13,10,10,3,0
C-0717,Professional,Monthly,2,493.23,94.5,14,25.6,10,53,5,1,0
C-0718,Professional,Monthly,7,772.22,137.1,9,11.0,0,9,6,0,0
C-0719,Professional,Monthly,22,295.0,93.9,4,15.1,15,37,1,5,1
C-0720,Starter,Annual,14,192.41,33.9,1,78.2,4,71,10,1,1
C-0721,Professional,Monthly,20,429.19,116.1,11,50.3,1,48,0,3,1
C-0722,Professional,Annual,32,744.73,88.7,8,16.2,3,69,1,0,1
C-0723,Starter,Annual,33,149.11,29.3,5,71.2,3,83,1,3,1
C-0724,Starter,Monthly,30,145.66,41.3,3,55.8,11,58,5,3,1
C-0725,Enterprise,Annual,15,2473.55,165.3,50,63.8,8,62,9,0,0
C-0726,Starter,Annual,40,157.42,35.9,2,73.1,15,67,4,4,0
C-0727,Professional,Monthly,3,522.83,57.6,9,26.5,6,3,4,4,0
C-0728,Starter,Annual,3,50.32,10.9,4,39.7,8,57,5,1,1
C-0729,Enterprise,Monthly,19,4117.59,72.3,64,27.9,4,43,1,0,1
C-0730,Enterprise,Annual,41,1649.75,98.1,54,53.1,2,60,2,3,0
C-0731,Professional,Annual,35,660.0,26.9,11,57.0,0,68,8,5,0
C-0732,Professional,Monthly,24,501.27,59.3,10,15.1,10,87,7,3,1
C-0733,Starter,Monthly,45,110.7,8.1,5,55.1,3,84,7,3,0
C-0734,Enterprise,Annual,9,1158.04,88.1,63,51.1,14,14,1,0,0
C-0735,Starter,Monthly,27,128.9,27.1,4,94.3,9,12,4,3,0
C-0736,Starter,Annual,20,114.16,35.0,2,64.0,9,23,5,1,1
C-0737,Professional,Monthly,38,700.76,103.2,18,71.0,7,87,9,2,1
C-0738,Professional,Monthly,15,635.09,146.6,10,65.8,0,12,4,5,0
C-0739,Enterprise,Monthly,42,4858.24,219.7,92,78.9,11,82,1,4,1
C-0740,Starter,Annual,48,83.38,15.0,3,51.5,15,19,5,5,0
C-0741,Starter,Monthly,41,194.68,37.3,3,68.4,7,29,8,2,1
C-0742,Starter,Annual,44,172.45,41.6,1,46.9,2,41,6,3,1
C-0743,Enterprise,Annual,2,4875.6,193.9,17,39.9,2,81,8,1,1
C-0744,Starter,Annual,14,111.11,20.7,5,15.2,15,56,9,5,0
C-0745,Enterprise,Monthly,32,1408.89,275.5,43,18.0,13,59,6,1,1
C-0746,Professional,Annual,16,212.35,72.9,18,35.6,6,17,6,4,1
C-0747,Starter,Monthly,39,157.88,39.0,5,82.1,3,53,10,1,0
C-0748,Professional,Annual,23,358.89,122.7,15,21.9,15,26,3,0,0
C-0749,Starter,Monthly,9,150.56,57.2,5,87.5,12,51,3,2,1
C-0750,Enterprise,Annual,48,1859.7,280.0,69,46.2,5,16,4,3,0
C-0751,Professional,Annual,8,447.33,43.1,18,41.5,14,13,3,2,0
C-0752,Starter,Annual,21,89.08,28.3,3,10.6,0,45,7,2,0
C-0753,Professional,Annual,32,449.59,60.6,17,54.0,3,28,8,5,0
C-0754,Starter,Monthly,32,130.37,15.6,3,61.6,5,81,2,2,1
C-0755,Starter,Annual,35,130.51,24.4,1,66.4,11,31,4,0,1
C-0756,Professional,Monthly,27,263.98,54.1,6,64.8,3,4,10,0,0
C-0757,Enterprise,Annual,37,3491.69,220.1,20,63.5,7,40,8,2,1
C-0758,Enterprise,Annual,44,1216.02,164.7,19,21.5,14,62,1,2,1
C-0759,Professional,Monthly,39,202.7,96.8,17,34.0,15,72,4,0,0
C-0760,Starter,Monthly,35,139.27,11.3,5,64.0,12,33,1,4,1
C-0761,Starter,Annual,19,54.94,42.3,2,49.5,8,41,2,3,1
C-0762,Professional,Annual,34,208.55,41.9,20,84.7,10,53,2,3,1
C-0763,Starter,Monthly,38,131.56,40.8,1,83.4,0,0,3,0,1
C-0764,Enterprise,Monthly,10,3093.85,149.3,77,72.6,5,83,10,1,1
C-0765,Enterprise,Monthly,30,1096.19,296.3,79,15.3,13,73,2,1,1
C-0766,Professional,Monthly,42,434.95,34.7,11,15.9,2,74,8,0,1
C-0767,Enterprise,Annual,9,2708.24,83.5,94,24.2,9,19,10,4,0
C-0768,Starter,Annual,16,95.95,11.7,4,27.0,15,82,10,2,1
C-0769,Starter,Monthly,40,71.12,46.9,2,89.9,11,46,8,4,1
C-0770,Enterprise,Monthly,33,3527.73,115.6,93,28.3,3,55,1,5,1
C-0771,Starter,Annual,36,123.24,14.1,2,59.9,2,34,9,4,0
C-0772,Starter,Annual,44,178.74,56.2,3,15.5,14,72,5,5,1
C-0773,Professional,Monthly,39,668.45,86.0,6,33.4,8,69,1,0,0
C-0774,Professional,Monthly,41,297.04,56.3,19,35.6,15,34,9,2,1
C-0775,Starter,Annual,27,77.58,54.9,5,92.5,11,69,0,3,0
C-0776,Enterprise,Annual,36,3478.49,55.6,68,78.2,2,72,7,2,0
C-0777,Enterprise,Annual,21,2674.73,221.4,94,87.1,4,42,5,5,0
C-0778,Enterprise,Monthly,2,3749.25,186.8,64,79.5,0,0,1,2,0
C-0779,Professional,Monthly,14,428.11,39.8,8,34.9,9,61,10,0,1
C-0780,Enterprise,Monthly,37,3709.0,148.3,93,48.1,4,39,4,3,1
C-0781,Enterprise,Annual,31,3694.2,274.4,46,55.3,15,36,7,3,1
C-0782,Enterprise,Monthly,44,3031.99,133.3,26,66.9,0,79,1,5,1
C-0783,Professional,Annual,16,360.22,79.8,5,52.9,8,17,0,5,1
C-0784,Starter,Monthly,37,121.51,22.0,2,28.3,13,71,10,1,0
C-0785,Enterprise,Monthly,29,2311.66,139.3,27,38.2,13,71,5,3,0
C-0786,Starter,Annual,28,164.33,17.5,5,50.5,5,84,6,2,0
C-0787,Professional,Monthly,3,230.76,42.8,14,32.2,8,43,3,1,1
C-0788,Professional,Monthly,38,359.3,101.5,19,34.3,14,0,4,0,0
C-0789,Starter,Monthly,43,161.78,14.3,2,51.0,13,77,5,5,1
C-0790,Starter,Monthly,26,147.25,13.5,4,82.7,11,83,9,2,1
C-0791,Starter,Monthly,34,190.88,40.6,2,85.2,4,36,1,4,0
C-0792,Professional,Annual,30,631.28,30.5,3,83.2,12,56,7,2,0
C-0793,Starter,Monthly,17,131.83,58.4,5,54.2,4,56,1,2,1
C-0794,Professional,Annual,31,351.74,98.6,12,75.9,12,89,8,4,0
C-0795,Professional,Monthly,26,579.11,31.8,19,66.6,14,49,4,5,1
C-0796,Professional,Monthly,13,248.78,100.4,13,23.8,2,88,7,4,0
C-0797,Professional,Monthly,21,316.23,28.4,16,11.7,10,89,7,2,1
C-0798,Enterprise,Annual,35,3960.5,125.5,53,62.8,14,54,9,2,0
C-0799,Enterprise,Monthly,11,2546.19,72.6,14,52.2,7,57,3,0,0
C-0800,Professional,Monthly,38,751.25,34.2,10,75.0,8,41,9,5,1
C-0801,Starter,Monthly,34,58.37,45.5,3,39.5,15,9,1,3,0
C-0802,Enterprise,Monthly,14,2198.36,277.6,46,60.7,13,25,2,3,0
C-0803,Starter,Monthly,17,145.09,57.5,2,54.6,2,5,6,0,0
C-0804,Enterprise,Monthly,19,1949.94,101.9,97,45.3,5,83,6,1,1
C-0805,Starter,Monthly,46,110.52,12.4,5,66.4,15,4,2,2,1
C-0806,Starter,Annual,6,90.35,39.1,2,90.5,3,60,2,5,1
C-0807,Starter,Monthly,3,89.49,45.2,3,55.6,5,49,0,5,0
C-0808,Starter,Annual,16,100.07,40.0,2,84.6,8,4,5,5,0
C-0809,Enterprise,Annual,3,4008.14,273.7,24,94.4,0,0,4,2,0
C-0810,Enterprise,Monthly,24,4351.7,91.3,44,14.4,15,4,5,3,1
C-0811,Enterprise,Annual,15,1719.52,141.5,55,44.2,11,75,8,0,0
C-0812,Starter,Monthly,14,141.88,47.1,3,55.0,12,74,8,0,1
C-0813,Starter,Monthly,46,193.85,49.9,2,87.1,0,58,9,5,0
C-0814,Professional,Monthly,37,604.28,21.3,11,48.8,11,3,1,3,0
C-0815,Starter,Monthly,26,102.05,20.7,5,75.1,1,82,6,2,0
C-0816,Starter,Annual,48,156.76,9.7,2,24.4,5,5,4,1,1
C-0817,Starter,Annual,37,65.76,4.2,4,82.5,15,12,3,3,0
C-0818,Starter,Monthly,43,169.55,7.3,3,93.5,4,6,2,4,1
C-0819,Starter,Monthly,11,133.07,41.4,1,32.9,4,81,4,2,1
C-0820,Starter,Annual,10,75.62,15.9,2,29.7,4,89,0,0,1
C-0821,Starter,Monthly,39,75.69,40.2,2,32.5,7,42,0,5,1
C-0822,Professional,Monthly,15,401.39,118.7,13,92.7,3,81,7,3,1
C-0823,Starter,Annual,34,91.22,44.6,4,34.3,14,58,9,2,1
C-0824,Starter,Monthly,36,78.38,39.2,1,60.8,12,31,3,3,1
C-0825,Professional,Monthly,8,632.79,63.5,18,81.4,5,53,1,3,0
C-0826,Enterprise,Monthly,12,3268.34,122.9,86,66.8,15,90,7,3,1
C-0827,Professional,Monthly,20,316.55,85.3,5,33.7,5,76,2,1,1
C-0828,Starter,Monthly,15,79.52,43.8,1,26.7,10,22,2,1,1
C-0829,Enterprise,Monthly,32,3662.86,242.9,100,34.8,1,87,1,2,1
C-0830,Starter,Monthly,11,77.83,59.3,3,78.9,12,56,10,0,1
C-0831,Enterprise,Annual,37,3766.18,276.3,99,64.7,1,35,6,1,0
C-0832,Professional,Monthly,42,772.67,56.2,14,88.5,10,70,3,1,0
C-0833,Professional,Annual,38,419.13,101.1,3,38.9,1,74,10,5,1
C-0834,Professional,Monthly,23,235.52,110.9,8,39.4,15,16,3,1,0
C-0835,Professional,Monthly,31,202.69,74.8,5,57.4,9,64,4,3,0
C-0836,Starter,Annual,23,75.23,37.9,3,56.6,11,82,6,2,1
C-0837,Professional,Monthly,9,598.74,38.1,3,73.4,10,16,10,5,1
C-0838,Enterprise,Annual,17,4547.7,75.8,24,73.4,1,47,5,5,1
C-0839,Professional,Annual,10,453.69,73.1,16,86.2,0,82,9,2,0
C-0840,Professional,Annual,20,490.32,52.3,16,79.8,5,36,5,1,0
C-0841,Starter,Monthly,18,177.55,44.5,2,93.2,2,37,3,2,0
C-0842,Professional,Annual,14,487.07,64.9,11,26.2,3,5,9,0,0
C-0843,Enterprise,Monthly,16,3532.29,57.5,56,30.5,2,23,2,2,1
C-0844,Enterprise,Monthly,38,2665.71,159.5,69,15.2,14,83,10,5,1
C-0845,Starter,Monthly,41,190.47,15.5,4,93.5,0,58,8,0,0
C-0846,Professional,Annual,7,281.12,149.9,12,54.5,0,47,6,4,0
C-0847,Enterprise,Monthly,48,2938.92,126.8,85,65.5,0,35,4,4,1
C-0848,Starter,Annual,47,59.26,11.8,2,68.5,9,72,2,0,1
C-0849,Professional,Monthly,27,373.5,135.5,5,21.1,1,58,0,5,0
C-0850,Professional,Monthly,2,680.43,68.2,3,28.4,11,66,8,3,1
C-0851,Starter,Monthly,28,116.73,49.0,1,32.7,8,66,3,2,0
C-0852,Starter,Monthly,23,68.07,43.7,4,50.3,4,8,5,1,0
C-0853,Starter,Annual,8,67.62,54.6,4,24.8,15,12,4,1,0
C-0854,Professional,Monthly,3,435.73,104.1,16,91.9,0,80,4,5,0
C-0855,Starter,Monthly,14,68.22,42.5,4,27.0,2,23,2,0,1
C-0856,Starter,Monthly,42,198.27,20.6,2,35.6,0,70,8,3,0
C-0857,Starter,Annual,44,138.95,20.4,2,79.1,13,4,1,5,1
C-0858,Enterprise,Annual,40,3215.39,245.5,85,93.6,8,7,0,4,0
C-0859,Professional,Monthly,47,716.86,78.7,6,94.5,4,84,10,1,0
C-0860,Professional,Annual,47,246.12,112.3,11,62.9,11,33,10,1,1
C-0861,Starter,Monthly,26,113.96,39.4,4,30.6,13,80,9,3,0
C-0862,Enterprise,Monthly,6,957.61,67.5,31,58.1,4,89,7,1,0
C-0863,Starter,Annual,32,120.61,37.8,2,66.4,14,58,8,0,1
C-0864,Starter,Annual,9,87.72,5.1,5,77.4,11,10,3,1,0
C-0865,Starter,Monthly,37,76.76,34.6,2,77.3,12,10,6,5,1
C-0866,Starter,Annual,10,138.44,58.1,1,67.7,12,82,6,0,0
C-0867,Professional,Annual,38,453.96,34.3,5,82.3,0,70,4,0,0
C-0868,Professional,Annual,12,594.97,107.3,18,43.2,15,27,6,0,0
C-0869,Professional,Annual,14,331.13,95.8,14,13.7,12,89,6,5,0
C-0870,Professional,Annual,22,412.53,88.4,3,65.1,10,6,10,4,1
C-0871,Starter,Monthly,40,78.02,4.8,5,74.7,1,44,5,3,0
C-0872,Starter,Monthly,37,162.32,46.9,2,32.2,13,8,6,0,1
C-0873,Professional,Annual,38,566.01,25.5,15,17.8,3,80,8,0,0
C-0874,Enterprise,Annual,35,1684.08,173.3,43,61.8,7,17,1,3,0
C-0875,Professional,Annual,6,784.45,119.7,16,47.3,11,2,10,0,0
C-0876,Enterprise,Monthly,13,3898.8,76.3,67,40.1,4,22,9,2,1
C-0877,Professional,Annual,26,221.47,45.7,4,28.1,15,37,8,3,1
C-0878,Starter,Monthly,24,178.01,46.8,3,90.1,10,31,4,5,1
C-0879,Enterprise,Monthly,39,4723.15,174.1,76,18.9,1,58,8,0,0
C-0880,Professional,Monthly,35,253.4,20.3,3,31.2,4,0,8,1,0
C-0881,Starter,Monthly,26,51.44,41.8,1,59.0,11,62,8,4,0
C-0882,Starter,Annual,26,62.66,3.1,4,32.2,8,76,0,2,1
C-0883,Professional,Annual,46,735.14,71.8,5,46.9,4,16,2,3,0
C-0884,Enterprise,Monthly,7,878.35,117.1,92,77.3,1,21,6,0,0
C-0885,Starter,Annual,27,103.36,21.2,2,86.7,10,49,8,4,0
C-0886,Enterprise,Annual,40,3219.75,104.3,34,66.8,14,35,5,1,0
C-0887,Enterprise,Monthly,12,1779.77,123.5,66,44.9,9,38,4,1,0
C-0888,Enterprise,Annual,29,4596.79,144.4,92,64.9,1,65,5,3,1
C-0889,Enterprise,Monthly,20,2659.71,238.4,23,54.9,6,83,4,1,0
C-0890,Starter,Monthly,38,74.89,30.3,3,23.4,6,37,6,5,0
C-0891,Starter,Monthly,11,66.7,49.2,4,44.3,0,66,9,3,1
C-0892,Starter,Annual,28,181.06,31.3,5,47.9,5,90,4,1,0
C-0893,Enterprise,Monthly,9,3972.94,104.6,52,31.3,1,80,10,2,0
C-0894,Professional,Monthly,15,728.76,91.6,9,54.8,6,32,6,3,0
C-0895,Starter,Monthly,17,94.13,32.8,1,21.7,12,42,3,1,1
C-0896,Professional,Monthly,5,406.73,141.6,3,50.7,14,76,1,4,1
C-0897,Starter,Monthly,32,127.46,56.7,1,40.5,7,30,4,2,1
C-0898,Professional,Monthly,42,646.32,65.1,5,53.2,6,63,8,4,1
C-0899,Professional,Annual,46,384.54,134.9,3,48.9,9,28,8,1,1
C-0900,Starter,Monthly,44,58.94,43.2,1,47.7,13,57,7,2,1
C-0901,Starter,Monthly,48,97.8,48.1,4,70.6,7,50,7,1,1
C-0902,Starter,Monthly,17,120.76,6.9,3,75.0,2,55,3,1,1
C-0903,Professional,Annual,42,365.15,134.5,8,91.7,8,83,3,3,1
C-0904,Starter,Monthly,11,154.31,41.5,4,50.3,1,49,1,2,0
C-0905,Starter,Monthly,43,88.24,7.0,4,36.1,1,7,9,1,1
C-0906,Professional,Annual,44,398.03,98.1,16,80.5,14,66,3,5,0
C-0907,Professional,Monthly,25,397.09,20.0,10,35.3,15,15,4,2,1
C-0908,Starter,Monthly,1,166.93,32.8,2,45.5,11,82,6,2,1
C-0909,Starter,Annual,31,104.29,12.4,3,74.7,10,86,4,0,1
C-0910,Starter,Annual,33,163.4,58.3,2,61.4,11,79,5,2,1
C-0911,Professional,Annual,11,308.72,26.4,11,47.2,10,32,4,3,0
C-0912,Starter,Annual,45,80.13,40.4,1,15.8,14,49,9,1,0
C-0913,Starter,Annual,33,131.03,54.5,2,83.6,14,8,5,5,0
C-0914,Starter,Annual,18,83.71,9.6,5,62.7,14,30,8,2,1
C-0915,Enterprise,Monthly,18,1054.89,203.8,43,79.7,0,38,6,4,0
C-0916,Professional,Annual,40,626.75,92.5,4,55.8,14,51,3,2,0
C-0917,Starter,Monthly,29,170.78,8.0,3,47.9,14,24,7,4,1
C-0918,Enterprise,Monthly,26,1458.81,235.1,37,42.1,15,10,3,5,0
C-0919,Professional,Monthly,2,619.22,147.6,5,58.4,3,50,6,3,0
C-0920,Professional,Monthly,20,648.04,105.9,20,54.4,13,61,6,1,0
C-0921,Starter,Monthly,20,119.67,58.5,2,20.7,15,51,10,4,1
C-0922,Starter,Annual,7,108.86,27.7,3,54.1,11,58,9,1,1
C-0923,Professional,Annual,13,773.96,149.6,19,14.7,0,79,3,2,0
C-0924,Starter,Monthly,17,101.17,9.5,3,50.7,3,8,5,2,1
C-0925,Starter,Monthly,5,133.61,49.9,3,17.2,2,77,0,3,1
C-0926,Professional,Monthly,28,785.09,98.7,6,27.8,12,38,5,1,1
C-0927,Starter,Annual,11,102.32,59.3,2,91.7,7,31,2,5,1
C-0928,Starter,Monthly,20,154.72,28.2,5,15.9,11,73,7,3,1
C-0929,Starter,Annual,1,104.06,32.9,2,41.4,6,23,0,0,0
C-0930,Enterprise,Monthly,20,2357.76,251.2,34,76.8,15,78,8,4,0
C-0931,Enterprise,Monthly,33,2621.04,154.8,48,93.6,9,39,9,4,0
C-0932,Starter,Monthly,13,162.74,47.5,4,74.7,4,81,0,3,0
C-0933,Enterprise,Monthly,38,2037.01,204.0,27,74.3,2,78,2,2,1
C-0934,Enterprise,Annual,41,2233.03,157.7,94,51.1,5,7,9,4,0
C-0935,Professional,Monthly,8,256.64,141.0,9,53.5,6,75,9,0,1
C-0936,Enterprise,Annual,44,4901.27,205.4,48,51.7,13,10,6,4,0
C-0937,Starter,Annual,25,126.93,57.1,1,36.4,0,0,5,5,0
C-0938,Starter,Monthly,2,61.89,42.6,2,20.1,8,27,3,3,1
C-0939,Starter,Monthly,12,65.35,53.2,1,87.4,11,34,9,2,0
C-0940,Professional,Annual,9,546.76,118.6,18,60.6,3,76,6,4,0
C-0941,Starter,Annual,16,106.89,5.8,4,36.9,4,2,5,4,1
C-0942,Professional,Annual,2,740.63,148.7,5,45.7,0,13,1,2,0
C-0943,Enterprise,Monthly,48,2548.68,206.0,47,27.9,9,46,10,1,0
C-0944,Enterprise,Monthly,9,1047.05,262.6,62,12.8,3,47,3,2,1
C-0945,Professional,Annual,2,415.29,43.3,14,92.0,5,39,10,4,0
C-0946,Enterprise,Annual,45,4244.67,184.9,48,94.5,15,5,4,3,1
C-0947,Enterprise,Monthly,23,4922.63,74.3,61,58.5,6,20,4,0,0
C-0948,Enterprise,Annual,29,3978.22,218.1,47,18.5,6,47,3,4,1
C-0949,Starter,Monthly,38,61.04,25.0,4,52.3,0,79,10,2,1
C-0950,Enterprise,Annual,22,3641.1,262.6,58,55.1,1,33,3,4,1
C-0951,Professional,Monthly,33,606.14,89.0,7,37.8,10,61,8,1,0
C-0952,Enterprise,Monthly,13,2808.68,103.6,70,27.5,2,19,0,2,0
C-0953,Enterprise,Monthly,42,3688.66,179.8,36,68.8,14,32,8,3,0
C-0954,Starter,Monthly,2,158.42,22.2,1,88.6,0,40,0,5,1
C-0955,Starter,Annual,46,107.94,30.7,1,10.2,8,65,5,2,0
C-0956,Starter,Annual,48,70.27,13.2,3,53.0,3,1,9,2,0
C-0957,Starter,Monthly,16,154.96,24.3,3,81.6,13,10,4,2,1
C-0958,Starter,Annual,45,166.94,58.7,5,47.9,2,7,9,1,0
C-0959,Starter,Monthly,17,66.18,48.8,1,19.4,9,65,3,1,1
C-0960,Professional,Annual,48,405.67,118.4,16,79.1,4,15,6,3,0
C-0961,Professional,Monthly,45,707.19,27.8,5,15.5,6,28,0,0,1
C-0962,Professional,Monthly,24,575.39,70.7,17,87.0,5,28,8,5,0
C-0963,Enterprise,Monthly,33,2091.21,123.4,49,33.9,5,22,8,0,0
C-0964,Starter,Annual,4,97.07,13.6,5,76.2,0,43,9,2,1
C-0965,Enterprise,Annual,18,1479.6,210.3,65,56.2,12,19,5,3,0
C-0966,Starter,Annual,32,77.75,18.6,1,91.0,11,74,1,2,0
C-0967,Enterprise,Annual,48,4316.66,268.8,57,38.9,2,70,4,4,1
C-0968,Enterprise,Monthly,40,2581.54,111.7,50,21.9,3,61,3,1,0
C-0969,Starter,Annual,31,188.93,40.9,5,55.5,5,2,2,4,1
C-0970,Enterprise,Annual,25,2120.31,76.6,92,30.7,8,18,0,2,0
C-0971,Enterprise,Monthly,8,4947.66,111.1,47,40.8,12,17,5,1,1
C-0972,Starter,Monthly,5,82.94,2.9,1,27.9,9,54,4,2,1
C-0973,Starter,Monthly,31,125.33,52.7,1,92.0,11,42,10,4,1
C-0974,Starter,Monthly,31,53.53,40.3,4,14.5,9,72,7,3,1
C-0975,Professional,Annual,48,779.68,141.7,8,39.9,13,82,4,0,1
C-0976,Starter,Annual,45,115.17,18.8,5,42.3,5,89,7,5,1
C-0977,Starter,Monthly,2,191.84,27.7,1,62.4,9,63,5,0,1
C-0978,Enterprise,Annual,9,991.02,66.5,71,79.2,0,36,2,1,0
C-0979,Starter,Annual,15,85.32,43.6,2,27.9,2,38,3,1,1
C-0980,Enterprise,Annual,28,4936.33,234.7,89,84.8,15,39,10,2,0
C-0981,Professional,Monthly,32,268.69,98.5,19,78.6,10,8,1,0,1
C-0982,Professional,Monthly,16,549.74,138.8,18,20.0,11,66,6,0,1
C-0983,Starter,Monthly,12,158.59,19.5,5,55.7,9,48,9,1,1
C-0984,Enterprise,Monthly,36,2886.83,266.1,76,67.0,11,82,7,5,1
C-0985,Enterprise,Annual,32,3020.19,208.0,45,14.2,4,62,4,4,0
C-0986,Starter,Monthly,15,116.23,49.9,4,43.1,1,36,4,4,0
C-0987,Enterprise,Annual,8,1302.02,181.0,62,15.8,5,62,7,5,1
C-0988,Enterprise,Monthly,38,2554.01,293.1,47,41.9,4,59,3,5,0
C-0989,Professional,Annual,41,509.89,124.4,19,18.9,13,63,5,2,1
C-0990,Starter,Monthly,41,165.12,38.7,3,66.3,14,81,0,5,1
C-0991,Enterprise,Monthly,29,3496.13,258.1,90,64.4,10,26,0,0,1
C-0992,Starter,Annual,17,65.65,29.3,3,60.0,3,81,2,4,0
C-0993,Starter,Monthly,9,88.75,23.3,3,77.0,5,41,1,3,1
C-0994,Professional,Monthly,21,293.61,104.5,12,87.6,8,27,7,2,1
C-0995,Professional,Annual,2,310.9,26.7,5,10.3,9,73,6,0,1
C-0996,Starter,Monthly,4,193.09,52.8,1,71.6,14,53,0,4,1
C-0997,Enterprise,Monthly,24,940.91,193.4,30,92.8,10,49,9,1,0
C-0998,Starter,Annual,28,159.24,4.4,5,43.0,3,86,5,4,1
C-0999,Starter,Monthly,14,109.54,35.7,3,16.1,0,4,10,1,1
C-1000,Professional,Monthly,48,220.45,27.6,16,22.2,5,12,5,0,0
C-1001,Enterprise,Monthly,39,2380.49,197.6,32,85.7,13,3,5,4,1
C-1002,Starter,Annual,44,169.49,17.7,2,25.3,15,5,4,1,1
C-1003,Professional,Annual,30,301.02,38.6,17,31.6,10,64,9,1,0
C-1004,Professional,Monthly,35,636.57,24.3,18,75.8,15,85,8,3,0
C-1005,Enterprise,Annual,34,1040.89,76.0,36,12.8,11,22,10,4,1
C-1006,Starter,Monthly,11,72.19,29.0,3,13.8,9,67,0,3,1
C-1007,Professional,Monthly,36,608.76,71.9,11,44.8,8,14,2,3,1
C-1008,Professional,Monthly,41,386.6,80.7,10,26.7,15,7,2,0,0
C-1009,Starter,Monthly,48,107.83,50.1,1,36.5,12,9,0,1,0
C-1010,Enterprise,Annual,42,3526.62,141.7,47,17.0,1,33,3,3,1
C-1011,Starter,Annual,27,118.76,53.0,3,10.9,10,52,2,1,0
C-1012,Enterprise,Annual,18,2467.36,117.1,51,93.5,12,1,4,4,0
C-1013,Enterprise,Annual,6,3257.62,57.8,61,37.2,12,30,2,1,0
C-1014,Professional,Monthly,8,246.16,83.9,13,19.7,11,77,2,5,1
C-1015,Enterprise,Annual,26,3306.79,286.0,28,21.1,4,44,3,4,1
C-1016,Professional,Monthly,31,779.99,70.7,18,44.4,15,20,2,5,1
C-1017,Enterprise,Monthly,34,4572.18,180.1,40,47.1,0,63,9,4,1
C-1018,Enterprise,Monthly,33,1644.29,253.4,34,50.1,6,50,10,0,1
C-1019,Professional,Monthly,25,448.79,72.8,19,12.0,0,61,9,2,1
C-1020,Starter,Monthly,12,171.73,30.1,3,11.1,6,88,6,5,0
C-1021,Starter,Annual,40,73.31,4.1,2,48.5,2,33,2,5,1
C-1022,Enterprise,Monthly,12,2895.05,192.2,84,24.9,4,87,6,5,0
C-1023,Professional,Annual,21,356.02,84.8,16,73.0,4,78,3,5,0
C-1024,Starter,Monthly,37,180.82,31.6,2,73.9,0,86,7,1,0
C-1025,Professional,Annual,40,697.41,99.5,6,63.6,13,9,10,4,1
C-1026,Enterprise,Annual,2,3319.16,190.3,17,32.3,6,29,6,5,1
C-1027,Starter,Monthly,20,99.4,9.4,4,40.5,8,17,6,3,1
C-1028,Starter,Annual,46,122.66,12.8,2,18.7,10,44,3,1,1
C-1029,Enterprise,Monthly,38,1587.91,268.4,82,89.2,14,32,5,0,1
C-1030,Professional,Monthly,45,793.21,121.6,16,10.4,12,22,4,4,0
C-1031,Enterprise,Monthly,38,2585.98,253.3,10,90.7,10,59,5,1,0
C-1032,Professional,Annual,31,239.42,108.4,19,17.3,4,84,0,3,1
C-1033,Professional,Monthly,46,252.36,54.2,15,38.0,11,6,6,1,0
C-1034,Professional,Annual,22,798.14,122.4,15,48.9,13,83,5,2,0
C-1035,Enterprise,Annual,39,2392.19,256.2,84,47.6,1,23,2,1,0
C-1036,Enterprise,Annual,37,4130.48,136.9,23,82.0,7,57,10,0,0
C-1037,Starter,Annual,10,94.51,8.0,4,23.2,6,15,7,3,1
C-1038,Starter,Annual,10,77.17,7.7,2,67.8,4,82,1,5,0
C-1039,Enterprise,Monthly,33,1189.11,233.1,97,59.0,7,32,7,1,1
C-1040,Starter,Monthly,12,138.64,23.2,2,71.9,10,1,8,5,1
C-1041,Starter,Monthly,20,97.11,44.7,3,17.4,6,40,10,3,1
C-1042,Enterprise,Annual,15,1074.84,159.9,19,61.5,2,48,3,1,0
C-1043,Starter,Annual,45,103.78,17.1,2,30.7,5,41,4,0,0
C-1044,Professional,Annual,10,613.6,39.1,15,88.5,4,72,10,4,0
C-1045,Starter,Annual,45,56.23,55.9,3,39.5,3,86,8,3,0
C-1046,Professional,Monthly,37,598.29,86.8,5,46.3,5,47,4,4,0
C-1047,Starter,Monthly,16,159.45,21.6,2,28.4,13,14,3,3,1
C-1048,Starter,Monthly,28,65.07,49.9,3,33.2,7,57,10,0,1
C-1049,Professional,Annual,16,429.53,30.2,18,69.6,15,0,6,4,0
C-1050,Enterprise,Annual,5,1531.13,163.4,77,79.3,9,0,10,5,1
C-1051,Enterprise,Monthly,39,2589.97,296.5,16,33.2,13,21,9,1,1
C-1052,Enterprise,Monthly,25,4533.25,188.0,90,48.4,12,88,4,3,0
C-1053,Starter,Annual,8,141.13,10.3,3,39.3,3,57,5,2,0
C-1054,Starter,Annual,28,66.83,42.9,5,81.9,8,6,3,4,0
C-1055,Starter,Monthly,22,92.2,27.5,5,63.7,9,11,4,1,1
C-1056,Professional,Monthly,23,435.39,73.1,4,28.5,10,82,5,1,1
C-1057,Professional,Monthly,14,289.14,100.6,16,51.3,6,39,3,2,1
C-1058,Professional,Monthly,38,264.84,98.8,17,44.8,11,65,6,5,0
C-1059,Professional,Monthly,46,588.29,148.5,10,51.5,13,25,6,3,1
C-1060,Professional,Monthly,8,779.04,76.8,9,92.0,10,76,5,2,0
C-1061,Professional,Annual,4,454.99,93.9,13,52.7,4,77,4,4,1
C-1062,Enterprise,Monthly,37,3870.26,226.0,76,38.3,8,15,7,4,1
C-1063,Enterprise,Annual,15,1157.63,274.3,100,20.1,5,9,5,2,0
C-1064,Enterprise,Annual,38,2485.8,260.7,28,36.5,4,70,5,3,1
C-1065,Starter,Annual,24,73.83,40.8,4,64.1,14,2,3,2,1
C-1066,Professional,Monthly,15,230.0,78.9,17,58.5,15,41,1,5,1
C-1067,Professional,Monthly,42,412.18,126.2,6,62.8,9,2,7,1,0
C-1068,Enterprise,Monthly,27,1230.69,231.6,44,20.1,2,63,0,4,1
C-1069,Starter,Monthly,10,173.44,7.1,2,62.5,0,22,9,5,1
C-1070,Starter,Annual,20,116.18,54.4,4,25.0,1,90,5,2,1
C-1071,Starter,Monthly,45,142.7,16.6,4,39.3,9,40,6,4,1
C-1072,Starter,Monthly,13,81.61,56.7,5,56.2,9,53,5,0,1
C-1073,Starter,Annual,36,79.97,5.1,2,35.0,6,5,1,3,0
C-1074,Professional,Annual,17,596.89,116.1,4,27.1,7,37,1,3,0
C-1075,Professional,Annual,13,322.33,113.4,10,89.5,1,90,7,0,0
C-1076,Enterprise,Annual,7,3427.32,182.8,21,78.1,0,55,10,1,0
C-1077,Enterprise,Monthly,25,2737.48,208.7,76,19.6,2,84,0,4,0
C-1078,Enterprise,Monthly,16,4657.3,189.3,61,94.8,15,0,10,1,0
C-1079,Professional,Monthly,39,729.65,51.2,14,46.0,8,84,1,0,0
C-1080,Professional,Monthly,29,616.38,88.0,10,60.3,12,20,4,0,0
C-1081,Starter,Annual,40,71.58,15.1,4,63.9,2,33,5,0,0
C-1082,Professional,Monthly,13,573.26,67.5,18,21.8,12,78,3,4,1
C-1083,Professional,Annual,6,214.74,130.5,18,29.3,6,66,2,3,1
C-1084,Enterprise,Annual,19,3069.01,63.1,32,68.8,12,50,8,4,0
C-1085,Starter,Annual,24,132.18,44.0,2,12.3,0,87,1,5,0
C-1086,Enterprise,Annual,44,2329.4,127.5,49,56.8,9,62,9,1,1
C-1087,Starter,Monthly,47,173.54,33.9,4,11.2,6,86,2,1,1
C-1088,Professional,Monthly,40,567.38,37.4,11,73.6,7,73,1,0,0
C-1089,Starter,Monthly,18,65.87,5.0,4,21.2,2,7,2,4,1
C-1090,Professional,Annual,29,396.04,66.4,6,23.2,6,59,0,5,1
C-1091,Enterprise,Monthly,42,3927.62,102.0,12,77.7,5,44,1,3,1
C-1092,Professional,Monthly,40,304.57,137.8,18,34.3,5,12,3,1,0
C-1093,Professional,Annual,36,306.25,100.9,14,91.8,11,50,2,0,0
C-1094,Starter,Annual,21,176.75,3.9,5,35.8,9,9,4,3,1
C-1095,Starter,Monthly,13,163.29,46.1,2,39.7,13,37,8,2,1
C-1096,Enterprise,Annual,28,2554.31,139.5,94,37.5,15,62,0,2,1
C-1097,Professional,Monthly,4,437.79,97.9,16,88.5,10,8,1,2,0
C-1098,Starter,Annual,22,111.92,28.5,3,84.2,13,33,6,4,1
C-1099,Starter,Annual,35,57.07,47.0,4,44.6,0,88,10,3,1
C-1100,Professional,Annual,12,502.72,24.1,12,18.7,4,59,5,0,0
C-1101,Professional,Monthly,41,568.73,43.5,8,19.3,7,71,0,1,1
C-1102,Professional,Monthly,45,692.07,147.3,7,86.3,12,31,5,5,1
C-1103,Enterprise,Monthly,17,3278.47,167.8,21,36.8,3,16,10,4,0
C-1104,Starter,Annual,36,139.74,44.3,5,36.6,7,42,8,5,1
C-1105,Professional,Annual,44,568.48,117.8,16,60.2,7,44,10,5,0
C-1106,Starter,Monthly,46,121.02,41.4,1,21.0,0,73,0,0,1
C-1107,Professional,Monthly,37,474.51,119.6,6,16.8,13,30,3,3,0
C-1108,Professional,Annual,7,757.59,27.0,3,34.0,10,77,6,5,0
C-1109,Professional,Monthly,42,777.29,28.0,14,62.4,11,66,3,2,0
C-1110,Enterprise,Monthly,48,1944.72,72.3,48,23.8,9,11,8,1,0
C-1111,Enterprise,Monthly,18,3195.15,258.3,80,47.6,10,42,0,5,1
C-1112,Starter,Annual,8,140.93,35.3,4,41.4,14,59,0,3,0
C-1113,Professional,Monthly,2,792.17,108.6,5,87.2,13,75,4,0,1
C-1114,Starter,Monthly,35,89.38,52.0,2,42.3,10,46,9,2,1
C-1115,Starter,Monthly,4,153.98,35.8,2,85.3,13,76,10,0,0
C-1116,Starter,Annual,17,139.7,27.2,1,82.3,5,63,6,0,1
C-1117,Starter,Monthly,5,148.7,3.6,5,74.8,8,46,9,5,1
C-1118,Professional,Monthly,31,323.3,53.9,11,84.9,11,81,10,3,1
C-1119,Professional,Annual,33,616.99,54.9,5,30.6,15,90,8,3,0
C-1120,Starter,Monthly,41,167.52,41.9,1,20.2,7,29,7,4,1
C-1121,Professional,Monthly,13,256.26,50.6,11,16.9,14,1,10,3,0
C-1122,Enterprise,Monthly,33,2837.67,200.4,40,30.9,15,78,10,0,0
C-1123,Professional,Monthly,12,303.61,26.6,19,89.7,5,6,4,2,0
C-1124,Professional,Annual,21,267.33,83.8,20,18.3,8,75,5,3,1
C-1125,Enterprise,Annual,10,3608.19,135.2,89,60.3,0,90,10,1,0
C-1126,Starter,Monthly,7,124.78,43.0,5,78.1,7,80,1,1,1
C-1127,Professional,Monthly,3,334.5,135.7,4,81.4,15,73,2,2,0
C-1128,Professional,Monthly,15,347.56,65.2,6,29.8,5,20,0,0,0
C-1129,Starter,Monthly,45,122.98,26.3,3,94.9,12,22,1,0,1
C-1130,Professional,Annual,27,298.48,86.8,6,80.0,8,1,7,5,0
C-1131,Starter,Annual,22,150.17,14.4,2,80.4,4,14,3,5,1
C-1132,Professional,Monthly,16,362.52,140.1,15,56.1,10,3,9,1,0
C-1133,Starter,Annual,19,126.31,36.0,5,31.8,8,85,9,2,0
C-1134,Professional,Monthly,30,705.59,105.6,4,34.6,8,39,2,5,1
C-1135,Enterprise,Monthly,37,1879.95,50.5,43,79.1,10,12,4,2,1
C-1136,Professional,Annual,32,385.68,28.9,12,72.8,5,40,2,5,0
C-1137,Enterprise,Monthly,26,2051.56,129.5,12,85.2,7,3,4,1,0
C-1138,Professional,Annual,10,245.86,142.1,6,29.0,13,89,9,4,0
C-1139,Starter,Monthly,40,82.2,30.1,2,73.6,14,15,5,2,0
C-1140,Starter,Monthly,21,195.6,59.3,1,70.9,6,35,1,1,1
C-1141,Starter,Monthly,30,187.06,4.5,3,87.7,15,44,3,3,1
C-1142,Professional,Annual,16,296.72,97.4,20,66.4,15,58,3,1,0
C-1143,Starter,Annual,34,101.22,32.7,4,41.1,5,53,3,1,0
C-1144,Professional,Monthly,24,727.41,114.5,20,54.5,2,67,1,0,0
C-1145,Professional,Monthly,36,272.06,126.3,20,30.0,4,82,0,3,1
C-1146,Starter,Annual,48,148.39,59.0,3,26.0,9,25,3,2,0
C-1147,Professional,Monthly,39,466.89,101.3,11,14.3,6,23,4,1,1
C-1148,Starter,Annual,3,179.89,37.5,1,67.9,14,28,1,3,1
C-1149,Starter,Annual,1,148.65,40.0,4,75.0,5,39,4,3,1
C-1150,Enterprise,Annual,32,1299.09,83.8,31,41.1,13,76,1,0,1
C-1151,Enterprise,Annual,33,4311.43,214.8,70,75.0,8,37,10,4,1
C-1152,Enterprise,Monthly,37,3248.21,253.7,55,22.2,6,10,1,4,1
C-1153,Professional,Monthly,28,443.41,131.1,4,89.2,1,6,5,2,1
C-1154,Starter,Monthly,29,108.48,8.8,2,28.9,12,17,5,3,1
C-1155,Starter,Monthly,14,107.89,25.8,5,39.6,9,30,9,3,0
C-1156,Starter,Monthly,29,195.73,49.4,1,73.3,8,46,8,0,0
C-1157,Starter,Monthly,12,66.07,36.4,1,55.6,6,52,3,3,0
C-1158,Starter,Monthly,9,139.36,32.2,1,73.2,6,11,0,1,1
C-1159,Starter,Monthly,3,107.54,28.4,3,57.3,5,86,5,1,0
C-1160,Starter,Monthly,19,177.33,48.5,3,91.1,8,63,6,1,0
C-1161,Professional,Monthly,24,412.34,97.4,4,27.5,10,28,5,5,0
C-1162,Enterprise,Monthly,14,2652.07,297.0,42,47.1,14,49,2,1,1
C-1163,Professional,Monthly,32,382.48,77.2,3,33.6,11,42,2,1,1
C-1164,Enterprise,Annual,24,3308.96,156.7,28,41.1,14,68,0,3,1
C-1165,Professional,Annual,42,756.17,25.2,9,34.7,15,28,1,0,0
C-1166,Starter,Monthly,22,85.18,53.3,5,41.5,2,12,10,5,0
C-1167,Starter,Annual,17,50.72,22.1,3,28.2,14,78,0,5,1
C-1168,Enterprise,Monthly,33,1812.04,181.8,57,85.9,7,54,4,2,1
C-1169,Professional,Monthly,40,469.37,93.5,18,32.1,11,37,2,5,1
C-1170,Enterprise,Annual,20,1694.58,182.5,71,37.8,8,74,7,5,0
C-1171,Starter,Annual,29,128.37,39.2,4,87.1,15,23,5,1,1
C-1172,Professional,Monthly,1,526.0,72.5,17,54.4,8,47,1,0,0
C-1173,Enterprise,Annual,44,4603.53,89.7,46,45.1,2,82,10,4,0
C-1174,Starter,Monthly,14,115.87,8.1,1,71.5,11,78,10,3,1
C-1175,Starter,Annual,32,102.63,5.2,2,79.2,1,72,3,3,1
C-1176,Professional,Monthly,19,387.06,73.0,6,62.9,15,20,9,5,1
C-1177,Professional,Monthly,32,396.86,143.9,15,58.3,7,19,8,4,1
C-1178,Starter,Monthly,5,174.87,53.3,2,90.7,15,3,9,3,1
C-1179,Starter,Annual,38,58.56,29.0,2,50.4,3,53,9,1,0
C-1180,Professional,Monthly,27,755.89,31.0,3,92.4,14,60,4,0,1
C-1181,Professional,Monthly,33,329.25,68.2,15,42.4,2,69,0,3,1
C-1182,Professional,Monthly,16,686.46,25.3,18,15.3,0,12,0,1,0
C-1183,Starter,Monthly,45,109.36,50.1,5,13.6,3,4,1,0,0
C-1184,Enterprise,Annual,47,2390.97,99.0,44,71.7,3,0,6,3,0
C-1185,Professional,Monthly,5,223.8,147.5,12,62.2,2,10,6,1,0
C-1186,Professional,Annual,24,267.24,69.5,7,87.5,10,64,10,3,1
C-1187,Professional,Monthly,32,211.86,121.8,13,31.5,9,76,6,2,1
C-1188,Enterprise,Annual,48,1458.06,229.0,76,66.4,4,41,4,5,0
C-1189,Starter,Monthly,23,142.65,58.3,1,93.5,5,37,2,2,0
C-1190,Starter,Monthly,24,76.92,8.7,4,63.5,9,64,7,3,0
C-1191,Enterprise,Annual,10,810.0,54.2,21,68.7,4,1,3,0,0
C-1192,Professional,Monthly,47,671.51,80.1,12,54.0,5,22,8,5,0
C-1193,Starter,Annual,40,59.27,55.4,3,62.0,7,4,9,3,0
C-1194,Enterprise,Annual,28,1533.47,144.6,90,23.3,13,83,4,4,1
C-1195,Enterprise,Annual,17,4126.44,173.2,63,35.3,10,32,5,5,1
C-1196,Starter,Monthly,27,101.63,28.8,1,30.8,14,14,5,1,1
C-1197,Professional,Annual,14,581.37,42.7,17,75.4,4,22,7,3,0
C-1198,Starter,Annual,35,144.74,9.4,3,75.3,9,54,4,2,1
C-1199,Professional,Monthly,47,218.04,23.6,6,82.2,7,49,6,2,0
C-1200,Enterprise,Annual,23,4576.31,100.3,80,24.6,6,17,3,2,0
C-1201,Starter,Monthly,23,108.14,31.9,2,93.8,13,46,7,5,1
C-1202,Professional,Annual,43,203.18,122.3,10,81.5,0,14,3,1,0
C-1203,Professional,Monthly,40,246.79,67.5,17,51.0,0,12,4,0,1
C-1204,Starter,Annual,34,66.19,24.1,2,28.0,11,31,9,2,1
C-1205,Starter,Monthly,30,181.3,55.3,3,13.3,2,48,3,4,1
C-1206,Professional,Monthly,29,692.16,98.7,7,20.3,11,8,0,5,0
C-1207,Professional,Monthly,2,586.68,131.1,12,28.8,1,17,7,3,1
C-1208,Enterprise,Annual,22,2467.32,122.3,67,64.7,6,70,0,5,1
C-1209,Starter,Monthly,11,180.7,49.0,4,72.6,3,11,4,1,1
C-1210,Starter,Monthly,39,125.44,51.5,4,94.4,8,13,4,1,1
C-1211,Enterprise,Monthly,15,929.1,144.1,42,72.1,3,36,3,4,0
C-1212,Enterprise,Annual,48,1065.62,174.3,100,71.6,10,39,0,2,0
C-1213,Professional,Monthly,36,674.3,58.1,13,21.4,15,20,10,2,1
C-1214,Professional,Annual,36,765.56,90.6,8,88.7,9,43,5,5,1
C-1215,Professional,Annual,10,273.27,21.2,12,64.1,12,15,1,3,0
C-1216,Starter,Monthly,14,134.88,50.5,1,71.3,14,90,9,4,1
C-1217,Enterprise,Annual,28,3297.13,262.4,37,30.1,10,30,0,0,0
C-1218,Professional,Monthly,23,642.94,142.5,13,83.2,5,81,5,3,0
C-1219,Professional,Annual,43,647.81,33.7,14,23.4,11,67,7,0,1
C-1220,Enterprise,Annual,8,1062.54,137.8,72,30.2,6,46,8,1,0
C-1221,Enterprise,Annual,41,1540.7,134.2,53,46.4,9,39,3,4,1
C-1222,Professional,Monthly,5,338.59,143.6,9,39.6,2,7,5,2,0
C-1223,Enterprise,Annual,22,2619.52,230.4,71,28.1,13,35,3,5,0
C-1224,Enterprise,Monthly,10,800.83,199.9,28,89.3,13,84,8,5,0
C-1225,Professional,Monthly,43,616.79,82.6,6,36.7,12,84,7,1,1
C-1226,Professional,Annual,48,766.91,24.7,15,41.9,3,87,10,1,0
C-1227,Professional,Annual,48,437.47,62.9,11,34.8,13,36,9,1,1
C-1228,Enterprise,Monthly,21,2402.39,209.3,79,37.0,0,21,6,5,0
C-1229,Starter,Monthly,46,153.98,47.5,2,73.8,13,31,2,1,0
C-1230,Professional,Monthly,11,286.77,105.7,16,79.6,12,11,3,5,0
C-1231,Enterprise,Annual,16,4157.92,178.9,66,16.7,9,65,4,5,1
C-1232,Starter,Annual,13,54.45,28.9,3,76.5,14,62,7,2,1
C-1233,Enterprise,Annual,48,4265.18,136.6,22,52.6,3,51,3,1,0
C-1234,Enterprise,Monthly,16,3764.32,99.2,52,48.8,11,59,8,3,1
C-1235,Starter,Annual,12,174.09,52.2,1,48.8,12,54,6,0,0
C-1236,Professional,Annual,2,509.36,66.9,7,46.3,1,53,8,4,1
C-1237,Starter,Annual,14,70.39,46.3,3,52.2,3,83,4,0,1
C-1238,Starter,Annual,17,79.32,27.3,3,53.8,6,40,9,3,1
C-1239,Starter,Monthly,43,152.96,2.4,5,51.5,12,80,3,4,0
C-1240,Starter,Monthly,44,137.26,39.2,4,16.9,3,64,9,4,0
C-1241,Professional,Annual,40,520.57,133.8,7,18.2,10,0,1,4,0
C-1242,Professional,Monthly,27,646.68,33.3,4,92.0,13,56,10,2,0
C-1243,Starter,Monthly,39,167.4,21.4,5,62.2,5,65,1,3,0
C-1244,Starter,Annual,32,192.22,13.7,2,17.1,14,37,9,1,1
C-1245,Starter,Annual,48,123.34,57.1,2,76.6,11,43,9,1,0
C-1246,Professional,Monthly,6,716.82,134.2,13,47.2,13,80,5,0,1
C-1247,Professional,Monthly,31,257.38,62.9,20,68.9,13,22,8,0,0
C-1248,Enterprise,Monthly,8,1783.95,133.4,34,27.1,12,1,7,2,0
C-1249,Professional,Annual,33,464.59,78.0,12,46.4,10,38,4,4,1
C-1250,Professional,Annual,32,330.6,147.5,8,19.0,4,42,5,4,1
C-1251,Professional,Monthly,3,739.92,65.7,9,75.4,10,8,3,2,0
C-1252,Starter,Monthly,46,149.41,20.7,4,62.7,13,88,3,4,1
C-1253,Starter,Monthly,32,61.73,19.9,2,38.9,7,82,8,5,0
C-1254,Enterprise,Monthly,6,907.15,142.2,68,80.3,4,78,9,3,1
C-1255,Starter,Monthly,11,192.39,46.9,4,79.5,1,30,9,1,1
C-1256,Starter,Annual,32,118.12,20.1,1,12.8,8,25,9,3,0
C-1257,Professional,Annual,34,311.61,111.6,3,28.5,8,4,9,5,1
C-1258,Professional,Monthly,31,641.6,34.7,18,26.8,4,6,3,0,0
C-1259,Professional,Monthly,28,621.39,32.5,19,89.2,15,65,8,3,0
C-1260,Professional,Monthly,36,507.2,59.6,19,63.2,15,79,5,3,0
C-1261,Professional,Monthly,39,251.96,139.3,12,45.4,1,48,9,5,0
C-1262,Starter,Monthly,46,135.66,22.6,1,55.8,6,17,7,5,0
C-1263,Starter,Monthly,28,131.3,40.3,5,58.6,9,18,0,0,1
C-1264,Enterprise,Annual,22,1053.98,107.1,16,84.6,4,33,1,0,1
C-1265,Starter,Annual,27,106.09,7.5,2,28.4,5,72,4,4,1
C-1266,Professional,Monthly,41,651.88,74.3,5,94.5,8,80,10,4,1
C-1267,Professional,Monthly,20,663.66,46.8,16,56.1,12,8,2,5,0
C-1268,Professional,Monthly,10,268.12,102.8,9,38.5,10,51,1,2,0
C-1269,Enterprise,Monthly,48,1628.99,216.3,75,63.3,9,71,10,4,0
C-1270,Professional,Monthly,5,306.95,148.0,4,12.7,10,73,0,2,1
C-1271,Enterprise,Annual,18,1236.81,219.4,14,28.3,8,23,3,3,0
C-1272,Starter,Monthly,41,72.37,5.6,4,20.5,15,50,2,0,1
C-1273,Enterprise,Monthly,43,4221.27,231.8,47,71.8,5,12,0,0,0
C-1274,Professional,Monthly,9,248.54,64.3,5,86.7,10,2,7,5,0
C-1275,Starter,Monthly,18,153.11,40.4,3,59.9,2,79,6,5,0
C-1276,Professional,Monthly,26,435.3,82.6,11,39.8,1,54,5,5,1
C-1277,Professional,Annual,28,297.75,120.1,9,47.5,11,89,7,3,1
C-1278,Enterprise,Monthly,12,1076.5,197.7,34,82.6,2,63,6,5,0
C-1279,Starter,Annual,32,145.54,2.1,2,65.0,13,20,4,2,1
C-1280,Professional,Annual,19,769.4,20.0,3,28.7,15,64,10,0,1
C-1281,Enterprise,Monthly,22,4300.68,126.9,86,17.5,13,69,10,5,0
C-1282,Starter,Annual,32,154.54,36.9,2,69.4,0,26,9,1,1
C-1283,Professional,Annual,33,482.49,104.3,9,50.0,11,62,8,2,0
C-1284,Starter,Monthly,45,184.55,53.4,2,10.4,4,33,6,2,1
C-1285,Enterprise,Monthly,9,1430.4,136.5,68,41.5,8,9,2,1,0
C-1286,Starter,Monthly,24,159.64,2.2,3,81.3,10,47,10,5,1
C-1287,Starter,Annual,10,148.92,26.6,2,22.4,8,62,7,3,1
C-1288,Enterprise,Monthly,44,4860.48,64.8,18,15.2,4,32,5,4,0
C-1289,Professional,Annual,28,363.7,101.8,10,60.8,12,78,7,4,1
C-1290,Enterprise,Annual,41,1740.14,248.9,35,30.9,6,25,8,3,0
C-1291,Professional,Monthly,47,677.88,87.9,19,22.7,3,57,3,4,0
C-1292,Professional,Monthly,25,409.16,116.6,10,38.3,15,81,9,5,0
C-1293,Starter,Monthly,32,84.93,38.6,2,19.7,0,48,8,2,0
C-1294,Professional,Monthly,13,757.74,140.8,8,60.5,11,7,8,3,0
C-1295,Enterprise,Monthly,43,3450.95,96.3,21,86.4,14,51,7,3,0
C-1296,Professional,Annual,27,777.1,107.2,10,69.6,15,9,8,0,0
C-1297,Starter,Annual,29,89.72,27.0,5,86.0,7,27,0,2,1
C-1298,Professional,Monthly,28,294.7,53.3,15,20.0,7,30,2,2,0
C-1299,Professional,Monthly,25,410.11,88.7,11,76.3,3,78,8,3,0
C-1300,Starter,Monthly,20,53.22,15.8,3,92.6,5,33,7,3,0
C-1301,Professional,Monthly,10,684.8,105.9,19,37.4,0,59,2,4,0
C-1302,Professional,Annual,33,589.0,110.3,19,75.9,0,3,9,4,0
C-1303,Enterprise,Monthly,44,4717.94,192.1,99,93.0,10,88,0,2,1
C-1304,Starter,Monthly,33,163.33,45.4,3,71.3,15,47,4,1,0
C-1305,Enterprise,Monthly,25,4331.67,204.7,60,18.5,1,62,7,5,0
C-1306,Professional,Monthly,10,289.7,38.4,16,36.1,12,86,1,2,0
C-1307,Starter,Monthly,10,124.52,9.9,3,73.1,15,53,9,3,1
C-1308,Professional,Annual,16,713.83,109.9,13,19.2,11,30,8,3,0
C-1309,Professional,Monthly,28,509.43,133.5,7,74.7,1,63,5,0,1
C-1310,Professional,Annual,40,610.45,143.6,14,55.0,11,72,3,4,0
C-1311,Starter,Monthly,17,88.42,22.6,4,38.8,6,23,2,0,1
C-1312,Enterprise,Annual,20,1974.49,71.0,89,78.1,11,83,1,3,1
C-1313,Professional,Monthly,4,343.08,30.3,16,59.6,1,61,0,2,0
C-1314,Professional,Monthly,24,625.03,21.7,16,79.9,6,52,1,5,0
C-1315,Enterprise,Monthly,32,2023.33,226.2,74,65.1,2,58,3,0,0
C-1316,Professional,Annual,34,287.16,55.8,7,56.3,12,17,8,4,0
C-1317,Starter,Annual,12,132.87,5.3,2,16.4,11,6,5,3,0
C-1318,Professional,Monthly,7,542.57,39.5,16,14.5,11,67,9,3,1
C-1319,Professional,Annual,36,783.97,55.4,3,60.5,7,69,6,2,0
C-1320,Professional,Annual,12,742.68,103.4,4,68.4,11,32,8,3,1
C-1321,Professional,Monthly,25,291.91,23.6,4,80.9,12,0,9,5,0
C-1322,Starter,Monthly,7,104.11,51.8,2,81.4,7,42,0,3,1
C-1323,Starter,Monthly,4,176.97,50.1,1,93.7,0,65,5,5,1
C-1324,Professional,Monthly,35,734.79,47.7,18,58.7,7,74,1,4,1
C-1325,Starter,Monthly,37,176.5,4.4,2,37.7,4,10,9,5,0
C-1326,Starter,Annual,38,68.71,10.0,4,87.1,8,63,1,2,1
C-1327,Professional,Monthly,6,260.43,125.7,4,21.1,13,86,2,1,1
C-1328,Starter,Annual,36,66.36,14.7,2,10.6,7,12,4,2,0
C-1329,Starter,Monthly,1,81.09,24.4,2,72.7,5,65,7,2,0
C-1330,Enterprise,Monthly,26,4850.52,276.8,60,45.2,1,84,5,4,1
C-1331,Starter,Monthly,36,136.37,22.3,2,56.3,10,60,5,0,0
C-1332,Enterprise,Monthly,44,3082.69,222.1,52,48.6,3,71,10,0,0
C-1333,Professional,Annual,46,680.13,100.5,6,77.9,3,44,10,5,0
C-1334,Enterprise,Annual,18,2596.28,73.2,86,65.9,10,32,1,3,1
C-1335,Starter,Annual,24,112.25,10.2,4,43.2,11,37,5,5,1
C-1336,Enterprise,Annual,26,1723.29,282.8,73,46.2,11,77,9,2,0
C-1337,Starter,Annual,18,92.24,46.9,2,29.8,3,54,2,1,1
C-1338,Enterprise,Monthly,20,3378.39,76.9,92,43.3,9,49,2,4,1
C-1339,Professional,Annual,35,764.29,105.7,9,27.1,11,10,10,1,1
C-1340,Enterprise,Monthly,8,4223.97,286.6,10,23.9,9,60,3,2,1
C-1341,Enterprise,Annual,13,2671.58,237.0,39,75.4,3,61,6,0,0
C-1342,Enterprise,Monthly,11,4500.73,136.6,79,39.0,8,84,3,0,1
C-1343,Professional,Monthly,44,608.48,59.6,19,48.0,14,35,0,3,1
C-1344,Professional,Annual,27,262.61,83.3,16,39.0,15,75,9,0,0
C-1345,Professional,Monthly,19,357.53,62.7,5,53.0,10,33,5,2,1
C-1346,Enterprise,Annual,19,1238.78,280.5,75,91.4,7,39,8,2,1
C-1347,Enterprise,Annual,6,3617.54,62.0,93,66.7,8,77,1,2,1
C-1348,Starter,Monthly,45,194.05,50.9,1,18.2,11,48,9,0,1
C-1349,Enterprise,Monthly,44,4769.42,298.4,54,84.9,7,24,7,3,0
C-1350,Professional,Monthly,40,253.18,54.7,18,53.1,0,79,0,3,1
C-1351,Starter,Annual,43,193.56,54.4,1,36.5,11,12,4,4,0
C-1352,Professional,Monthly,13,525.58,131.5,15,56.7,14,22,9,3,0
C-1353,Starter,Annual,4,130.26,16.0,5,54.1,2,48,8,2,0
C-1354,Enterprise,Annual,13,3538.99,55.8,86,61.4,14,2,4,5,0
C-1355,Starter,Monthly,16,53.28,2.4,1,32.2,3,86,9,4,1
C-1356,Starter,Monthly,15,81.65,3.7,4,64.2,12,30,2,3,1
C-1357,Starter,Monthly,28,141.97,20.8,3,80.6,4,83,6,0,1
C-1358,Starter,Monthly,23,81.63,50.9,2,45.6,11,33,9,1,1
C-1359,Enterprise,Annual,14,4837.81,190.8,34,75.4,11,12,3,5,0
C-1360,Enterprise,Annual,19,1409.28,64.8,58,80.0,0,78,8,4,0
C-1361,Starter,Monthly,1,155.1,7.2,2,19.7,12,37,1,0,1
C-1362,Enterprise,Annual,28,2342.19,127.6,16,92.7,5,89,5,2,0
C-1363,Starter,Monthly,27,69.07,45.6,5,66.0,5,24,8,2,1
C-1364,Enterprise,Annual,40,1588.03,211.6,50,88.5,9,47,8,4,1
C-1365,Starter,Annual,18,180.08,20.7,5,33.0,14,58,5,3,1
C-1366,Starter,Monthly,33,150.98,37.8,3,94.6,6,68,3,3,1
C-1367,Professional,Annual,4,326.11,115.6,5,24.3,2,31,3,5,0
C-1368,Professional,Monthly,23,671.62,103.3,11,25.2,9,36,8,1,0
C-1369,Starter,Annual,22,163.18,28.3,5,53.1,7,79,6,4,0
C-1370,Professional,Monthly,10,422.99,57.2,4,63.0,6,43,3,2,1
C-1371,Starter,Monthly,13,152.04,18.6,4,45.7,0,55,8,5,0
C-1372,Professional,Annual,10,783.27,53.2,6,91.8,15,41,6,0,1
C-1373,Starter,Annual,3,170.12,49.5,2,25.3,3,17,3,4,1
C-1374,Starter,Monthly,27,139.45,15.0,2,23.0,11,33,1,2,0
C-1375,Enterprise,Monthly,15,3437.22,153.1,26,19.7,8,40,3,3,1
C-1376,Professional,Monthly,8,700.84,71.1,20,83.3,15,70,8,0,0
C-1377,Enterprise,Annual,41,2282.4,201.4,36,25.2,9,23,3,1,0
C-1378,Starter,Monthly,18,112.18,41.5,2,26.3,12,72,3,0,1
C-1379,Enterprise,Monthly,6,3183.8,111.8,35,69.8,3,45,4,2,1
C-1380,Professional,Annual,36,637.75,76.8,8,63.6,0,23,3,2,0
C-1381,Starter,Annual,15,52.18,37.5,5,55.4,2,76,5,0,0
C-1382,Professional,Monthly,37,794.72,94.0,9,66.8,3,72,10,0,0
C-1383,Professional,Monthly,44,476.07,70.5,8,29.9,2,76,10,0,1
C-1384,Starter,Monthly,8,124.17,54.9,5,74.6,6,57,3,2,1
C-1385,Starter,Monthly,9,125.7,49.3,5,44.2,13,64,6,4,1
C-1386,Professional,Annual,14,241.76,70.1,5,15.0,12,45,1,2,0
C-1387,Starter,Monthly,40,190.23,44.6,3,73.7,2,2,5,2,0
C-1388,Starter,Monthly,14,152.05,59.9,2,49.2,13,5,8,5,0
C-1389,Professional,Monthly,25,565.89,99.0,13,83.8,9,26,4,1,1
C-1390,Starter,Monthly,22,75.06,7.9,3,70.1,13,5,6,1,0
C-1391,Enterprise,Annual,33,1251.44,61.1,44,14.1,3,40,1,2,0
C-1392,Starter,Monthly,4,133.75,2.8,1,69.8,8,61,10,2,1
C-1393,Enterprise,Annual,15,4091.11,113.7,33,24.6,13,38,7,1,1
C-1394,Starter,Monthly,37,160.97,12.3,3,28.0,12,1,4,1,1
C-1395,Professional,Monthly,19,624.7,55.9,14,67.2,12,67,10,2,0
C-1396,Starter,Annual,28,125.47,12.3,5,18.3,3,21,2,2,0
C-1397,Enterprise,Monthly,17,4511.63,244.8,78,13.3,15,0,2,0,0
C-1398,Enterprise,Annual,1,3351.06,218.5,55,83.7,3,87,5,4,1
C-1399,Professional,Annual,16,270.38,27.1,14,86.1,7,63,9,3,1
C-1400,Starter,Monthly,42,85.35,46.3,3,56.8,5,47,3,3,1
C-1401,Starter,Annual,21,84.56,15.2,1,27.0,5,43,6,4,0
C-1402,Professional,Monthly,17,749.72,28.7,10,15.9,3,45,1,4,1
C-1403,Starter,Monthly,35,162.58,42.2,2,22.0,13,25,1,2,1
C-1404,Starter,Annual,40,54.4,14.0,3,68.8,3,31,1,2,0
C-1405,Professional,Monthly,46,427.5,84.5,9,44.1,13,90,3,2,1
C-1406,Enterprise,Monthly,12,2963.16,209.7,37,21.8,10,87,3,2,1
C-1407,Starter,Monthly,46,139.34,46.2,5,28.0,8,76,6,2,0
C-1408,Professional,Monthly,42,332.72,42.9,18,10.0,12,37,0,3,1
C-1409,Starter,Annual,48,146.1,20.8,1,23.2,8,58,8,1,1
C-1410,Enterprise,Annual,1,1249.62,99.2,73,63.9,6,83,4,4,1
C-1411,Starter,Monthly,23,68.81,57.0,4,27.1,13,38,2,3,0
C-1412,Professional,Monthly,26,768.32,54.0,13,90.0,6,49,7,3,1
C-1413,Enterprise,Monthly,28,2810.81,126.4,71,63.5,5,49,9,4,1
C-1414,Starter,Annual,6,153.64,14.0,2,51.5,4,12,7,0,1
C-1415,Enterprise,Annual,31,1306.63,191.7,19,35.2,9,79,1,4,1
C-1416,Starter,Monthly,28,192.63,58.5,1,77.7,9,74,5,5,1
C-1417,Starter,Monthly,12,176.1,58.3,4,58.1,12,9,4,0,0
C-1418,Professional,Monthly,5,603.45,67.9,8,62.8,6,20,5,3,1
C-1419,Starter,Monthly,22,169.53,4.5,5,11.3,1,90,3,2,1
C-1420,Enterprise,Annual,47,4833.07,233.6,20,25.6,4,60,3,0,0
C-1421,Professional,Annual,34,575.2,144.8,13,69.7,3,88,10,1,0
C-1422,Starter,Annual,30,72.87,13.4,2,30.6,4,28,3,4,1
C-1423,Professional,Monthly,45,271.98,51.3,18,74.9,15,31,8,5,1
C-1424,Starter,Annual,30,108.5,27.4,5,79.8,7,50,0,5,1
C-1425,Starter,Monthly,25,171.47,46.0,4,38.0,9,32,10,2,0
C-1426,Starter,Monthly,13,53.55,25.4,1,42.5,2,39,10,5,0
C-1427,Professional,Monthly,37,568.64,36.0,19,69.8,4,6,2,4,0
C-1428,Starter,Monthly,1,127.66,15.8,2,59.7,9,10,9,5,1
C-1429,Enterprise,Monthly,41,2639.66,152.6,34,11.8,10,0,7,2,0
C-1430,Starter,Annual,19,85.86,52.7,4,18.2,5,73,8,5,0
C-1431,Starter,Monthly,42,89.56,55.7,4,17.3,12,75,3,5,0
C-1432,Enterprise,Monthly,4,2982.43,181.6,52,93.4,3,83,10,3,1
C-1433,Starter,Monthly,32,52.09,54.2,3,51.0,9,9,0,1,1
C-1434,Enterprise,Monthly,47,2205.33,116.9,51,20.9,6,67,5,0,0
C-1435,Starter,Monthly,5,199.0,8.9,3,76.9,8,55,6,4,1
C-1436,Professional,Annual,11,610.78,100.6,6,76.0,5,77,10,0,0
C-1437,Professional,Annual,44,717.23,109.1,6,56.8,2,15,0,0,0
C-1438,Starter,Monthly,48,105.6,53.6,5,92.6,5,65,9,0,1
C-1439,Starter,Monthly,8,177.37,42.2,3,46.4,2,51,7,3,1
C-1440,Starter,Monthly,36,137.45,28.9,5,57.3,14,65,10,3,0
C-1441,Professional,Annual,13,706.25,89.1,12,52.4,14,5,5,0,1
C-1442,Enterprise,Annual,17,2792.15,297.8,90,57.2,5,66,2,0,1
C-1443,Professional,Annual,33,303.62,101.8,5,80.6,9,29,0,2,0
C-1444,Starter,Annual,35,144.02,19.2,3,57.8,7,38,9,0,0
C-1445,Enterprise,Annual,27,3009.01,232.6,38,31.0,11,0,0,2,1
C-1446,Starter,Annual,13,144.44,14.4,4,76.0,12,9,7,0,1
C-1447,Enterprise,Monthly,47,2488.14,233.4,62,36.4,4,82,0,4,1
C-1448,Starter,Monthly,34,187.79,53.4,5,19.0,12,73,6,4,1
C-1449,Enterprise,Monthly,17,1034.16,142.5,28,82.3,9,63,7,1,1
C-1450,Starter,Annual,13,147.52,25.4,1,70.1,2,52,0,5,0
C-1451,Professional,Annual,8,486.24,111.1,9,15.8,0,8,7,0,0
C-1452,Starter,Annual,34,188.25,16.1,4,21.4,11,71,9,1,0
C-1453,Professional,Monthly,47,753.6,105.2,12,50.9,11,88,7,0,0
C-1454,Enterprise,Annual,21,2430.75,136.6,98,33.7,13,40,6,3,1
C-1455,Starter,Monthly,8,195.67,49.7,2,13.3,15,2,1,4,1
C-1456,Starter,Monthly,34,165.2,13.1,3,58.4,15,80,9,1,0
C-1457,Enterprise,Monthly,47,4459.87,84.3,68,45.8,11,3,3,1,1
C-1458,Enterprise,Annual,33,3511.57,183.9,76,45.5,13,86,10,5,0
C-1459,Professional,Monthly,1,691.47,46.5,7,23.7,15,69,5,1,1
C-1460,Enterprise,Annual,1,1071.1,110.1,84,56.3,6,1,9,0,1
C-1461,Starter,Monthly,27,101.7,19.9,5,66.2,0,13,4,0,0
C-1462,Professional,Annual,10,700.45,78.5,18,13.2,1,78,5,4,1
C-1463,Professional,Monthly,39,538.18,55.3,9,43.6,2,76,9,0,0
C-1464,Starter,Monthly,18,129.59,33.4,4,21.3,13,10,6,5,1
C-1465,Enterprise,Annual,31,4518.95,163.9,100,48.9,5,76,6,5,0
C-1466,Professional,Monthly,44,673.15,109.6,6,40.4,8,90,8,5,0
C-1467,Enterprise,Monthly,6,3620.78,116.2,98,21.8,10,20,7,3,1
C-1468,Starter,Monthly,31,100.68,21.6,3,46.5,8,37,8,0,1
C-1469,Enterprise,Annual,47,4914.83,183.2,59,47.6,11,3,1,1,0
C-1470,Starter,Annual,34,119.2,27.4,3,81.2,2,38,2,0,1
C-1471,Starter,Annual,43,168.46,51.8,2,56.9,5,69,10,0,0
C-1472,Starter,Monthly,12,96.79,32.9,2,77.6,14,23,3,3,0
C-1473,Professional,Monthly,4,500.93,94.2,10,36.0,9,39,6,5,1
C-1474,Enterprise,Monthly,12,4307.42,294.1,15,83.5,10,37,9,3,0
C-1475,Starter,Monthly,46,149.79,5.3,4,58.1,0,73,9,0,0
C-1476,Professional,Annual,41,591.2,129.7,19,81.8,8,50,7,3,1
C-1477,Starter,Annual,8,63.9,4.3,3,44.3,5,40,7,5,1
C-1478,Starter,Annual,47,143.88,4.0,5,12.2,14,75,5,2,1
C-1479,Enterprise,Annual,20,1951.57,136.1,58,67.8,1,47,7,1,0
C-1480,Professional,Annual,12,213.05,34.8,13,56.0,5,71,3,4,0
C-1481,Starter,Monthly,8,161.64,39.2,4,69.7,0,85,7,1,1
C-1482,Enterprise,Monthly,47,1972.79,295.1,34,80.6,4,29,10,3,0
C-1483,Professional,Monthly,32,485.51,140.1,15,43.0,10,26,2,2,1
C-1484,Enterprise,Monthly,10,2558.0,294.3,87,53.2,1,62,7,2,0
C-1485,Professional,Monthly,23,517.79,108.0,17,56.7,12,38,5,0,0
C-1486,Professional,Monthly,29,540.69,54.5,20,67.9,11,11,6,2,1
C-1487,Professional,Monthly,14,395.74,31.2,17,50.8,12,30,4,5,1
C-1488,Starter,Annual,43,122.78,19.4,4,76.1,14,84,1,0,1
C-1489,Professional,Monthly,12,498.38,133.6,16,92.3,13,85,8,4,0
C-1490,Professional,Monthly,46,669.65,115.0,8,90.9,10,87,0,5,0
C-1491,Starter,Monthly,19,110.52,10.4,1,44.4,8,52,5,0,1
C-1492,Professional,Monthly,8,407.68,31.2,5,34.9,2,86,3,5,1
C-1493,Professional,Monthly,31,574.12,89.1,16,66.2,13,40,1,5,1
C-1494,Enterprise,Annual,7,2875.41,250.0,54,58.2,13,59,0,0,0
C-1495,Enterprise,Monthly,45,4441.66,96.0,49,16.6,4,33,6,2,1
C-1496,Professional,Annual,39,416.78,83.2,17,92.1,6,40,1,3,1
C-1497,Starter,Annual,12,73.87,53.3,1,17.0,2,64,0,0,1
C-1498,Professional,Annual,4,219.12,119.4,20,31.6,10,42,5,3,1
C-1499,Starter,Annual,14,72.45,12.5,5,15.8,4,84,1,4,1
C-1500,Professional,Monthly,38,687.06,149.0,19,31.2,0,67,4,3,0
C-1501,Enterprise,Monthly,9,3226.04,245.4,50,53.4,10,54,2,3,1
C-1502,Professional,Monthly,41,286.18,138.9,15,82.2,8,44,9,4,0
C-1503,Professional,Annual,25,439.54,125.7,12,49.7,6,6,6,1,0
C-1504,Professional,Monthly,22,501.22,89.1,20,52.5,8,34,4,3,0
C-1505,Enterprise,Monthly,47,3025.67,120.0,27,68.4,1,74,2,3,1
C-1506,Starter,Annual,3,138.33,7.3,1,22.2,1,23,1,2,1
C-1507,Enterprise,Annual,33,2286.61,102.6,75,33.7,10,37,1,5,1
C-1508,Starter,Annual,32,51.18,46.5,4,52.3,11,9,9,0,0
C-1509,Starter,Monthly,47,114.64,29.6,3,74.6,14,65,4,1,1
C-1510,Professional,Monthly,35,385.75,55.4,10,16.6,1,26,2,1,0
C-1511,Professional,Annual,23,686.6,51.6,16,91.5,15,30,0,5,1
C-1512,Starter,Monthly,40,113.42,45.1,3,61.2,13,69,2,1,1
C-1513,Starter,Monthly,43,181.89,10.7,3,90.1,6,78,2,5,1
C-1514,Professional,Monthly,8,276.56,120.8,13,49.7,13,57,0,3,1
C-1515,Professional,Annual,47,591.17,104.2,12,31.6,10,38,7,2,0
C-1516,Enterprise,Monthly,15,4326.53,143.5,98,94.6,15,26,1,5,1
C-1517,Starter,Monthly,19,97.59,44.1,4,85.3,8,54,8,2,1
C-1518,Starter,Monthly,1,170.05,2.8,3,57.2,11,64,7,1,1
C-1519,Professional,Annual,31,409.98,129.0,18,63.9,4,49,4,1,1
C-1520,Starter,Monthly,29,172.11,55.9,5,91.1,0,62,3,3,0
C-1521,Enterprise,Annual,46,3477.51,192.3,73,13.6,10,74,9,0,0
C-1522,Professional,Monthly,26,597.82,126.3,10,73.3,7,44,6,1,1
C-1523,Starter,Monthly,5,183.46,52.0,5,50.1,1,0,0,4,0
C-1524,Starter,Annual,23,85.37,45.5,1,56.1,7,73,5,3,0
C-1525,Starter,Annual,2,93.72,24.2,4,19.9,0,11,4,3,0
C-1526,Starter,Annual,23,184.54,37.6,1,75.4,15,24,9,0,0
C-1527,Professional,Monthly,26,508.94,101.8,19,41.0,13,4,2,3,0
C-1528,Starter,Monthly,16,174.37,22.2,2,68.5,10,1,6,1,1
C-1529,Professional,Annual,4,759.9,110.3,14,23.1,8,11,10,3,0
C-1530,Starter,Annual,48,97.09,54.0,4,55.6,12,59,6,5,0
C-1531,Professional,Monthly,40,714.15,35.6,8,70.7,9,1,0,0,0
C-1532,Enterprise,Annual,8,1689.26,285.2,66,32.4,14,65,4,3,0
C-1533,Starter,Monthly,33,171.76,13.0,2,22.5,7,28,7,3,0
C-1534,Enterprise,Annual,10,4457.88,102.3,40,32.8,1,14,5,2,1
C-1535,Professional,Monthly,35,799.53,149.8,16,16.7,1,4,0,2,0
C-1536,Enterprise,Monthly,25,1483.25,232.9,73,61.7,7,79,3,5,0
C-1537,Enterprise,Monthly,37,1158.02,64.0,60,92.5,12,28,1,2,0
C-1538,Starter,Monthly,34,57.18,3.1,4,41.5,10,58,5,0,0
C-1539,Starter,Monthly,15,160.31,34.0,2,51.8,8,35,4,3,1
C-1540,Professional,Monthly,43,318.82,90.4,10,53.1,9,13,8,2,1
C-1541,Starter,Annual,48,91.97,20.7,1,15.6,14,31,3,3,1
C-1542,Starter,Monthly,13,110.24,22.1,5,51.3,5,60,9,1,1
C-1543,Starter,Monthly,25,74.75,39.6,4,36.7,0,55,0,2,1
C-1544,Professional,Annual,1,566.44,66.7,15,83.4,3,10,8,1,0
C-1545,Starter,Monthly,2,198.05,20.2,4,35.9,11,71,3,0,1
C-1546,Starter,Annual,45,106.61,8.5,3,59.2,4,64,10,4,1
C-1547,Professional,Monthly,26,272.05,81.7,15,56.4,6,32,5,5,1
C-1548,Professional,Monthly,18,600.5,42.0,3,45.4,4,43,5,4,0
C-1549,Starter,Monthly,23,130.21,40.5,5,76.1,11,51,10,1,1
C-1550,Starter,Monthly,3,126.04,22.2,2,34.7,7,10,9,1,1
C-1551,Enterprise,Annual,29,2925.51,102.4,16,52.2,6,17,8,0,0
C-1552,Starter,Annual,6,184.79,30.5,1,20.1,7,36,0,1,1
C-1553,Enterprise,Annual,28,1077.41,127.7,68,74.3,8,13,7,5,0
C-1554,Professional,Annual,1,210.78,28.1,3,84.5,2,29,3,0,0
C-1555,Professional,Monthly,8,365.77,91.2,3,31.7,0,10,1,5,0
C-1556,Starter,Annual,42,135.61,8.3,5,83.5,2,74,2,3,0
C-1557,Enterprise,Monthly,16,3509.42,227.7,46,37.4,2,66,4,3,0
C-1558,Enterprise,Monthly,45,3468.11,236.1,35,27.5,12,42,9,3,1
C-1559,Enterprise,Annual,41,4843.33,76.1,75,49.2,3,77,2,5,0
C-1560,Enterprise,Annual,15,1735.68,180.5,26,81.6,12,44,6,0,0
C-1561,Professional,Annual,38,427.16,135.3,7,42.0,13,87,9,4,1
C-1562,Professional,Annual,37,723.38,114.7,17,83.9,0,86,8,5,0
C-1563,Enterprise,Monthly,19,4690.56,233.3,57,81.4,14,56,10,2,0
C-1564,Enterprise,Monthly,31,1698.55,216.3,90,53.1,1,59,5,0,0
C-1565,Professional,Monthly,42,638.6,121.4,10,81.2,7,72,3,2,1
C-1566,Starter,Monthly,43,157.83,27.2,5,52.5,10,57,0,3,1
C-1567,Enterprise,Annual,24,1898.38,150.7,56,23.2,14,26,2,0,1
C-1568,Starter,Monthly,29,152.07,35.9,5,54.6,0,21,10,1,0
C-1569,Enterprise,Monthly,32,2473.07,239.1,17,53.5,6,63,10,0,1
C-1570,Professional,Annual,45,603.38,121.9,3,45.5,6,87,10,5,1
C-1571,Professional,Monthly,20,376.16,30.2,18,36.4,14,0,10,4,0
C-1572,Starter,Annual,32,68.61,42.8,2,34.9,10,74,6,1,1
C-1573,Professional,Annual,47,715.0,146.1,11,18.9,4,80,6,3,1
C-1574,Starter,Annual,11,133.95,30.6,1,85.7,7,18,1,2,0
C-1575,Starter,Monthly,5,151.54,37.9,5,49.5,14,14,0,2,0
C-1576,Professional,Annual,39,295.22,135.8,18,78.8,0,19,2,0,0
C-1577,Enterprise,Annual,26,935.89,58.7,49,42.7,2,60,3,2,1
C-1578,Enterprise,Annual,17,4627.41,119.7,54,41.0,10,10,2,1,0
C-1579,Enterprise,Monthly,38,1114.98,248.5,48,73.4,2,44,10,3,1
C-1580,Starter,Monthly,13,84.9,25.9,3,53.3,10,2,0,3,0
C-1581,Starter,Monthly,21,177.08,2.1,5,17.4,11,29,6,2,1
C-1582,Enterprise,Annual,40,2593.41,252.0,96,50.8,3,26,4,0,0
C-1583,Starter,Monthly,18,132.13,27.1,5,15.5,10,27,5,0,1
C-1584,Professional,Monthly,23,640.92,29.9,19,33.6,12,26,9,1,0
C-1585,Starter,Annual,24,64.75,54.4,2,88.0,2,6,0,2,0
C-1586,Professional,Annual,28,659.55,149.1,11,93.2,7,66,4,3,0
C-1587,Professional,Annual,37,680.5,104.1,14,14.1,3,49,3,1,0
C-1588,Professional,Monthly,16,690.94,124.1,7,37.0,7,17,8,3,1
C-1589,Professional,Monthly,45,717.69,99.0,12,93.2,3,17,8,5,0
C-1590,Starter,Annual,28,75.98,15.9,5,19.6,6,83,9,1,1
C-1591,Starter,Monthly,6,124.03,25.2,5,47.1,15,79,1,0,1
C-1592,Professional,Annual,10,342.29,143.0,13,58.0,7,26,5,1,1
C-1593,Starter,Monthly,11,156.78,33.5,4,71.2,9,45,10,0,0
C-1594,Professional,Annual,45,216.83,53.0,11,77.4,15,11,6,4,1
C-1595,Professional,Monthly,5,521.7,36.7,12,42.8,5,12,6,1,0
C-1596,Professional,Monthly,34,458.81,103.5,17,84.6,4,20,3,1,0
C-1597,Starter,Annual,13,117.95,52.5,2,43.4,2,20,5,2,1
C-1598,Starter,Monthly,34,166.68,56.6,5,33.8,11,78,0,2,1
C-1599,Starter,Monthly,28,96.83,17.8,1,10.3,14,75,4,5,1
C-1600,Starter,Monthly,23,82.54,35.6,2,32.8,8,84,8,1,1
C-1601,Starter,Annual,38,105.36,55.3,5,65.4,14,61,5,2,1
C-1602,Professional,Annual,48,393.35,78.6,16,46.0,11,0,1,5,0
C-1603,Starter,Monthly,13,148.91,28.0,1,32.0,9,70,7,1,1
C-1604,Starter,Annual,28,67.57,12.0,5,84.1,7,0,5,3,1
C-1605,Professional,Annual,36,713.2,86.1,3,71.6,0,76,8,4,0
C-1606,Starter,Monthly,9,103.46,38.3,1,65.0,8,18,3,5,1
C-1607,Starter,Annual,14,57.45,11.1,5,21.1,0,21,5,0,1
C-1608,Enterprise,Annual,11,2812.61,190.4,27,81.7,14,73,9,4,0
C-1609,Starter,Annual,45,171.4,40.7,2,24.4,1,29,2,1,1
C-1610,Professional,Annual,30,484.16,24.2,10,50.9,3,62,1,2,1
C-1611,Starter,Monthly,19,107.18,31.4,5,77.7,11,73,2,5,1
C-1612,Starter,Annual,6,167.11,10.1,5,45.4,12,5,0,4,1
C-1613,Professional,Annual,19,546.71,139.4,6,76.2,3,47,9,0,1
C-1614,Starter,Annual,47,123.25,29.3,3,62.2,0,13,2,2,0
C-1615,Professional,Monthly,45,322.26,118.8,7,93.8,14,69,10,3,0
C-1616,Starter,Monthly,43,179.06,48.9,5,68.6,10,86,9,4,0
C-1617,Starter,Monthly,38,95.3,40.9,4,14.4,14,11,9,0,0
C-1618,Professional,Annual,15,419.9,48.5,10,86.7,4,14,10,3,1
C-1619,Starter,Annual,41,63.0,20.6,5,64.9,13,53,3,0,0
C-1620,Professional,Annual,35,479.77,68.8,5,39.1,4,14,1,5,0
C-1621,Professional,Annual,40,354.07,112.2,6,63.0,12,41,10,4,1
C-1622,Professional,Monthly,42,433.99,59.7,6,33.7,2,27,7,2,1
C-1623,Enterprise,Monthly,6,3180.65,64.5,24,80.2,0,52,3,4,1
C-1624,Starter,Monthly,11,107.67,46.8,5,80.0,10,10,10,4,0
C-1625,Professional,Monthly,38,492.27,105.0,13,83.0,2,57,9,0,1
C-1626,Enterprise,Monthly,36,4592.59,60.2,92,86.3,8,46,9,5,1
C-1627,Enterprise,Monthly,19,3391.48,62.4,15,61.7,2,4,0,3,0
C-1628,Professional,Monthly,39,521.47,48.1,9,17.3,15,75,2,3,0
C-1629,Starter,Annual,45,85.65,4.8,3,10.2,0,83,6,2,1
C-1630,Starter,Monthly,8,58.61,8.1,5,41.9,3,2,5,4,1
C-1631,Enterprise,Monthly,22,1703.59,174.7,84,33.1,11,68,3,4,1
C-1632,Professional,Annual,47,460.77,115.3,13,31.8,7,32,7,4,1
C-1633,Starter,Annual,34,132.25,44.5,1,49.9,12,90,10,5,1
C-1634,Starter,Annual,3,144.23,14.6,4,63.3,3,59,6,1,1
C-1635,Professional,Monthly,34,526.56,31.0,6,24.1,14,59,6,0,0
C-1636,Enterprise,Monthly,29,4989.45,264.9,49,20.8,12,59,6,5,0
C-1637,Starter,Monthly,43,191.42,48.7,3,61.7,13,40,7,0,1
C-1638,Starter,Annual,35,95.2,59.1,5,66.5,11,11,9,3,1
C-1639,Professional,Annual,2,782.18,28.7,11,12.4,0,42,4,5,1
C-1640,Enterprise,Monthly,42,3922.87,143.5,24,45.8,7,70,9,3,0
C-1641,Enterprise,Annual,38,4899.86,248.4,96,14.1,12,49,6,3,1
C-1642,Starter,Monthly,20,77.26,58.1,2,18.8,10,61,9,4,1
C-1643,Professional,Annual,36,239.42,149.7,11,41.3,1,60,7,4,1
C-1644,Starter,Monthly,40,113.23,31.7,1,58.3,4,58,1,3,1
C-1645,Starter,Annual,42,84.34,12.5,4,10.1,14,80,7,1,0
C-1646,Starter,Monthly,14,69.08,58.3,1,26.1,8,17,7,0,1
C-1647,Enterprise,Annual,36,1337.65,100.6,26,64.7,1,6,2,2,0
C-1648,Professional,Monthly,47,439.43,115.4,3,76.4,3,69,5,1,1
C-1649,Enterprise,Monthly,19,3727.7,105.0,63,25.1,14,43,3,5,1
C-1650,Professional,Monthly,16,342.65,57.4,7,19.4,4,90,9,3,1
C-1651,Enterprise,Monthly,5,2388.47,98.5,88,27.8,1,26,2,1,1
C-1652,Enterprise,Annual,33,994.65,50.8,75,23.3,2,89,5,2,0
C-1653,Enterprise,Annual,6,4570.34,287.0,57,18.5,3,69,8,1,0
C-1654,Professional,Monthly,42,246.77,94.8,5,60.4,9,34,5,5,1
C-1655,Professional,Monthly,25,756.76,118.2,15,22.8,6,52,7,0,1
C-1656,Starter,Monthly,15,95.76,23.3,4,68.8,3,80,7,2,1
C-1657,Enterprise,Annual,47,4766.3,102.0,10,14.0,4,23,4,1,1
C-1658,Enterprise,Monthly,26,4963.6,127.8,37,66.3,6,88,5,0,0
C-1659,Professional,Monthly,48,295.91,28.5,5,36.9,5,56,0,4,0
C-1660,Professional,Annual,27,687.11,75.8,11,20.7,3,11,7,5,0
C-1661,Starter,Monthly,3,141.88,8.7,3,43.4,1,42,2,5,0
C-1662,Starter,Monthly,25,184.77,33.0,4,70.4,2,2,3,4,0
C-1663,Starter,Monthly,41,77.24,28.6,5,29.6,5,76,0,1,1
C-1664,Starter,Monthly,34,131.57,52.3,1,51.8,13,76,6,2,1
C-1665,Enterprise,Monthly,14,3201.47,290.6,31,57.1,3,32,6,1,0
C-1666,Starter,Annual,19,101.37,15.7,4,32.2,2,9,6,0,0
C-1667,Starter,Annual,35,152.11,9.0,2,22.3,6,82,4,5,1
C-1668,Professional,Monthly,30,673.42,106.8,12,55.5,11,85,6,4,0
C-1669,Professional,Monthly,22,248.23,54.1,6,63.5,14,17,9,5,0
C-1670,Starter,Monthly,4,121.95,14.7,5,17.3,7,68,2,3,1
C-1671,Starter,Monthly,9,81.73,36.9,3,32.4,4,42,9,0,0
C-1672,Professional,Annual,1,694.46,123.2,17,64.3,6,7,9,5,0
C-1673,Starter,Annual,40,158.72,16.8,5,43.6,1,61,5,1,0
C-1674,Enterprise,Monthly,43,4089.29,195.5,34,56.7,5,66,10,4,0
C-1675,Professional,Annual,47,392.28,77.5,19,35.8,10,43,0,2,1
C-1676,Professional,Monthly,44,251.99,73.9,17,92.4,10,50,10,3,1
C-1677,Professional,Annual,26,755.58,107.7,8,36.3,3,39,4,2,0
C-1678,Enterprise,Monthly,46,4352.69,117.1,87,48.5,6,83,0,0,1
C-1679,Starter,Monthly,35,89.24,20.8,3,78.0,2,16,10,1,1
C-1680,Enterprise,Annual,34,3517.59,175.7,81,18.5,2,16,0,2,0
C-1681,Starter,Annual,34,142.65,15.6,5,69.6,5,19,0,1,0
C-1682,Enterprise,Annual,32,2592.24,278.9,85,47.3,12,67,3,5,1
C-1683,Professional,Monthly,27,469.02,27.8,3,66.6,15,62,3,2,0
C-1684,Starter,Annual,12,104.8,50.1,3,60.3,3,18,1,1,0
C-1685,Enterprise,Monthly,11,2220.02,113.1,35,46.7,8,49,6,4,1
C-1686,Starter,Monthly,22,187.36,19.3,1,27.9,2,34,8,1,1
C-1687,Starter,Annual,22,192.87,45.8,4,25.3,11,47,5,1,1
C-1688,Starter,Annual,48,160.59,54.6,5,81.4,11,40,0,1,1
C-1689,Enterprise,Monthly,24,857.72,291.7,36,71.8,1,59,2,1,0
C-1690,Professional,Annual,37,319.58,143.7,7,77.4,13,49,8,4,0
C-1691,Starter,Monthly,44,101.08,46.6,2,55.1,9,39,3,0,1
C-1692,Professional,Annual,28,261.93,53.1,6,46.7,7,83,7,0,0
C-1693,Starter,Annual,46,70.9,3.7,3,14.5,9,0,7,4,1
C-1694,Starter,Annual,31,160.13,31.7,1,14.0,8,65,5,4,1
C-1695,Starter,Annual,48,103.82,17.4,3,57.3,14,66,4,5,1
C-1696,Starter,Monthly,7,89.04,41.4,5,49.4,11,9,5,5,0
C-1697,Professional,Annual,9,554.92,141.6,9,48.8,1,80,1,3,0
C-1698,Starter,Monthly,45,121.65,25.4,2,29.5,9,60,10,4,1
C-1699,Starter,Monthly,37,77.9,57.4,5,35.7,14,48,7,3,1
C-1700,Professional,Monthly,29,367.95,73.1,15,74.9,14,71,5,3,1
C-1701,Professional,Monthly,16,438.24,104.9,6,18.0,12,66,5,4,0
C-1702,Enterprise,Monthly,5,4603.32,79.4,76,52.0,15,70,2,2,1
C-1703,Starter,Annual,14,75.99,7.1,1,82.4,0,21,10,4,0
C-1704,Professional,Annual,37,600.17,28.8,5,14.5,2,16,0,0,0
C-1705,Enterprise,Monthly,45,3152.41,298.8,97,50.4,13,12,9,2,0
C-1706,Starter,Monthly,12,160.84,12.0,3,78.3,4,33,7,5,1
C-1707,Enterprise,Annual,3,3255.59,165.3,92,76.8,14,34,3,3,1
C-1708,Starter,Monthly,44,96.44,28.8,2,42.8,3,80,5,5,1
C-1709,Professional,Annual,9,753.11,20.2,8,58.6,4,16,3,5,1
C-1710,Enterprise,Annual,2,2936.85,152.6,98,30.5,9,35,5,1,1
C-1711,Enterprise,Annual,3,3105.54,192.4,93,11.7,6,65,5,3,1
C-1712,Professional,Monthly,9,534.27,56.2,7,48.3,6,53,2,5,1
C-1713,Enterprise,Annual,18,3395.38,124.0,97,84.4,9,58,9,0,1
C-1714,Professional,Monthly,16,737.41,102.3,8,44.1,0,55,0,4,0
C-1715,Enterprise,Monthly,34,1415.52,289.5,12,11.2,5,76,7,4,1
C-1716,Professional,Annual,36,283.35,54.9,13,63.7,6,0,9,1,1
C-1717,Enterprise,Monthly,33,3099.92,149.7,12,27.4,10,68,3,1,0
C-1718,Starter,Monthly,10,83.83,17.0,3,16.1,12,7,8,1,0
C-1719,Enterprise,Annual,17,3981.26,196.0,86,33.0,5,85,2,1,0
C-1720,Starter,Monthly,47,95.16,45.8,4,20.2,14,10,0,4,0
C-1721,Enterprise,Monthly,10,4734.08,276.8,40,64.7,14,88,5,5,0
C-1722,Enterprise,Monthly,17,2247.91,139.3,48,31.9,4,19,7,0,0
C-1723,Enterprise,Annual,40,4657.23,209.3,73,78.2,8,21,2,5,1
C-1724,Professional,Monthly,3,331.03,52.9,14,65.1,6,56,4,1,1
C-1725,Starter,Annual,4,110.02,2.3,5,31.0,14,62,3,3,1
C-1726,Starter,Annual,33,103.36,32.1,4,91.2,10,59,3,1,1
C-1727,Enterprise,Monthly,32,4016.63,197.5,14,25.7,9,86,0,2,1
C-1728,Professional,Annual,30,427.89,33.6,8,49.4,3,19,10,0,0
C-1729,Professional,Monthly,35,221.59,94.7,14,23.5,8,84,2,3,1
C-1730,Starter,Monthly,16,184.69,27.9,1,16.7,0,8,1,3,1
C-1731,Starter,Annual,30,118.94,19.1,2,41.3,1,53,7,5,1
C-1732,Starter,Annual,39,168.53,34.7,1,76.8,15,15,6,3,0
C-1733,Professional,Annual,46,509.15,50.6,8,93.1,4,28,10,5,0
C-1734,Enterprise,Monthly,14,1742.29,80.2,78,50.8,3,40,5,5,1
C-1735,Enterprise,Annual,13,1030.05,260.0,75,90.2,0,24,5,2,0
C-1736,Enterprise,Monthly,48,1724.19,87.8,83,41.4,0,34,8,4,0
C-1737,Enterprise,Annual,7,4038.85,185.3,99,41.0,14,29,2,5,1
C-1738,Professional,Annual,31,515.11,100.9,7,87.1,7,89,10,4,0
C-1739,Starter,Annual,7,144.36,26.3,1,33.5,13,58,8,3,0
C-1740,Enterprise,Annual,35,1067.05,146.9,18,87.6,8,69,6,3,1
C-1741,Professional,Annual,35,649.87,130.1,11,33.2,8,75,1,0,0
C-1742,Starter,Monthly,17,150.34,27.5,2,37.4,14,29,0,5,1
C-1743,Professional,Monthly,32,281.34,85.4,8,82.6,0,16,2,5,0
C-1744,Enterprise,Annual,12,2836.14,276.6,57,23.4,11,21,7,5,0
C-1745,Enterprise,Monthly,5,4434.18,225.3,38,34.4,12,49,3,4,1
C-1746,Professional,Annual,38,463.5,80.5,17,19.3,8,52,0,2,1
C-1747,Enterprise,Annual,47,2191.72,276.6,46,86.2,1,78,6,4,1
C-1748,Professional,Monthly,28,668.78,97.4,18,18.0,9,51,2,4,1
C-1749,Starter,Monthly,13,108.44,3.1,2,74.3,0,69,1,0,0
C-1750,Starter,Monthly,45,120.63,15.7,1,94.3,5,52,3,3,1
C-1751,Starter,Monthly,44,161.77,14.1,2,25.8,1,65,1,4,1
C-1752,Professional,Monthly,31,783.68,53.6,12,84.3,8,84,5,5,0
C-1753,Enterprise,Annual,11,2663.49,278.4,100,61.0,5,37,4,3,0
C-1754,Professional,Monthly,5,473.36,23.1,15,57.4,14,72,9,5,1
C-1755,Enterprise,Annual,25,1306.55,168.1,87,92.8,5,24,7,3,1
C-1756,Professional,Monthly,47,563.04,136.7,9,87.5,15,66,7,4,1
C-1757,Starter,Monthly,5,76.43,6.8,2,86.4,6,40,8,0,1
C-1758,Professional,Monthly,25,302.82,112.2,6,61.7,6,40,6,1,0
C-1759,Enterprise,Annual,19,1765.24,218.1,79,25.6,8,3,1,1,1
C-1760,Professional,Monthly,17,347.34,26.1,5,56.0,3,19,4,3,0
C-1761,Starter,Monthly,43,119.97,14.0,2,92.6,15,21,9,5,1
C-1762,Professional,Monthly,31,410.19,47.7,16,85.4,8,67,1,2,0
C-1763,Starter,Annual,25,124.2,37.7,1,57.3,10,8,9,1,1
C-1764,Professional,Monthly,40,649.59,65.5,19,38.6,8,5,5,3,0
C-1765,Enterprise,Monthly,38,4359.4,223.5,16,89.5,3,6,7,2,0
C-1766,Professional,Annual,39,570.32,41.4,13,50.2,10,6,2,1,0
C-1767,Starter,Annual,8,149.31,53.4,2,91.5,5,47,4,2,0
C-1768,Professional,Monthly,21,575.12,52.1,3,48.5,10,69,2,2,1
C-1769,Professional,Annual,10,342.63,68.8,18,54.2,0,56,5,0,0
C-1770,Professional,Monthly,12,442.6,82.8,12,11.1,1,58,3,3,0
C-1771,Starter,Annual,8,124.93,17.9,1,28.5,2,36,10,5,0
C-1772,Starter,Monthly,46,77.35,6.6,5,40.8,10,2,10,2,0
C-1773,Starter,Monthly,41,90.69,12.4,2,55.7,10,51,0,5,1
C-1774,Enterprise,Monthly,23,4591.11,70.5,72,75.7,12,24,6,4,1
C-1775,Professional,Monthly,35,351.91,145.3,18,10.5,8,29,5,5,0
C-1776,Professional,Annual,6,462.52,74.9,5,84.8,1,69,10,2,0
C-1777,Starter,Annual,17,117.03,36.3,4,18.8,5,53,5,0,1
C-1778,Professional,Annual,24,798.2,85.7,13,26.5,15,75,9,5,1
C-1779,Professional,Monthly,6,455.51,74.5,4,63.0,10,9,1,4,0
C-1780,Enterprise,Monthly,29,2000.49,125.7,70,26.5,5,10,7,5,0
C-1781,Professional,Monthly,21,476.83,136.4,17,12.0,1,66,10,2,0
C-1782,Professional,Monthly,13,387.24,122.9,16,34.1,7,21,7,5,1
C-1783,Starter,Annual,47,173.65,26.7,2,50.2,1,10,10,2,0
C-1784,Enterprise,Monthly,26,4528.53,206.0,78,16.9,1,47,2,3,0
C-1785,Professional,Monthly,36,395.44,71.7,6,45.9,8,52,0,3,0
C-1786,Professional,Monthly,13,717.25,51.0,13,38.0,6,65,8,1,0
C-1787,Starter,Annual,17,137.22,39.7,3,82.3,10,73,10,1,0
C-1788,Enterprise,Annual,48,833.53,284.3,60,46.5,10,26,4,3,0
C-1789,Enterprise,Annual,3,3183.06,55.4,78,89.3,0,5,0,1,0
C-1790,Professional,Monthly,6,479.9,21.7,19,80.1,8,39,9,5,0
C-1791,Starter,Annual,10,193.01,42.3,4,39.4,4,77,4,1,1
C-1792,Enterprise,Monthly,37,1289.01,289.2,57,27.2,10,74,2,3,1
C-1793,Professional,Annual,48,436.63,35.1,8,34.5,6,27,8,0,1
C-1794,Professional,Annual,31,729.63,25.8,17,49.2,9,39,6,0,0
C-1795,Starter,Annual,25,89.8,8.8,3,10.8,6,12,2,1,1
C-1796,Enterprise,Annual,15,1945.38,174.7,32,18.8,15,36,1,5,1
C-1797,Enterprise,Annual,29,2263.43,124.5,58,33.8,13,88,6,4,0
C-1798,Professional,Annual,13,565.72,79.0,9,91.0,4,56,8,3,1
C-1799,Enterprise,Monthly,40,4743.24,244.5,62,28.3,11,46,5,5,1
C-1800,Starter,Monthly,43,140.03,48.6,1,32.3,11,16,5,1,0
C-1801,Starter,Monthly,1,62.6,35.2,3,33.1,15,7,5,4,0
C-1802,Enterprise,Monthly,43,3267.11,75.1,50,22.6,2,0,2,0,0
C-1803,Starter,Monthly,31,50.25,28.2,2,81.2,13,2,4,1,1
C-1804,Enterprise,Monthly,1,942.34,151.8,72,61.7,11,18,1,0,0
C-1805,Professional,Annual,21,379.75,65.1,13,70.1,12,18,2,1,0
C-1806,Enterprise,Annual,18,1989.49,73.7,21,11.5,12,63,3,4,0
C-1807,Professional,Annual,42,446.89,94.5,4,49.6,0,48,4,5,0
C-1808,Professional,Annual,22,655.24,145.2,9,90.5,10,10,7,2,0
C-1809,Starter,Monthly,2,55.97,32.2,1,68.4,14,50,2,3,0
C-1810,Enterprise,Monthly,14,3093.89,165.0,49,28.4,7,19,6,1,0
C-1811,Starter,Monthly,14,95.61,14.2,2,86.6,4,29,0,0,1
C-1812,Enterprise,Monthly,31,2326.57,244.7,13,31.2,1,77,5,5,1
C-1813,Enterprise,Monthly,45,1494.89,103.0,73,18.9,1,15,0,2,0
C-1814,Starter,Monthly,3,137.59,5.1,5,59.9,7,32,0,5,1
C-1815,Professional,Monthly,47,517.41,82.5,15,52.8,12,47,5,4,0
C-1816,Starter,Monthly,30,115.98,32.3,4,38.5,13,37,4,1,1
C-1817,Professional,Monthly,6,561.8,39.0,14,21.1,13,56,4,4,1
C-1818,Enterprise,Annual,12,1178.73,146.3,88,91.7,11,22,3,4,0
C-1819,Enterprise,Annual,29,1118.0,121.9,12,72.1,7,85,5,3,0
C-1820,Professional,Monthly,12,352.07,57.7,10,54.0,6,48,2,1,0
C-1821,Enterprise,Monthly,23,1657.15,232.8,35,63.7,15,59,10,3,1
C-1822,Enterprise,Annual,28,2145.18,184.1,75,22.1,13,45,4,5,0
C-1823,Enterprise,Annual,38,4948.22,136.3,91,84.8,15,28,10,0,0
C-1824,Professional,Annual,21,799.68,141.0,11,66.9,9,81,2,4,1
C-1825,Professional,Monthly,30,445.88,101.1,17,36.6,10,50,1,0,0
C-1826,Starter,Annual,24,170.49,4.5,3,78.6,3,71,8,3,0
C-1827,Professional,Monthly,7,251.84,92.1,3,15.5,2,64,7,1,0
C-1828,Enterprise,Annual,47,1581.66,153.7,37,64.5,11,51,2,5,0
C-1829,Starter,Monthly,24,145.85,58.7,1,44.3,15,53,9,0,1
C-1830,Starter,Annual,26,181.45,47.7,1,61.4,9,90,7,0,0
C-1831,Starter,Monthly,16,75.97,43.0,1,90.0,15,31,2,2,0
C-1832,Starter,Annual,8,190.75,15.9,1,78.6,6,38,8,4,0
C-1833,Enterprise,Monthly,27,3793.87,288.8,36,94.5,2,56,2,0,0
C-1834,Professional,Monthly,26,325.72,125.7,5,54.6,12,58,0,5,1
C-1835,Professional,Monthly,14,409.89,108.7,12,88.4,11,79,3,0,1
C-1836,Starter,Monthly,23,93.85,27.7,5,59.3,6,32,1,1,1
C-1837,Enterprise,Monthly,22,1968.86,51.6,62,31.6,15,14,10,4,0
C-1838,Starter,Monthly,38,90.5,25.7,1,26.1,9,42,3,4,1
C-1839,Professional,Annual,9,668.63,126.4,17,75.0,8,44,10,4,1
C-1840,Professional,Monthly,9,296.97,113.6,15,68.3,4,12,8,0,0
C-1841,Professional,Monthly,22,306.1,96.8,12,31.6,8,44,1,5,0
C-1842,Starter,Monthly,20,146.1,5.8,1,82.3,6,1,6,1,0
C-1843,Starter,Annual,32,65.43,41.6,5,31.8,10,56,5,2,1
C-1844,Starter,Annual,22,81.61,17.0,4,20.7,9,66,6,4,1
C-1845,Professional,Annual,42,649.22,137.2,8,23.7,10,28,5,0,1
C-1846,Enterprise,Monthly,29,1898.54,148.9,84,10.6,7,66,4,3,0
C-1847,Starter,Monthly,1,100.92,53.1,4,71.9,4,20,2,0,0
C-1848,Enterprise,Annual,47,4611.64,58.4,49,11.0,4,27,10,2,1
C-1849,Enterprise,Monthly,15,3647.16,186.2,91,27.9,9,47,3,2,0
C-1850,Enterprise,Monthly,21,3585.92,152.8,79,26.9,12,53,9,2,0
C-1851,Starter,Annual,33,106.29,38.1,3,62.4,15,69,5,5,1
C-1852,Starter,Annual,20,94.06,20.3,3,31.0,5,76,6,3,0
C-1853,Professional,Monthly,20,723.02,40.3,9,17.5,12,13,6,3,1
C-1854,Starter,Monthly,33,171.57,37.0,1,38.8,3,48,8,1,1
C-1855,Enterprise,Monthly,23,3644.92,114.8,83,19.7,8,4,6,2,0
C-1856,Enterprise,Monthly,7,4904.35,282.1,64,51.0,8,76,0,3,1
C-1857,Starter,Monthly,33,87.24,56.3,4,24.0,6,28,4,5,1
C-1858,Professional,Monthly,22,615.43,40.0,9,81.9,9,62,6,0,1
C-1859,Professional,Monthly,48,691.45,107.1,16,17.1,8,72,8,5,1
C-1860,Enterprise,Monthly,7,2111.49,171.4,84,81.7,6,65,9,1,1
C-1861,Starter,Annual,19,146.39,15.0,4,91.2,10,81,10,5,1
C-1862,Starter,Annual,6,164.08,6.7,4,68.5,13,57,4,2,0
C-1863,Professional,Annual,34,750.1,45.9,3,48.9,2,12,6,4,0
C-1864,Enterprise,Annual,10,2454.34,200.7,95,17.0,14,87,0,5,1
C-1865,Starter,Annual,44,119.35,57.2,1,39.8,8,9,9,0,0
C-1866,Enterprise,Annual,20,3814.73,224.6,78,63.8,3,15,7,2,0
C-1867,Starter,Monthly,29,96.54,19.2,1,93.8,5,67,10,2,0
C-1868,Enterprise,Monthly,42,4064.52,104.7,68,12.5,3,6,3,2,0
C-1869,Starter,Annual,36,134.98,8.8,1,36.5,5,32,6,0,0
C-1870,Starter,Annual,10,131.31,22.8,5,58.9,14,22,6,1,1
C-1871,Starter,Monthly,1,133.04,27.4,1,32.8,4,74,5,5,1
C-1872,Starter,Monthly,18,150.61,50.2,4,33.0,5,28,5,4,0
C-1873,Starter,Monthly,32,109.76,38.1,1,55.7,13,36,8,5,0
C-1874,Starter,Monthly,10,85.68,35.0,1,39.8,6,63,0,5,1
C-1875,Professional,Monthly,9,434.81,112.6,9,42.4,3,31,8,4,0
C-1876,Professional,Monthly,28,297.02,100.7,11,52.3,11,38,8,3,0
C-1877,Professional,Monthly,28,352.98,35.3,15,58.7,8,65,3,4,0
C-1878,Professional,Monthly,3,273.43,124.8,19,38.8,13,58,7,4,1
C-1879,Starter,Monthly,40,117.58,21.5,2,62.1,1,29,10,3,0
C-1880,Enterprise,Annual,14,1328.73,232.9,41,76.7,12,14,10,2,0
C-1881,Enterprise,Annual,19,4933.92,266.9,34,83.5,6,57,8,0,0
C-1882,Professional,Monthly,36,459.99,90.0,20,11.8,9,51,1,5,1
C-1883,Starter,Monthly,20,98.99,20.4,4,28.8,12,26,6,1,0
C-1884,Professional,Annual,14,749.86,38.6,7,85.2,6,7,4,1,1
C-1885,Starter,Annual,37,132.35,12.8,1,35.7,14,72,3,3,1
C-1886,Enterprise,Monthly,15,1643.71,243.0,99,58.4,6,63,10,3,0
C-1887,Starter,Monthly,12,140.05,36.2,5,21.0,4,3,1,1,1
C-1888,Starter,Monthly,31,182.35,43.4,5,85.6,1,60,4,4,1
C-1889,Enterprise,Monthly,15,3336.73,184.6,35,84.2,13,74,6,5,1
C-1890,Starter,Annual,28,134.14,7.1,5,11.2,0,87,3,1,1
C-1891,Enterprise,Annual,48,2715.14,241.7,35,90.3,12,8,4,5,0
C-1892,Starter,Annual,5,140.87,53.3,4,17.4,10,68,1,4,1
C-1893,Starter,Monthly,40,140.36,40.4,2,77.9,5,21,3,0,0
C-1894,Professional,Monthly,46,746.92,64.6,19,94.1,6,82,10,1,1
C-1895,Enterprise,Monthly,44,3150.08,248.4,98,16.4,0,61,2,1,1
C-1896,Enterprise,Annual,44,4649.58,174.4,66,54.1,1,11,9,2,0
C-1897,Starter,Annual,14,96.06,56.5,3,22.9,7,62,4,1,1
C-1898,Enterprise,Monthly,32,2904.91,187.2,70,73.6,1,19,3,4,1
C-1899,Professional,Monthly,4,561.79,68.6,5,60.8,2,1,4,5,1
C-1900,Professional,Annual,46,686.08,140.7,10,92.4,2,3,10,5,0
C-1901,Enterprise,Monthly,23,993.48,201.7,59,27.3,1,48,2,3,0
C-1902,Starter,Annual,36,120.28,47.5,4,80.9,13,11,7,3,0
C-1903,Professional,Monthly,27,275.2,132.9,12,24.5,15,46,8,5,1
C-1904,Enterprise,Annual,20,1066.13,230.6,77,71.8,4,44,9,5,1
C-1905,Starter,Monthly,8,121.81,34.3,3,86.2,10,19,8,4,1
C-1906,Starter,Annual,27,191.25,49.8,3,45.6,0,47,0,4,1
C-1907,Professional,Annual,43,799.93,81.7,3,87.7,4,6,4,3,1
C-1908,Starter,Monthly,29,133.84,49.7,3,88.9,12,28,2,1,0
C-1909,Professional,Monthly,8,339.76,108.2,13,56.9,1,22,10,0,1
C-1910,Professional,Monthly,2,285.17,127.3,13,56.1,6,42,0,3,1
C-1911,Starter,Monthly,24,121.0,5.1,5,89.8,6,21,8,3,0
C-1912,Starter,Monthly,20,83.71,50.7,2,78.7,9,74,1,5,0
C-1913,Professional,Annual,20,694.81,106.4,17,72.0,13,80,4,5,1
C-1914,Enterprise,Monthly,2,1711.36,270.0,95,66.5,10,70,1,4,1
C-1915,Professional,Annual,16,405.91,131.1,16,20.7,4,46,8,5,1
C-1916,Professional,Annual,18,567.35,145.5,11,75.8,14,25,3,1,1
C-1917,Enterprise,Annual,14,3728.17,145.3,55,38.6,10,84,0,1,0
C-1918,Starter,Monthly,24,78.5,43.0,4,91.1,4,57,9,2,1
C-1919,Enterprise,Annual,48,1975.94,131.3,79,26.1,11,76,1,2,1
C-1920,Professional,Monthly,47,359.22,114.8,19,89.0,8,2,0,3,0
C-1921,Enterprise,Annual,42,2568.87,65.0,13,57.7,7,14,7,1,0
C-1922,Professional,Annual,13,305.06,67.9,10,65.3,7,78,7,2,1
C-1923,Professional,Monthly,35,425.38,123.5,8,31.7,0,82,10,0,1
C-1924,Starter,Monthly,46,100.12,33.3,5,29.4,1,81,0,1,1
C-1925,Professional,Annual,1,785.71,89.0,18,41.6,15,90,8,5,1
C-1926,Starter,Monthly,6,144.24,56.4,1,70.1,5,55,4,1,1
C-1927,Starter,Monthly,35,156.37,19.2,4,71.4,8,36,7,3,1
C-1928,Enterprise,Monthly,40,2547.52,246.7,35,62.5,4,0,5,2,0
C-1929,Enterprise,Annual,48,3529.93,51.4,42,79.1,6,29,0,2,1
C-1930,Professional,Annual,24,742.51,93.1,19,80.5,12,66,7,2,1
C-1931,Starter,Monthly,14,66.71,17.3,1,22.1,0,29,0,0,0
C-1932,Enterprise,Annual,15,3350.34,67.6,92,35.5,15,44,5,4,1
C-1933,Enterprise,Monthly,27,4606.38,113.1,49,72.9,9,29,0,2,1
C-1934,Enterprise,Annual,41,4594.0,293.1,55,11.8,4,29,8,1,0
C-1935,Professional,Monthly,26,248.11,143.2,5,59.4,10,87,8,4,0
C-1936,Starter,Monthly,10,186.43,9.1,4,29.0,10,37,2,4,1
C-1937,Enterprise,Annual,14,3995.84,207.9,79,47.7,1,26,2,1,0
C-1938,Enterprise,Annual,31,1054.3,202.4,40,84.5,4,61,4,0,1
C-1939,Starter,Monthly,40,77.08,23.3,1,24.1,7,15,0,4,1
C-1940,Starter,Monthly,35,159.47,49.4,1,31.5,5,60,3,3,1
C-1941,Enterprise,Annual,3,3262.42,114.8,45,52.3,2,68,10,0,0
C-1942,Enterprise,Monthly,3,2507.04,270.9,46,92.4,3,29,3,2,1
C-1943,Starter,Annual,31,58.82,52.0,3,37.4,12,24,4,5,0
C-1944,Enterprise,Monthly,42,2284.69,294.5,95,19.4,1,57,4,4,1
C-1945,Enterprise,Annual,13,3399.91,157.2,56,21.6,11,89,1,5,1
C-1946,Professional,Monthly,12,660.51,78.2,13,65.9,8,47,6,2,0
C-1947,Professional,Annual,10,797.45,22.3,16,84.0,7,60,3,3,1
C-1948,Enterprise,Monthly,15,2880.91,95.2,47,43.5,1,63,0,5,0
C-1949,Professional,Monthly,14,683.46,53.5,20,88.5,12,27,2,1,1
C-1950,Starter,Monthly,21,191.38,30.8,4,32.5,9,77,3,3,1
C-1951,Starter,Annual,7,110.01,32.2,3,13.9,14,35,0,4,1
C-1952,Enterprise,Annual,18,4621.09,203.3,98,43.2,15,76,3,2,1
C-1953,Professional,Annual,25,298.3,33.7,13,34.7,13,17,6,3,0
C-1954,Enterprise,Monthly,42,4545.15,282.5,71,15.2,6,55,1,4,1
C-1955,Starter,Monthly,10,68.05,44.7,4,65.2,14,44,9,2,0
C-1956,Starter,Monthly,48,76.74,46.5,3,29.2,7,56,6,4,0
C-1957,Professional,Monthly,28,282.58,71.8,11,30.8,13,84,0,3,1
C-1958,Starter,Monthly,34,192.2,12.0,2,64.4,2,60,8,3,0
C-1959,Professional,Monthly,27,332.6,44.1,6,52.8,14,70,1,5,1
C-1960,Starter,Annual,37,128.89,27.4,3,72.9,3,6,5,5,0
C-1961,Professional,Monthly,20,380.06,137.0,19,39.2,0,4,9,2,0
C-1962,Professional,Monthly,43,657.8,97.0,10,82.5,12,83,1,3,0
C-1963,Enterprise,Annual,45,4874.09,286.3,79,47.8,4,72,6,4,0
C-1964,Starter,Annual,28,159.85,30.4,4,29.6,12,49,3,2,1
C-1965,Starter,Monthly,29,104.19,2.6,1,65.3,8,14,3,4,1
C-1966,Professional,Monthly,5,475.67,139.1,20,64.9,0,82,7,4,1
C-1967,Professional,Annual,38,594.01,114.4,20,67.8,3,66,2,2,0
C-1968,Starter,Monthly,3,183.13,34.0,1,21.1,0,18,2,1,0
C-1969,Starter,Monthly,6,195.86,26.0,1,50.2,11,71,6,3,1
C-1970,Starter,Monthly,32,172.15,19.3,2,56.3,6,25,9,1,1
C-1971,Enterprise,Annual,17,906.23,194.5,25,25.9,12,76,1,3,1
C-1972,Starter,Annual,29,116.66,53.1,2,47.8,10,72,8,2,0
C-1973,Professional,Annual,30,215.5,125.6,13,35.5,4,6,9,1,0
C-1974,Enterprise,Monthly,21,4187.21,196.8,62,49.0,8,60,1,4,1
C-1975,Enterprise,Annual,27,3070.62,172.5,24,71.7,1,3,1,3,0
C-1976,Professional,Monthly,43,227.89,43.3,3,12.1,7,88,6,2,0
C-1977,Starter,Monthly,16,101.55,12.5,1,61.2,3,21,4,2,0
C-1978,Professional,Annual,7,288.72,134.7,3,24.4,8,82,0,4,1
C-1979,Starter,Monthly,26,99.99,22.2,3,69.0,3,56,6,2,1
C-1980,Professional,Monthly,20,708.86,142.2,3,80.4,5,52,2,4,0
C-1981,Enterprise,Monthly,32,1440.96,292.1,94,71.7,3,36,3,0,1
C-1982,Starter,Annual,33,125.06,23.2,5,59.1,9,57,0,4,0
C-1983,Enterprise,Monthly,39,3216.28,235.5,24,56.9,4,28,7,0,1
C-1984,Starter,Monthly,7,148.53,15.0,4,31.6,1,49,8,4,1
C-1985,Starter,Annual,13,139.82,10.2,4,77.7,15,79,0,2,1
C-1986,Professional,Annual,22,245.51,110.0,13,28.0,8,23,9,3,0
C-1987,Starter,Annual,30,159.79,47.5,2,29.7,0,3,4,0,1
C-1988,Enterprise,Monthly,42,4612.38,243.7,63,72.0,9,81,4,0,0
C-1989,Enterprise,Annual,14,4219.05,282.9,14,86.0,12,46,8,3,1
C-1990,Enterprise,Monthly,15,1890.06,171.5,18,62.3,9,21,1,0,0
C-1991,Professional,Monthly,30,388.91,136.7,10,24.4,10,10,10,2,1
C-1992,Enterprise,Monthly,13,4431.07,94.4,38,22.7,14,73,2,2,0
C-1993,Enterprise,Annual,8,2742.3,62.1,51,64.1,6,90,0,0,0
C-1994,Enterprise,Monthly,18,1319.89,162.2,72,27.9,1,50,9,3,0
C-1995,Starter,Monthly,12,107.58,43.7,1,87.6,3,40,0,4,0
C-1996,Enterprise,Monthly,40,2918.42,61.2,29,22.3,7,26,7,0,1
C-1997,Starter,Annual,14,147.25,31.8,1,52.2,9,24,0,3,1
C-1998,Professional,Annual,22,274.1,94.6,6,62.3,4,68,5,2,0
C-1999,Professional,Annual,8,427.65,133.7,7,50.2,13,25,4,4,0
C-2000,Enterprise,Annual,24,3819.26,294.2,22,21.3,1,52,9,2,0
C-2001,Enterprise,Monthly,8,1242.72,224.2,86,74.6,6,10,6,0,0
C-2002,Enterprise,Monthly,36,3676.51,203.3,23,27.9,2,14,2,4,1
C-2003,Professional,Annual,5,205.15,41.9,9,56.8,10,80,2,2,1
C-2004,Professional,Annual,23,374.0,66.2,19,37.5,8,69,8,2,0
C-2005,Enterprise,Annual,41,4049.16,264.8,59,58.8,9,30,9,4,0
C-2006,Professional,Annual,38,546.8,100.8,20,83.6,9,35,0,3,1
C-2007,Enterprise,Annual,3,3198.56,141.4,49,14.1,4,13,9,4,0
C-2008,Starter,Annual,32,119.74,13.3,5,91.2,2,42,3,0,1
C-2009,Professional,Monthly,25,678.52,80.4,4,39.4,15,74,2,2,1
C-2010,Starter,Annual,10,190.49,42.4,5,63.7,7,18,5,1,0
C-2011,Starter,Monthly,36,126.39,17.1,1,35.8,2,54,2,3,1
C-2012,Starter,Monthly,8,63.25,50.7,3,35.6,8,39,10,4,0
C-2013,Starter,Annual,27,154.72,3.1,1,43.1,2,0,7,0,1
C-2014,Professional,Annual,48,493.83,21.9,13,89.9,9,81,6,0,0
C-2015,Enterprise,Monthly,20,966.84,208.7,96,77.0,0,36,4,0,1
C-2016,Starter,Annual,28,194.43,59.6,2,86.5,9,25,6,0,1
C-2017,Starter,Monthly,11,140.01,16.6,1,87.5,13,68,6,3,1
C-2018,Starter,Monthly,40,195.06,49.3,2,42.5,6,19,0,4,1
C-2019,Professional,Monthly,23,314.36,134.9,3,68.5,15,4,1,2,1
C-2020,Enterprise,Monthly,4,4092.89,226.4,70,69.3,7,79,2,2,0
C-2021,Professional,Annual,6,382.9,109.7,15,33.8,10,3,8,4,0
C-2022,Starter,Annual,41,79.76,25.8,5,46.7,9,85,7,5,0
C-2023,Starter,Monthly,32,73.55,52.2,5,70.6,5,77,2,5,1
C-2024,Starter,Monthly,1,188.98,6.2,4,68.2,9,51,0,2,1
C-2025,Enterprise,Monthly,29,1859.62,142.7,56,71.3,13,79,5,5,1
C-2026,Starter,Annual,28,160.51,7.5,3,92.2,2,19,5,4,0
C-2027,Starter,Annual,11,62.51,27.7,4,47.0,9,38,0,2,1
C-2028,Starter,Monthly,44,112.47,23.8,4,16.0,12,7,4,3,1
C-2029,Starter,Annual,29,74.03,28.9,4,85.9,0,45,3,0,0
C-2030,Professional,Monthly,34,325.86,56.9,15,42.3,7,63,7,5,1
C-2031,Enterprise,Monthly,48,1540.22,114.2,71,53.3,2,22,8,5,0
C-2032,Professional,Annual,7,280.18,115.7,7,46.3,3,20,4,5,0
C-2033,Enterprise,Annual,29,3358.91,200.1,46,66.0,2,74,4,5,0
C-2034,Professional,Annual,12,708.13,65.1,5,71.5,9,4,8,3,0
C-2035,Enterprise,Monthly,34,4734.46,175.8,44,54.3,0,48,2,2,0
C-2036,Enterprise,Monthly,26,3385.81,207.2,99,76.7,13,40,1,1,1
C-2037,Starter,Monthly,9,125.35,44.3,5,45.8,9,59,7,0,1
C-2038,Enterprise,Monthly,9,4661.36,271.2,29,66.4,6,48,2,3,0
C-2039,Professional,Annual,44,535.88,47.1,18,55.9,10,49,2,1,1
C-2040,Enterprise,Monthly,5,1483.26,295.5,49,40.5,13,28,8,2,0
C-2041,Enterprise,Monthly,4,2226.08,59.8,45,80.4,2,2,6,5,1
C-2042,Professional,Monthly,33,226.56,61.0,8,64.5,6,74,10,5,1
C-2043,Starter,Monthly,33,86.93,11.0,3,80.3,1,21,1,0,1
C-2044,Professional,Monthly,43,690.9,40.9,20,61.8,5,67,1,2,0
C-2045,Professional,Annual,28,716.16,96.6,6,80.3,15,70,1,2,0
C-2046,Professional,Annual,13,779.74,124.4,5,36.9,7,28,6,3,0
C-2047,Enterprise,Monthly,38,1626.23,166.6,46,29.4,7,37,10,1,1
C-2048,Enterprise,Monthly,18,4211.54,250.3,65,72.2,2,13,5,2,0
C-2049,Professional,Annual,1,557.75,69.8,4,41.5,15,54,6,0,0
C-2050,Professional,Monthly,35,294.55,143.5,15,82.5,9,80,7,1,1
C-2051,Starter,Monthly,2,72.41,36.7,2,90.3,15,25,0,0,0
C-2052,Enterprise,Monthly,38,2080.08,260.0,29,19.0,9,47,10,3,1
C-2053,Professional,Annual,35,359.84,124.4,16,57.8,9,28,8,0,0
C-2054,Enterprise,Monthly,20,2370.22,272.7,55,94.9,14,25,8,0,0
C-2055,Professional,Monthly,39,793.95,103.6,19,16.8,13,10,3,5,1
C-2056,Enterprise,Annual,11,4089.43,268.2,61,28.3,2,50,10,4,1
C-2057,Professional,Monthly,37,470.5,88.0,15,41.2,13,37,7,0,0
C-2058,Enterprise,Annual,31,2296.88,106.7,14,59.4,3,81,9,5,0
C-2059,Enterprise,Annual,8,1165.57,171.4,63,90.8,9,35,0,3,1
C-2060,Starter,Annual,25,172.02,52.2,4,62.3,13,61,2,3,0
C-2061,Professional,Annual,16,328.81,125.3,8,42.2,6,62,3,0,0
C-2062,Enterprise,Monthly,13,2565.74,175.0,19,74.1,1,5,6,3,0
C-2063,Professional,Monthly,30,272.36,68.2,16,59.7,9,59,0,0,1
C-2064,Enterprise,Monthly,44,4024.58,237.1,42,68.3,9,10,6,2,0
C-2065,Professional,Monthly,3,200.69,103.2,15,39.5,5,70,5,1,1
C-2066,Starter,Monthly,45,148.04,53.3,5,83.3,10,79,2,1,1
C-2067,Starter,Annual,4,52.77,24.3,3,71.3,15,82,7,2,0
C-2068,Starter,Monthly,4,62.45,40.2,1,27.9,9,18,0,5,1
C-2069,Professional,Monthly,12,240.61,84.9,11,80.9,13,53,8,3,0
C-2070,Starter,Annual,46,183.71,34.4,4,61.9,4,15,1,3,0
C-2071,Starter,Monthly,25,154.47,31.4,4,78.6,0,86,10,5,1
C-2072,Professional,Monthly,44,261.06,49.2,16,69.7,5,19,0,4,1
C-2073,Starter,Monthly,7,85.64,3.2,3,12.1,12,30,9,4,1
C-2074,Professional,Annual,34,528.25,110.4,15,10.5,4,33,7,2,1
C-2075,Professional,Annual,20,755.28,60.4,12,77.8,14,47,6,3,0
C-2076,Starter,Annual,26,77.87,14.9,2,59.6,5,79,5,0,1
C-2077,Professional,Annual,31,685.98,30.7,9,21.4,3,50,5,4,0
C-2078,Enterprise,Monthly,25,3609.45,219.7,98,38.2,2,14,9,1,0
C-2079,Professional,Annual,4,561.62,55.2,19,17.4,15,23,9,0,0
C-2080,Starter,Monthly,3,63.13,34.6,5,15.2,11,20,7,1,1
C-2081,Enterprise,Monthly,26,2274.53,152.8,33,25.8,3,20,8,3,0
C-2082,Professional,Annual,34,387.35,27.1,14,78.4,5,20,2,2,0
C-2083,Professional,Monthly,17,216.43,116.5,16,88.7,2,44,9,5,1
C-2084,Starter,Monthly,38,123.6,24.3,3,79.6,12,8,8,1,0
C-2085,Professional,Monthly,22,613.19,35.4,10,25.0,2,14,7,1,1
C-2086,Starter,Monthly,23,61.56,12.1,5,64.3,13,14,7,4,1
C-2087,Professional,Monthly,22,334.38,87.4,12,47.6,6,19,4,1,0
C-2088,Enterprise,Annual,23,2749.96,236.7,65,40.9,11,74,2,2,0
C-2089,Professional,Monthly,31,705.24,116.5,8,61.1,8,90,6,5,0
C-2090,Professional,Monthly,5,738.03,135.5,5,71.9,4,10,10,1,0
C-2091,Starter,Monthly,5,107.44,7.4,4,25.4,15,6,2,1,1
C-2092,Starter,Annual,27,74.3,3.0,2,11.1,6,23,0,4,1
C-2093,Professional,Annual,37,342.67,125.0,11,81.7,10,31,1,5,1
C-2094,Enterprise,Annual,15,1025.55,255.5,20,29.6,14,18,9,4,0
C-2095,Enterprise,Monthly,30,1105.95,278.6,15,35.7,7,64,7,5,1
C-2096,Enterprise,Annual,1,859.01,284.6,96,72.8,13,36,2,5,1
C-2097,Professional,Monthly,30,517.92,67.9,14,30.9,2,24,8,2,0
C-2098,Enterprise,Monthly,46,2734.32,212.2,42,55.7,10,89,1,4,1
C-2099,Starter,Monthly,15,80.78,16.8,2,41.7,11,42,1,0,1
C-2100,Professional,Annual,7,466.24,149.6,19,66.5,8,68,5,1,1
C-2101,Professional,Annual,48,557.22,57.4,15,69.3,14,87,2,2,1
C-2102,Enterprise,Annual,22,1791.96,177.9,80,20.1,14,55,8,1,1
C-2103,Starter,Monthly,6,171.16,43.6,1,82.0,3,54,2,0,0
C-2104,Professional,Annual,31,353.27,149.8,16,59.4,6,11,6,4,0
C-2105,Enterprise,Annual,45,2248.82,218.7,59,34.4,3,78,0,3,1
C-2106,Starter,Monthly,8,139.89,23.9,5,84.2,7,3,6,5,0
C-2107,Starter,Annual,40,52.05,29.8,3,76.5,9,20,5,1,1
C-2108,Professional,Annual,30,271.61,48.3,15,70.8,9,62,3,5,0
C-2109,Enterprise,Monthly,13,2228.76,213.5,81,27.3,8,26,5,5,0
C-2110,Enterprise,Annual,24,4645.99,293.9,24,30.0,7,8,6,5,0
C-2111,Enterprise,Monthly,16,1570.27,153.8,38,39.8,3,53,9,3,0
C-2112,Enterprise,Annual,32,4211.74,168.4,30,74.6,9,29,9,3,0
C-2113,Professional,Monthly,18,285.03,129.9,15,71.6,13,40,6,2,0
C-2114,Starter,Monthly,39,178.83,11.4,3,11.6,6,34,7,3,0
C-2115,Professional,Annual,45,359.82,129.6,3,45.5,9,19,5,1,1
C-2116,Starter,Annual,1,180.25,57.0,1,16.2,15,22,1,5,1
C-2117,Professional,Monthly,2,752.14,24.7,3,78.9,13,80,10,2,1
C-2118,Enterprise,Annual,35,2601.05,80.8,16,16.5,13,8,9,0,0
C-2119,Starter,Annual,47,189.02,45.8,4,67.6,1,88,6,4,1
C-2120,Professional,Annual,24,647.05,29.8,12,13.9,15,62,3,2,1
C-2121,Enterprise,Monthly,34,2068.36,165.0,47,15.4,7,23,2,4,1
C-2122,Professional,Annual,15,692.91,49.9,16,80.2,0,23,3,2,1
C-2123,Enterprise,Annual,32,3448.69,214.4,23,20.0,5,68,9,0,1
C-2124,Enterprise,Monthly,2,1451.13,71.5,12,39.9,2,33,7,5,1
C-2125,Professional,Annual,25,284.35,147.0,9,13.0,8,58,9,5,0
C-2126,Enterprise,Monthly,33,3012.01,231.5,35,32.2,12,35,5,4,1
C-2127,Starter,Monthly,14,194.92,51.2,2,31.1,0,5,3,5,1
C-2128,Professional,Monthly,26,687.33,39.7,12,94.8,5,46,3,5,0
C-2129,Starter,Monthly,9,145.01,48.8,1,60.4,0,0,1,0,1
C-2130,Starter,Monthly,43,158.37,7.9,4,72.4,9,12,4,3,1
C-2131,Enterprise,Annual,29,986.6,59.3,43,75.2,7,81,10,3,1
C-2132,Enterprise,Annual,6,1871.98,143.4,40,83.1,11,33,6,5,1
C-2133,Starter,Monthly,46,95.08,46.3,4,42.9,1,78,7,2,0
C-2134,Enterprise,Annual,37,4789.06,279.5,92,23.1,3,77,3,2,0
C-2135,Starter,Monthly,35,167.93,23.5,3,14.8,9,65,9,3,1
C-2136,Starter,Monthly,37,105.34,40.9,5,83.0,12,89,9,3,0
C-2137,Starter,Monthly,5,74.07,18.9,1,93.6,10,17,2,4,1
C-2138,Starter,Annual,23,53.84,27.0,5,71.0,8,21,0,0,1
C-2139,Starter,Monthly,12,56.32,19.4,3,24.8,0,66,2,2,0
C-2140,Enterprise,Annual,36,3547.1,165.8,75,50.3,9,14,10,5,1
C-2141,Professional,Monthly,46,621.73,49.4,18,18.5,6,49,1,4,1
C-2142,Starter,Monthly,38,103.97,45.2,3,87.2,5,41,8,2,0
C-2143,Enterprise,Monthly,48,3397.17,135.1,50,33.0,9,31,6,0,1
C-2144,Professional,Monthly,19,341.17,148.0,19,35.0,12,4,6,2,0
C-2145,Enterprise,Monthly,48,1447.67,236.6,98,14.2,12,74,3,1,0
C-2146,Starter,Monthly,44,57.31,20.9,3,91.4,0,54,3,4,1
C-2147,Starter,Monthly,1,144.12,54.0,2,92.4,12,44,3,3,1
C-2148,Enterprise,Monthly,27,3847.02,271.6,87,57.0,12,70,3,2,1
C-2149,Starter,Monthly,18,96.2,3.7,4,40.8,8,81,7,5,1
C-2150,Enterprise,Monthly,38,2226.16,110.1,35,46.4,7,48,8,1,1
C-2151,Starter,Monthly,2,90.32,19.3,5,54.2,9,49,0,3,1
C-2152,Enterprise,Annual,14,886.5,155.7,65,87.5,6,39,9,0,0
C-2153,Enterprise,Monthly,21,2870.5,290.8,83,13.4,11,43,10,2,1
C-2154,Enterprise,Annual,13,1138.61,296.9,37,16.3,4,87,1,5,1
C-2155,Starter,Annual,3,82.53,30.4,2,88.9,0,4,7,5,0
C-2156,Enterprise,Annual,34,1195.07,192.8,61,56.9,14,1,6,3,0
C-2157,Professional,Monthly,13,693.7,142.0,16,37.2,6,28,8,0,0
C-2158,Professional,Annual,39,647.68,34.1,11,14.6,9,25,9,1,1
C-2159,Enterprise,Monthly,34,1913.85,214.1,75,84.4,7,75,5,1,0
C-2160,Starter,Monthly,34,51.9,49.5,3,75.5,11,66,4,4,1
C-2161,Enterprise,Monthly,12,4327.74,58.8,11,19.5,4,48,10,4,0
C-2162,Enterprise,Monthly,8,2863.04,176.9,51,68.6,11,45,0,2,1
C-2163,Professional,Annual,30,708.99,140.3,5,35.6,12,53,2,2,1
C-2164,Professional,Monthly,46,201.86,53.4,5,17.4,1,6,10,1,0
C-2165,Starter,Monthly,7,80.43,20.7,5,50.5,11,51,4,1,1
C-2166,Professional,Annual,6,465.89,118.0,5,10.6,7,56,2,2,1
C-2167,Starter,Annual,32,79.69,16.9,3,56.5,2,79,0,0,0
C-2168,Enterprise,Monthly,2,1507.69,94.2,19,78.3,14,59,6,0,1
C-2169,Starter,Annual,24,150.47,23.5,4,56.2,9,38,1,0,1
C-2170,Professional,Monthly,12,256.08,146.5,8,94.6,15,32,10,1,1
C-2171,Professional,Monthly,43,644.96,57.3,18,57.3,2,25,6,3,1
C-2172,Starter,Monthly,19,163.92,40.8,5,63.4,2,81,2,3,0
C-2173,Professional,Annual,9,470.85,97.3,5,36.1,11,0,9,3,1
C-2174,Enterprise,Monthly,3,3334.41,180.3,15,28.9,5,90,4,1,0
C-2175,Professional,Annual,32,235.7,100.0,10,33.6,9,49,3,5,1
C-2176,Starter,Monthly,28,177.7,34.9,2,18.4,0,9,5,1,0
C-2177,Professional,Annual,41,518.68,65.6,14,89.7,2,20,3,3,0
C-2178,Professional,Monthly,25,219.86,105.4,8,29.7,7,47,1,0,1
C-2179,Professional,Annual,12,393.61,54.4,12,40.7,0,26,1,3,0
C-2180,Professional,Monthly,6,796.29,105.0,8,33.6,1,61,3,0,0
C-2181,Starter,Monthly,15,115.84,27.4,3,70.2,8,47,10,0,0
C-2182,Professional,Annual,42,316.27,28.7,13,69.3,8,64,7,3,1
C-2183,Professional,Annual,24,642.0,29.6,15,89.2,11,42,10,5,0
C-2184,Enterprise,Monthly,36,2424.94,88.5,37,46.9,3,61,1,2,0
C-2185,Enterprise,Monthly,12,4225.67,81.4,98,77.9,10,25,1,4,1
C-2186,Enterprise,Monthly,19,4128.75,269.7,22,56.5,0,42,4,0,1
C-2187,Starter,Monthly,48,171.22,2.8,5,33.2,5,2,7,4,1
C-2188,Starter,Annual,3,179.08,37.7,5,56.1,13,42,9,5,1
C-2189,Starter,Annual,32,53.31,51.1,5,49.0,2,42,7,2,0
C-2190,Enterprise,Monthly,32,1082.83,270.3,65,50.1,13,55,7,4,1
C-2191,Starter,Monthly,12,53.47,58.0,3,22.4,11,59,9,2,0
C-2192,Starter,Annual,19,190.04,6.8,3,89.9,12,65,9,4,1
C-2193,Starter,Annual,6,62.07,41.3,4,93.7,15,25,4,4,0
C-2194,Professional,Monthly,45,351.43,136.4,16,48.5,14,84,1,5,0
C-2195,Professional,Monthly,9,315.21,148.4,9,74.7,9,23,10,3,0
C-2196,Professional,Annual,25,552.69,64.7,6,92.1,11,59,0,0,1
C-2197,Professional,Monthly,5,575.39,41.9,11,85.2,1,22,3,4,0
C-2198,Enterprise,Monthly,44,4814.78,61.1,78,19.8,9,59,6,0,1
C-2199,Professional,Annual,12,642.49,74.9,8,22.8,11,25,7,3,1
C-2200,Enterprise,Annual,36,4397.13,99.8,66,21.0,4,5,6,3,0
C-2201,Enterprise,Annual,42,862.59,284.5,73,28.2,0,30,7,2,0
C-2202,Professional,Monthly,45,738.9,143.3,19,27.3,12,71,2,4,1
C-2203,Starter,Monthly,4,91.74,35.6,4,51.5,9,17,7,5,1
C-2204,Starter,Annual,5,114.35,56.9,2,48.4,0,4,4,3,1
C-2205,Starter,Annual,35,133.5,11.8,2,59.2,15,0,8,3,1
C-2206,Enterprise,Monthly,11,4552.24,125.0,32,93.7,9,31,1,0,0
C-2207,Starter,Annual,10,64.2,53.9,4,50.1,8,4,0,4,1
C-2208,Professional,Annual,43,640.14,39.1,3,77.4,6,13,8,0,0
C-2209,Starter,Annual,13,54.4,28.5,3,79.9,6,5,5,5,0
C-2210,Starter,Annual,36,69.8,30.7,3,68.3,12,66,5,4,1
C-2211,Enterprise,Monthly,36,3655.23,247.4,63,65.7,8,69,2,1,1
C-2212,Enterprise,Monthly,17,1493.35,133.7,48,44.6,14,11,7,2,1
C-2213,Starter,Annual,35,184.68,19.3,1,92.3,13,55,1,1,1
C-2214,Starter,Monthly,43,55.67,7.8,3,69.8,3,70,1,0,1
C-2215,Starter,Monthly,48,65.18,35.9,4,61.9,5,52,2,0,1
C-2216,Starter,Monthly,2,73.47,24.0,1,76.6,2,4,9,1,1
C-2217,Starter,Annual,48,185.47,19.2,3,77.8,12,36,2,4,0
C-2218,Professional,Annual,32,303.73,56.0,17,87.1,4,62,10,1,1
C-2219,Enterprise,Annual,3,2623.27,61.9,44,43.1,0,26,7,2,0
C-2220,Professional,Monthly,37,574.77,106.7,18,27.0,4,80,1,2,1
C-2221,Starter,Monthly,30,148.42,46.9,2,92.1,12,39,9,1,0
C-2222,Starter,Monthly,34,171.86,51.2,3,24.7,3,28,4,1,1
C-2223,Starter,Annual,20,149.82,35.0,2,80.6,10,88,7,0,1
C-2224,Enterprise,Monthly,2,1976.72,175.2,100,58.6,5,33,1,2,1
C-2225,Starter,Annual,46,157.11,23.1,3,44.7,12,27,9,3,1
C-2226,Professional,Annual,9,639.26,25.8,9,30.5,15,45,10,4,0
C-2227,Professional,Monthly,30,389.27,72.6,14,45.6,12,84,6,3,1
C-2228,Enterprise,Annual,37,3800.58,104.9,99,53.4,12,74,4,0,1
C-2229,Starter,Monthly,8,113.48,42.7,3,27.0,4,86,4,5,0
C-2230,Professional,Monthly,20,439.47,21.7,12,58.6,6,40,9,0,0
C-2231,Starter,Monthly,40,193.49,13.1,3,16.4,9,51,9,0,1
C-2232,Professional,Monthly,15,488.76,65.9,17,59.0,1,4,5,3,0
C-2233,Starter,Monthly,2,131.44,30.9,1,92.3,10,7,10,1,0
C-2234,Starter,Annual,8,81.42,26.9,3,13.2,9,22,2,5,0
C-2235,Professional,Annual,38,392.79,142.6,6,22.3,3,46,5,4,1
C-2236,Professional,Annual,24,542.31,42.5,11,16.0,14,14,6,3,1
C-2237,Enterprise,Monthly,3,1295.94,71.6,92,50.0,0,26,2,4,1
C-2238,Starter,Annual,13,130.59,25.0,3,32.7,3,60,9,1,0
C-2239,Professional,Monthly,20,700.62,148.3,6,84.3,3,37,6,4,0
C-2240,Starter,Monthly,32,85.18,2.8,1,41.9,8,44,0,1,1
C-2241,Professional,Annual,30,334.19,45.8,6,22.9,6,9,2,2,1
C-2242,Professional,Monthly,45,432.94,127.7,6,91.6,12,22,1,2,1
C-2243,Starter,Annual,1,164.46,2.1,3,45.6,3,89,2,0,1
C-2244,Enterprise,Monthly,36,1981.81,283.5,57,28.7,6,54,0,0,1
C-2245,Professional,Annual,44,313.31,50.6,10,90.9,8,8,7,2,1
C-2246,Starter,Monthly,43,102.48,23.3,2,38.6,10,33,8,5,1
C-2247,Professional,Annual,25,252.93,45.8,13,75.2,15,78,0,2,1
C-2248,Enterprise,Monthly,48,3304.83,170.3,26,58.1,10,49,3,3,1
C-2249,Professional,Monthly,14,653.83,116.3,8,68.6,12,31,3,4,1
C-2250,Starter,Monthly,8,150.29,12.5,3,26.7,11,77,3,4,1
C-2251,Starter,Annual,11,126.76,45.2,2,87.4,3,44,6,2,0
C-2252,Enterprise,Monthly,19,1025.79,188.8,69,33.9,14,59,0,3,1
C-2253,Starter,Monthly,32,128.38,56.2,5,82.0,4,34,4,1,1
C-2254,Starter,Monthly,35,127.56,14.5,5,31.1,7,85,9,3,1
C-2255,Professional,Annual,13,525.67,39.2,6,61.0,9,60,8,5,0
C-2256,Starter,Annual,24,112.94,41.4,1,83.1,3,83,10,4,1
C-2257,Enterprise,Monthly,38,1568.49,199.4,86,84.5,3,80,2,4,0
C-2258,Starter,Annual,19,127.95,59.3,2,49.2,3,72,5,4,1
C-2259,Professional,Annual,38,357.98,127.7,10,43.9,9,86,7,3,1
C-2260,Starter,Monthly,19,179.43,4.5,1,77.8,14,89,0,4,1
C-2261,Starter,Annual,25,66.54,39.7,3,53.5,4,87,10,4,1
C-2262,Starter,Annual,29,195.93,39.1,5,81.9,8,46,5,4,0
C-2263,Enterprise,Annual,39,3174.75,79.0,23,64.1,15,39,10,2,0
C-2264,Enterprise,Annual,47,3923.45,147.9,25,82.4,6,60,0,2,0
C-2265,Professional,Monthly,30,658.2,105.3,8,40.8,12,65,2,0,0
C-2266,Starter,Annual,15,196.77,59.1,5,20.2,7,78,10,5,1
C-2267,Enterprise,Annual,6,3414.28,264.4,97,91.5,5,89,4,2,1
C-2268,Starter,Monthly,37,119.89,15.5,3,60.6,10,45,2,1,1
C-2269,Professional,Monthly,3,309.23,102.0,20,34.1,10,40,4,1,1
C-2270,Starter,Monthly,33,158.77,28.2,2,81.4,3,23,9,4,0
C-2271,Enterprise,Annual,29,1800.93,213.0,96,83.5,7,58,0,5,1
C-2272,Starter,Monthly,1,143.96,27.5,5,92.9,11,45,7,3,1
C-2273,Professional,Monthly,8,435.79,73.8,5,84.4,13,81,7,2,0
C-2274,Professional,Monthly,19,689.95,26.6,3,28.1,12,31,8,3,0
C-2275,Starter,Monthly,33,118.25,8.8,4,38.4,8,2,5,1,0
C-2276,Starter,Annual,27,99.8,20.9,2,53.1,15,49,1,3,1
C-2277,Starter,Monthly,1,86.89,19.1,1,74.8,5,67,7,0,0
C-2278,Starter,Monthly,38,138.24,40.9,5,47.8,10,1,0,4,1
C-2279,Professional,Annual,17,230.21,145.5,18,66.1,2,81,2,5,1
C-2280,Enterprise,Annual,7,1207.25,261.4,52,63.2,5,33,10,0,0
C-2281,Enterprise,Annual,44,3854.39,63.5,56,57.0,3,29,0,4,0
C-2282,Enterprise,Annual,13,1267.24,242.1,91,62.7,3,45,2,1,0
C-2283,Enterprise,Monthly,21,4126.97,63.7,80,58.0,0,87,7,0,0
C-2284,Enterprise,Monthly,25,2409.18,166.9,94,84.3,1,49,0,3,1
C-2285,Starter,Annual,46,112.97,3.6,1,17.5,7,22,8,5,1
C-2286,Enterprise,Annual,43,2034.46,120.1,68,62.7,8,25,8,4,0
C-2287,Enterprise,Monthly,7,2708.97,234.7,47,46.8,11,85,5,1,1
C-2288,Professional,Monthly,16,758.93,30.3,20,80.0,3,17,6,5,0
C-2289,Starter,Annual,24,130.93,14.7,2,50.1,6,83,9,3,0
C-2290,Professional,Monthly,46,755.55,146.0,11,37.6,12,65,10,2,1
C-2291,Enterprise,Annual,6,3401.94,172.9,95,60.1,10,72,1,1,0
C-2292,Starter,Annual,17,172.81,58.8,5,31.7,6,0,7,5,0
C-2293,Starter,Monthly,33,89.33,36.6,1,72.5,5,29,0,3,0
C-2294,Professional,Annual,20,593.37,127.1,4,65.6,4,71,6,0,0
C-2295,Enterprise,Monthly,29,2516.07,204.0,18,12.7,2,69,9,4,1
C-2296,Professional,Monthly,34,233.01,34.4,12,49.0,8,35,4,2,1
C-2297,Enterprise,Annual,44,1363.41,151.5,27,17.6,2,72,10,2,1
C-2298,Enterprise,Monthly,18,2321.51,221.6,26,44.2,4,9,6,2,0
C-2299,Starter,Monthly,44,181.69,2.6,1,10.6,15,82,6,2,1
C-2300,Starter,Monthly,29,74.83,12.4,3,37.7,13,74,10,1,1
C-2301,Enterprise,Annual,23,2006.83,189.6,15,71.3,15,25,2,3,0
C-2302,Enterprise,Annual,5,3281.64,295.2,15,30.1,15,57,3,0,1
C-2303,Enterprise,Annual,21,3699.47,98.3,68,93.6,10,74,3,1,1
C-2304,Professional,Monthly,23,600.31,101.3,11,13.3,0,63,4,3,0
C-2305,Professional,Monthly,30,663.55,125.6,19,55.6,2,13,8,4,1
C-2306,Enterprise,Annual,4,2644.78,263.8,97,12.7,11,40,8,5,1
C-2307,Professional,Annual,3,351.05,67.9,17,87.3,13,75,6,3,0
C-2308,Starter,Monthly,18,138.14,24.2,4,76.7,5,70,10,3,1
C-2309,Enterprise,Monthly,9,1679.03,57.1,68,19.9,4,14,6,5,0
C-2310,Enterprise,Monthly,39,2414.65,274.2,76,63.6,5,61,3,2,1
C-2311,Professional,Monthly,17,302.08,90.5,12,34.7,0,80,10,5,0
C-2312,Professional,Annual,34,544.62,141.9,10,93.6,2,79,1,5,0
C-2313,Professional,Monthly,3,752.7,58.7,6,50.7,10,26,4,5,1
C-2314,Starter,Monthly,23,162.21,18.4,4,24.3,0,39,10,5,1
C-2315,Enterprise,Monthly,14,1185.29,231.2,59,75.3,9,12,7,0,1
C-2316,Starter,Monthly,2,88.59,50.5,4,32.6,4,14,2,5,0
C-2317,Professional,Annual,26,212.89,133.4,19,12.2,10,53,9,0,0
C-2318,Professional,Annual,7,576.4,26.8,19,52.7,14,18,4,1,0
C-2319,Professional,Monthly,36,764.28,77.8,17,22.4,12,76,6,3,0
C-2320,Starter,Annual,34,154.46,47.6,1,17.6,10,4,0,4,1
C-2321,Professional,Annual,37,240.44,57.9,15,39.8,13,63,9,1,0
C-2322,Starter,Monthly,39,193.25,20.6,4,17.9,3,65,6,3,1
C-2323,Professional,Monthly,45,628.01,124.0,7,85.0,2,55,4,4,0
C-2324,Starter,Monthly,6,86.97,9.8,3,57.1,13,26,4,4,0
C-2325,Starter,Annual,20,152.04,57.7,4,84.7,11,82,6,4,1
C-2326,Starter,Annual,42,159.12,52.1,2,10.6,2,68,7,5,1
C-2327,Enterprise,Monthly,28,2387.43,56.9,18,13.0,2,73,5,5,1
C-2328,Starter,Monthly,34,141.86,43.5,5,69.2,13,41,3,3,0
C-2329,Enterprise,Monthly,2,3614.38,188.4,81,50.8,11,7,3,3,1
C-2330,Professional,Monthly,5,306.08,28.5,8,74.4,12,12,8,4,0
C-2331,Starter,Monthly,46,73.99,11.0,5,30.4,6,69,7,1,1
C-2332,Professional,Monthly,16,589.93,126.2,19,60.1,11,59,3,3,0
C-2333,Professional,Monthly,48,646.29,141.2,12,64.7,0,70,9,2,0
C-2334,Starter,Monthly,22,141.35,17.8,1,26.4,12,33,9,2,0
C-2335,Starter,Monthly,2,190.19,31.7,3,72.2,11,19,2,2,1
C-2336,Enterprise,Annual,17,4198.81,92.3,53,94.8,2,33,1,1,0
C-2337,Professional,Monthly,21,516.75,76.1,6,30.0,6,83,3,0,1
C-2338,Starter,Annual,15,66.18,9.2,2,51.9,6,89,6,3,0
C-2339,Professional,Monthly,48,770.8,142.9,14,71.7,5,19,1,0,1
C-2340,Professional,Monthly,37,529.56,106.1,4,53.1,6,28,3,0,0
C-2341,Enterprise,Monthly,42,3339.82,207.6,87,57.8,13,2,2,0,0
C-2342,Enterprise,Monthly,36,3167.97,214.3,94,72.2,3,69,1,2,1
C-2343,Enterprise,Annual,42,4191.9,276.7,63,25.2,7,47,8,5,0
C-2344,Starter,Monthly,29,122.9,57.2,5,47.0,1,58,6,4,1
C-2345,Starter,Monthly,27,89.19,11.2,2,65.8,12,34,8,2,1
C-2346,Professional,Annual,12,611.83,81.3,7,59.0,15,47,4,1,0
C-2347,Enterprise,Annual,41,1907.18,195.7,14,17.7,14,49,8,4,0
C-2348,Enterprise,Monthly,26,1598.95,218.3,23,38.5,12,45,8,3,1
C-2349,Professional,Annual,18,232.44,52.0,11,55.8,8,43,4,2,1
C-2350,Professional,Annual,13,591.15,42.4,16,26.2,8,44,10,3,1
C-2351,Professional,Monthly,31,415.62,128.2,15,44.7,2,90,4,2,0
C-2352,Starter,Monthly,18,190.15,5.4,5,78.1,11,60,1,0,1
C-2353,Starter,Monthly,1,190.83,11.7,2,80.2,10,75,6,0,1
C-2354,Starter,Monthly,23,76.04,53.5,5,76.4,11,2,9,5,1
C-2355,Starter,Monthly,48,90.7,31.8,3,55.4,12,8,8,0,0
C-2356,Starter,Annual,29,110.4,57.2,4,65.4,13,76,10,0,0
C-2357,Enterprise,Annual,31,4760.99,288.0,92,76.8,7,54,5,4,0
C-2358,Enterprise,Monthly,18,2579.86,252.4,42,28.3,9,0,9,5,0
C-2359,Starter,Monthly,2,66.53,58.5,2,27.6,9,29,1,3,1
C-2360,Enterprise,Monthly,19,3414.06,155.6,38,18.2,11,30,4,0,0
C-2361,Starter,Monthly,44,57.29,21.2,5,81.8,4,48,3,1,1
C-2362,Starter,Monthly,34,177.23,38.4,3,49.9,9,53,2,0,1
C-2363,Starter,Monthly,45,63.16,32.1,4,84.4,5,60,2,3,1
C-2364,Starter,Monthly,33,131.86,18.4,4,78.9,14,32,1,4,0
C-2365,Enterprise,Annual,9,2745.31,211.7,23,75.8,3,75,4,4,1
C-2366,Professional,Annual,30,448.97,48.5,9,77.6,8,55,3,2,1
C-2367,Starter,Annual,34,110.28,33.2,2,37.0,8,60,3,3,1
C-2368,Professional,Monthly,45,787.32,78.1,17,32.5,14,76,3,0,0
C-2369,Professional,Annual,2,465.32,36.6,9,46.0,3,87,2,5,1
C-2370,Starter,Annual,11,174.61,27.5,5,68.1,14,57,10,5,0
C-2371,Starter,Monthly,45,100.43,57.7,5,86.8,2,27,6,2,1
C-2372,Starter,Annual,3,109.77,9.4,5,48.9,10,43,4,5,0
C-2373,Starter,Annual,19,72.49,48.7,5,59.0,10,58,6,5,1
C-2374,Professional,Monthly,27,748.3,146.3,17,58.6,5,63,8,5,0
C-2375,Starter,Annual,46,177.78,30.6,5,60.8,15,87,8,4,0
C-2376,Enterprise,Monthly,47,3221.08,297.0,99,30.7,2,1,1,1,0
C-2377,Starter,Monthly,48,78.64,37.4,2,70.8,12,33,6,3,1
C-2378,Starter,Monthly,45,182.77,44.2,2,22.3,10,2,5,2,0
C-2379,Professional,Monthly,34,697.9,57.4,20,81.6,0,47,9,2,1
C-2380,Starter,Monthly,9,129.98,35.1,2,29.1,7,84,7,0,0
C-2381,Enterprise,Annual,19,1608.6,175.8,75,15.1,3,31,7,1,0
C-2382,Professional,Monthly,19,696.11,121.7,15,61.6,13,40,7,1,0
C-2383,Enterprise,Monthly,30,2122.32,284.9,32,89.5,0,62,2,0,0
C-2384,Starter,Annual,35,145.01,4.8,4,10.5,5,19,4,3,0
C-2385,Starter,Annual,45,62.61,47.3,2,49.4,0,7,6,4,0
C-2386,Professional,Monthly,10,543.41,50.0,14,37.8,1,56,10,4,1
C-2387,Enterprise,Annual,1,959.34,226.9,77,21.3,4,38,4,5,0
C-2388,Professional,Monthly,41,430.1,33.1,19,41.5,15,7,4,0,0
C-2389,Professional,Monthly,25,364.48,32.8,6,92.3,3,65,2,1,1
C-2390,Starter,Annual,11,161.74,35.5,1,16.6,4,31,2,1,0
C-2391,Starter,Annual,8,82.59,35.5,2,88.7,10,64,1,2,0
C-2392,Professional,Monthly,12,282.5,112.7,5,43.4,2,6,1,4,0
C-2393,Professional,Monthly,10,778.35,20.0,18,52.7,9,84,2,5,1
C-2394,Enterprise,Annual,16,3470.94,260.2,93,62.6,9,88,1,4,0
C-2395,Professional,Annual,35,721.3,83.1,10,11.8,3,76,10,5,0
C-2396,Enterprise,Monthly,18,4167.79,102.3,24,79.2,14,6,1,5,1
C-2397,Enterprise,Monthly,20,3631.91,275.5,81,54.4,0,52,4,5,1
C-2398,Enterprise,Annual,2,3445.03,204.0,34,63.7,15,24,6,2,1
C-2399,Professional,Annual,14,565.94,37.0,7,14.4,10,48,5,3,0
C-2400,Professional,Annual,28,466.81,129.3,7,49.4,9,34,0,0,1
C-2401,Starter,Annual,9,98.18,13.7,2,36.3,14,5,7,5,1
C-2402,Starter,Monthly,36,126.44,57.9,4,80.3,5,7,10,1,0
C-2403,Starter,Annual,19,56.77,2.8,4,73.8,13,49,8,5,1
C-2404,Professional,Monthly,28,649.08,36.9,13,77.8,8,66,1,4,0
C-2405,Professional,Monthly,42,649.06,90.6,17,56.7,9,60,0,2,0
C-2406,Professional,Annual,30,606.32,129.6,7,59.4,5,51,9,4,1
C-2407,Enterprise,Monthly,23,1746.35,186.1,36,11.8,4,53,9,3,1
C-2408,Professional,Monthly,4,788.76,42.9,4,52.8,4,5,10,2,0
C-2409,Starter,Monthly,13,88.73,5.0,5,78.7,13,45,9,2,1
C-2410,Enterprise,Annual,45,1823.52,201.4,54,90.2,8,37,10,5,0
C-2411,Enterprise,Annual,45,3165.85,271.9,27,74.2,0,75,5,2,1
C-2412,Starter,Annual,12,163.16,14.2,1,78.5,9,74,4,2,0
C-2413,Starter,Monthly,10,143.61,35.3,5,85.7,9,19,7,4,0
C-2414,Professional,Monthly,18,569.08,61.7,13,12.0,9,56,8,5,0
C-2415,Professional,Monthly,28,318.34,91.9,8,53.0,2,1,5,5,0
C-2416,Enterprise,Monthly,11,1239.76,267.8,74,60.2,9,48,2,1,0
C-2417,Enterprise,Monthly,25,2350.61,274.5,57,43.2,13,28,0,0,0
C-2418,Starter,Annual,13,80.38,35.7,1,16.7,12,37,0,3,1
C-2419,Professional,Annual,22,630.94,93.7,5,32.5,12,56,3,2,0
C-2420,Enterprise,Annual,13,3831.98,258.5,59,79.0,11,60,7,2,0
C-2421,Professional,Monthly,28,752.2,67.3,15,73.9,14,51,4,0,1
C-2422,Starter,Monthly,33,108.8,28.0,1,14.7,13,58,9,3,1
C-2423,Professional,Annual,18,734.93,103.5,7,29.3,9,25,6,4,0
C-2424,Professional,Monthly,23,449.34,112.7,9,94.9,9,56,7,5,1
C-2425,Professional,Monthly,45,348.38,116.1,4,19.8,15,68,6,3,1
C-2426,Professional,Monthly,19,647.91,63.5,9,37.9,3,54,10,5,0
C-2427,Professional,Annual,40,632.59,90.2,4,63.4,12,13,8,2,0
C-2428,Professional,Annual,25,203.73,88.0,14,82.7,12,39,6,0,1
C-2429,Starter,Annual,43,75.34,18.4,5,76.3,12,22,2,3,1
C-2430,Professional,Annual,6,474.07,73.3,13,93.3,13,58,3,4,1
C-2431,Enterprise,Annual,3,4712.27,275.8,73,67.9,5,85,3,3,1
C-2432,Professional,Monthly,17,475.72,76.2,14,68.9,15,80,1,3,1
C-2433,Enterprise,Monthly,8,4776.01,214.8,26,79.5,8,74,4,2,0
C-2434,Starter,Annual,39,197.75,28.4,3,55.7,5,54,1,2,0
C-2435,Professional,Monthly,39,742.9,64.2,18,53.6,2,71,3,1,0
C-2436,Enterprise,Monthly,1,1728.58,109.8,24,39.8,13,61,0,2,1
C-2437,Starter,Annual,43,56.04,47.3,1,60.9,6,69,10,3,1
C-2438,Professional,Annual,20,796.6,91.2,14,45.4,2,8,0,1,1
C-2439,Professional,Annual,29,724.82,88.6,9,57.2,0,33,0,2,0
C-2440,Starter,Monthly,26,110.87,39.3,1,27.1,0,50,3,2,1
C-2441,Starter,Annual,27,63.22,48.9,1,34.7,0,65,8,0,1
C-2442,Professional,Annual,44,549.6,112.2,18,40.6,8,6,2,2,0
C-2443,Starter,Monthly,14,130.77,36.7,2,49.0,7,43,10,2,0
C-2444,Enterprise,Annual,22,4107.25,185.4,89,12.0,14,25,10,0,0
C-2445,Professional,Annual,9,437.49,119.6,14,77.4,14,81,8,1,0
C-2446,Starter,Annual,28,84.25,14.4,3,19.4,2,52,3,3,1
C-2447,Professional,Annual,30,345.41,118.0,9,94.5,11,50,8,5,1
C-2448,Professional,Annual,29,223.79,114.7,4,77.4,10,86,0,5,1
C-2449,Starter,Annual,28,73.03,12.3,3,44.4,3,30,4,1,1
C-2450,Enterprise,Monthly,12,869.65,296.2,72,36.4,4,8,3,5,0
C-2451,Starter,Monthly,34,141.7,46.5,5,48.2,4,32,5,3,1
C-2452,Professional,Annual,15,734.39,107.8,4,50.0,1,61,0,0,0
C-2453,Professional,Monthly,36,544.42,80.4,11,29.4,10,75,3,2,1
C-2454,Professional,Monthly,5,443.9,107.5,14,84.7,13,26,3,3,1
C-2455,Professional,Monthly,45,603.57,129.7,8,28.1,5,24,0,1,0
C-2456,Professional,Monthly,19,464.7,149.8,4,56.1,13,76,0,1,1
C-2457,Starter,Annual,9,56.58,10.5,5,39.2,0,35,2,2,0
C-2458,Professional,Annual,7,577.09,105.7,19,71.2,7,74,2,0,0
C-2459,Enterprise,Annual,41,2385.37,187.6,77,48.4,6,87,4,3,1
C-2460,Enterprise,Monthly,48,2476.76,82.2,36,14.6,0,62,3,3,1
C-2461,Enterprise,Annual,32,2020.67,158.1,44,29.7,10,2,8,4,0
C-2462,Starter,Monthly,19,89.85,44.6,3,76.4,8,20,8,1,1
C-2463,Professional,Annual,41,352.4,32.7,11,29.8,1,44,4,5,0
C-2464,Enterprise,Annual,47,1908.76,177.7,75,29.8,3,66,6,0,0
C-2465,Starter,Annual,24,168.6,56.5,5,29.5,11,48,7,3,0
C-2466,Enterprise,Annual,46,1858.89,169.8,85,53.8,13,42,4,5,0
C-2467,Professional,Annual,20,579.15,108.6,9,76.5,0,46,3,3,1
C-2468,Professional,Annual,6,761.49,109.5,18,52.7,8,56,10,5,0
C-2469,Professional,Monthly,44,681.57,60.3,14,76.9,5,47,8,1,0
C-2470,Professional,Monthly,1,535.06,53.7,8,18.2,6,12,0,2,1
C-2471,Professional,Annual,26,684.54,114.8,15,15.6,8,10,6,2,0
C-2472,Starter,Monthly,32,185.05,41.2,3,92.0,3,3,5,3,1
C-2473,Enterprise,Monthly,12,4344.29,155.7,14,25.3,10,87,10,3,1
C-2474,Professional,Annual,22,488.33,69.9,15,49.1,6,54,0,1,0
C-2475,Enterprise,Monthly,44,3811.08,119.3,81,46.5,11,35,7,4,0
C-2476,Professional,Annual,17,613.61,33.2,14,15.6,13,65,3,5,1
C-2477,Professional,Annual,35,553.14,27.6,7,87.9,15,14,0,2,0
C-2478,Starter,Monthly,15,153.53,31.6,3,47.9,7,19,7,1,1
C-2479,Starter,Annual,32,188.45,57.7,1,18.7,4,44,9,3,0
C-2480,Professional,Annual,29,764.81,85.5,5,20.1,14,56,7,0,1
C-2481,Starter,Monthly,13,128.54,36.4,4,22.1,14,65,6,0,1
C-2482,Professional,Monthly,11,535.13,109.2,11,75.7,8,4,2,3,0
C-2483,Enterprise,Annual,15,2198.1,188.8,79,73.5,14,36,10,5,1
C-2484,Professional,Monthly,33,676.51,120.7,20,34.7,0,38,9,2,0
C-2485,Enterprise,Monthly,32,2432.26,166.9,53,46.8,10,29,8,3,0
C-2486,Professional,Monthly,22,799.52,47.6,7,67.2,2,25,3,3,1
C-2487,Enterprise,Annual,43,2072.75,63.0,22,61.1,9,39,4,4,0
C-2488,Starter,Annual,2,128.14,10.1,4,29.9,3,73,2,0,1
C-2489,Enterprise,Monthly,17,3759.88,227.9,30,57.9,13,10,2,0,0
C-2490,Starter,Annual,33,117.1,4.1,5,14.1,5,36,6,2,1
C-2491,Enterprise,Annual,9,4460.45,138.2,29,31.5,7,59,6,1,0
C-2492,Enterprise,Annual,3,2580.14,280.9,43,41.2,13,82,10,3,0
C-2493,Starter,Monthly,4,115.98,5.9,1,58.1,11,46,7,2,1
C-2494,Professional,Monthly,47,277.48,64.5,17,57.2,6,58,1,0,1
C-2495,Enterprise,Annual,45,4477.12,189.1,99,64.6,3,88,1,5,0
C-2496,Enterprise,Monthly,33,3153.02,250.4,74,74.7,11,70,9,0,0
C-2497,Enterprise,Monthly,39,1662.62,179.6,17,52.8,14,8,9,2,0
C-2498,Starter,Monthly,12,164.24,2.6,1,80.4,8,62,1,4,1
C-2499,Starter,Annual,28,127.39,48.6,1,78.8,6,56,0,4,0
C-2500,Enterprise,Annual,20,2576.69,101.3,20,14.6,14,81,4,1,1
C-2501,Enterprise,Monthly,29,4938.68,155.9,40,19.4,8,60,0,0,0
C-2502,Starter,Monthly,24,182.48,54.4,2,94.8,4,51,6,4,1
C-2503,Starter,Monthly,7,198.77,15.5,2,83.8,8,65,7,3,1
C-2504,Starter,Annual,26,199.94,59.7,1,16.9,0,25,1,4,1
C-2505,Professional,Monthly,24,553.93,44.9,14,88.7,5,86,6,1,0
C-2506,Enterprise,Monthly,34,4657.74,265.4,77,86.6,9,42,10,4,0
C-2507,Professional,Monthly,8,634.27,47.7,6,77.0,4,25,2,4,0
C-2508,Professional,Monthly,12,622.17,129.5,13,36.0,6,67,7,0,1
C-2509,Starter,Annual,2,169.57,21.5,3,51.3,11,24,2,2,0
C-2510,Enterprise,Monthly,40,970.37,169.2,30,71.6,9,74,9,0,1
C-2511,Starter,Annual,7,120.8,34.0,5,58.0,15,45,3,5,1
C-2512,Starter,Monthly,21,162.63,19.6,4,61.6,4,63,5,1,1
C-2513,Professional,Monthly,26,709.39,109.5,14,27.1,4,32,4,2,0
C-2514,Professional,Annual,11,750.45,69.1,13,89.5,9,83,10,1,0
C-2515,Starter,Annual,4,136.97,47.0,3,71.1,11,30,4,5,0
C-2516,Starter,Monthly,2,126.2,35.4,2,53.1,15,2,6,5,1
C-2517,Starter,Annual,32,90.43,35.3,4,57.3,4,54,3,3,1
C-2518,Starter,Monthly,1,99.64,55.1,5,64.9,3,69,0,2,1
C-2519,Enterprise,Annual,2,2175.9,249.3,98,37.9,3,42,9,2,0
C-2520,Professional,Monthly,22,451.9,121.9,8,49.2,0,49,1,0,0
C-2521,Starter,Annual,39,64.86,48.8,5,63.4,7,56,2,4,0
C-2522,Professional,Annual,17,203.65,100.0,19,36.5,14,46,10,1,1
C-2523,Professional,Monthly,48,715.11,61.9,5,45.8,6,31,10,4,1
C-2524,Professional,Monthly,30,780.07,25.3,17,31.4,3,70,8,3,0
C-2525,Starter,Annual,46,198.74,30.5,3,51.6,3,75,10,4,0
C-2526,Enterprise,Annual,44,1612.19,221.7,53,69.0,11,60,8,3,0
C-2527,Starter,Monthly,36,87.83,45.1,2,81.0,1,79,3,1,1
C-2528,Professional,Monthly,2,452.03,75.7,8,62.4,7,53,1,4,1
C-2529,Professional,Annual,2,308.94,85.4,8,60.7,6,65,10,0,1
C-2530,Starter,Annual,42,160.5,50.3,5,14.6,2,44,1,5,0
C-2531,Starter,Monthly,42,167.48,6.9,4,49.3,5,44,7,4,1
C-2532,Starter,Monthly,7,69.12,3.0,2,22.6,10,17,6,0,1
C-2533,Professional,Monthly,7,733.14,139.3,10,88.0,15,27,8,4,0
C-2534,Enterprise,Annual,5,3444.55,91.6,27,32.4,6,87,6,2,0
C-2535,Enterprise,Monthly,5,933.29,250.7,44,38.3,1,44,0,0,1
C-2536,Professional,Monthly,41,634.25,35.2,19,12.4,11,80,1,0,0
C-2537,Starter,Annual,21,53.49,42.6,1,24.1,5,43,0,0,1
C-2538,Starter,Monthly,22,59.0,32.2,4,49.7,1,24,9,0,0
C-2539,Starter,Monthly,40,138.41,18.5,2,51.9,3,76,1,0,1
C-2540,Starter,Monthly,25,155.64,31.1,1,77.0,10,52,1,0,1
C-2541,Professional,Annual,19,523.67,51.1,5,79.4,14,42,3,3,0
C-2542,Starter,Annual,40,197.08,45.1,3,25.6,7,87,3,5,1
C-2543,Starter,Monthly,37,177.59,53.8,5,26.4,13,24,10,3,0
C-2544,Starter,Monthly,41,190.34,40.8,5,89.9,2,12,8,2,0
C-2545,Professional,Monthly,2,465.51,78.7,18,46.2,13,16,7,0,1
C-2546,Enterprise,Monthly,3,1997.25,244.5,14,31.2,15,26,5,1,0
C-2547,Professional,Annual,5,393.13,127.8,17,55.6,0,59,10,4,1
C-2548,Starter,Annual,39,50.1,49.6,3,30.9,14,41,5,0,0
C-2549,Starter,Monthly,17,94.87,19.7,5,32.3,13,77,2,3,1
C-2550,Professional,Monthly,23,257.46,145.4,19,19.1,7,68,3,1,1
C-2551,Professional,Annual,20,769.58,61.5,13,86.7,5,59,7,3,0
C-2552,Professional,Monthly,35,570.47,145.3,16,20.0,12,2,0,0,1
C-2553,Starter,Annual,44,143.84,31.1,1,78.1,15,84,9,3,0
C-2554,Professional,Annual,11,542.97,51.4,4,88.4,14,60,2,2,0
C-2555,Starter,Annual,39,146.18,51.7,2,63.8,0,74,4,3,0
C-2556,Professional,Monthly,1,449.77,93.7,8,79.2,11,20,8,4,0
C-2557,Professional,Monthly,41,535.22,23.3,3,32.4,3,74,0,1,0
C-2558,Enterprise,Monthly,44,4061.41,76.0,67,94.9,6,63,9,5,1
C-2559,Starter,Annual,1,99.3,15.0,2,74.6,3,86,9,1,1
C-2560,Enterprise,Monthly,28,1985.32,54.9,77,41.7,10,5,2,1,1
C-2561,Enterprise,Annual,47,2033.76,117.7,72,20.2,11,48,5,0,1
C-2562,Professional,Monthly,48,624.61,24.0,18,31.8,7,65,2,3,1
C-2563,Enterprise,Monthly,3,1406.73,294.9,23,87.4,4,51,2,0,1
C-2564,Enterprise,Annual,44,2781.65,141.2,73,36.6,14,13,8,3,0
C-2565,Enterprise,Monthly,24,866.0,56.8,86,49.6,13,43,8,3,0
C-2566,Professional,Annual,38,617.78,130.7,9,20.2,11,13,1,0,0
C-2567,Enterprise,Annual,32,2952.77,69.6,39,38.0,14,9,9,0,0
C-2568,Starter,Annual,28,157.88,30.1,4,40.6,2,67,8,1,0
C-2569,Enterprise,Annual,27,1084.33,225.6,19,21.2,11,43,0,3,1
C-2570,Starter,Monthly,8,170.42,29.8,5,23.6,13,34,0,4,0
C-2571,Starter,Annual,20,81.07,5.6,5,54.4,10,75,9,0,1
C-2572,Professional,Monthly,21,697.58,69.1,10,36.6,0,24,8,0,0
C-2573,Enterprise,Monthly,4,840.07,290.4,36,57.1,12,42,4,1,1
C-2574,Starter,Monthly,26,171.87,35.9,5,61.8,4,17,4,4,0
C-2575,Professional,Annual,44,331.46,126.1,18,50.3,12,5,1,1,1
C-2576,Professional,Monthly,28,278.98,67.3,5,88.0,10,63,1,4,0
C-2577,Enterprise,Monthly,12,4438.56,79.2,11,44.2,8,52,6,3,1
C-2578,Professional,Monthly,3,370.08,102.7,5,64.8,6,56,4,4,0
C-2579,Starter,Monthly,27,124.36,6.3,1,69.7,9,77,8,5,0
C-2580,Professional,Annual,5,392.9,81.6,7,20.3,7,8,9,0,1
C-2581,Enterprise,Monthly,16,4171.24,267.8,16,24.3,5,73,7,3,1
C-2582,Starter,Annual,32,171.48,6.9,1,28.3,11,3,10,5,1
C-2583,Professional,Monthly,38,372.42,99.1,7,52.0,6,54,7,3,1
C-2584,Professional,Monthly,19,399.05,34.9,13,90.9,11,34,9,3,1
C-2585,Professional,Annual,44,441.12,53.9,8,86.5,2,61,7,0,0
C-2586,Starter,Annual,19,90.75,12.7,5,26.0,12,27,2,2,1
C-2587,Enterprise,Monthly,38,3662.87,287.9,51,89.9,8,60,1,1,1
C-2588,Professional,Annual,6,429.72,25.5,4,42.4,5,34,2,1,0
C-2589,Professional,Annual,26,616.09,145.8,9,20.8,7,73,1,4,1
C-2590,Enterprise,Annual,4,2322.72,182.4,24,59.6,9,65,2,2,1
C-2591,Starter,Annual,8,60.01,32.7,1,81.5,8,51,7,0,0
C-2592,Professional,Annual,39,328.84,123.2,18,30.3,2,3,6,1,0
C-2593,Starter,Annual,11,60.57,23.6,5,20.9,12,8,6,1,1
C-2594,Starter,Monthly,40,126.1,21.0,5,11.7,3,60,5,1,0
C-2595,Starter,Annual,5,118.14,23.0,3,60.3,7,41,7,4,1
C-2596,Starter,Annual,32,53.58,50.7,3,30.4,15,76,2,5,1
C-2597,Enterprise,Monthly,8,4615.06,255.9,74,67.1,2,83,8,3,1
C-2598,Professional,Monthly,32,351.22,118.0,15,24.0,8,27,2,1,0
C-2599,Starter,Annual,41,177.57,20.5,4,92.1,8,35,2,2,0
C-2600,Starter,Monthly,28,92.98,29.8,5,83.5,7,28,4,5,1
C-2601,Professional,Monthly,44,603.36,43.4,7,66.0,10,48,1,3,0
C-2602,Enterprise,Annual,34,1699.28,220.4,95,87.1,14,28,0,4,0
C-2603,Professional,Annual,6,638.5,87.0,5,71.1,4,36,10,1,0
C-2604,Enterprise,Monthly,28,4920.93,139.1,87,51.8,5,17,8,5,0
C-2605,Starter,Annual,15,138.3,46.6,5,56.5,0,77,2,4,1
C-2606,Professional,Monthly,6,365.35,65.4,11,75.5,9,36,4,5,1
C-2607,Enterprise,Annual,42,2745.72,105.6,28,46.4,6,20,3,1,0
C-2608,Starter,Monthly,32,151.01,23.6,4,64.2,7,63,8,2,1
C-2609,Enterprise,Monthly,5,1249.85,277.1,59,38.0,3,18,6,2,1
C-2610,Starter,Annual,25,116.72,22.4,4,13.0,15,13,7,0,1
C-2611,Professional,Annual,15,744.96,122.6,10,29.7,12,21,10,5,0
C-2612,Starter,Monthly,22,164.33,19.7,1,70.1,7,33,1,0,0
C-2613,Professional,Annual,9,214.18,106.0,7,21.2,2,58,3,4,0
C-2614,Enterprise,Annual,3,4839.18,149.2,60,63.5,13,53,3,0,0
C-2615,Starter,Annual,27,171.0,33.5,5,44.6,7,76,9,4,0
C-2616,Starter,Monthly,7,136.43,38.2,3,58.8,2,11,0,1,0
C-2617,Professional,Annual,14,515.61,44.7,3,79.3,7,18,7,2,1
C-2618,Professional,Monthly,19,708.89,116.8,9,84.2,4,7,1,1,0
C-2619,Enterprise,Annual,21,4077.59,100.4,40,61.0,12,77,1,0,0
C-2620,Starter,Monthly,44,164.68,58.9,3,17.9,12,37,10,2,0
C-2621,Enterprise,Annual,10,1605.88,153.8,57,88.8,15,71,2,3,0
C-2622,Starter,Monthly,19,118.3,13.5,2,45.4,0,67,8,4,1
C-2623,Enterprise,Monthly,37,1139.64,223.5,44,62.7,7,15,0,2,1
C-2624,Professional,Annual,39,332.99,119.1,3,36.4,8,20,8,1,0
C-2625,Professional,Monthly,6,212.52,146.0,18,22.6,6,68,2,0,1
C-2626,Professional,Annual,3,258.42,67.0,6,10.5,13,6,9,3,0
C-2627,Starter,Monthly,2,92.23,41.1,2,69.5,14,86,7,5,1
C-2628,Enterprise,Annual,16,1230.74,58.3,87,91.2,10,25,1,4,0
C-2629,Enterprise,Annual,18,1386.36,278.7,59,37.8,7,21,7,0,0
C-2630,Enterprise,Annual,12,3503.45,136.5,71,90.2,4,25,3,1,0
C-2631,Professional,Annual,3,548.94,55.5,12,79.5,8,65,3,0,1
C-2632,Enterprise,Annual,43,4918.32,236.8,37,94.4,0,9,6,0,0
C-2633,Professional,Annual,46,430.08,115.7,18,27.0,5,19,10,2,0
C-2634,Professional,Monthly,26,325.12,35.5,4,18.7,6,65,9,4,1
C-2635,Starter,Annual,29,133.28,9.3,2,89.3,7,86,5,4,1
C-2636,Starter,Annual,10,148.49,15.2,3,87.2,4,18,6,2,1
C-2637,Starter,Annual,10,78.85,2.3,4,79.9,10,56,7,3,1
C-2638,Enterprise,Monthly,41,1435.5,295.9,72,31.9,9,22,1,0,0
C-2639,Starter,Annual,33,189.79,53.2,5,12.3,3,55,9,3,1
C-2640,Professional,Monthly,10,695.56,71.0,20,50.4,11,14,10,5,1
C-2641,Enterprise,Monthly,46,3744.15,78.6,45,51.8,12,82,8,2,0
C-2642,Professional,Monthly,20,670.88,93.3,16,41.2,1,23,8,1,0
C-2643,Enterprise,Annual,27,3380.98,238.1,79,25.6,9,40,7,3,1
C-2644,Starter,Monthly,36,199.6,4.4,1,26.3,12,65,3,2,0
C-2645,Enterprise,Annual,48,3630.77,69.3,72,21.0,8,22,0,2,0
C-2646,Starter,Annual,21,73.76,40.0,1,93.3,15,17,6,3,0
C-2647,Professional,Annual,4,287.01,117.1,9,13.3,6,25,0,3,1
C-2648,Enterprise,Annual,41,1186.68,277.8,56,84.9,5,31,8,4,1
C-2649,Enterprise,Annual,24,2221.81,282.2,64,80.9,15,15,8,0,1
C-2650,Starter,Annual,24,92.74,45.3,1,46.7,14,48,4,5,0
C-2651,Starter,Annual,44,194.49,40.6,4,37.4,12,44,1,1,0
C-2652,Starter,Annual,31,176.19,30.0,3,24.0,2,38,1,2,1
C-2653,Professional,Monthly,34,495.68,27.7,3,10.5,10,34,5,0,1
C-2654,Professional,Annual,41,484.89,51.2,9,53.8,3,23,3,2,0
C-2655,Enterprise,Annual,42,1699.49,61.7,60,23.1,6,63,6,0,1
C-2656,Enterprise,Annual,3,2671.85,167.5,60,45.6,1,30,1,3,0
C-2657,Professional,Monthly,29,628.79,21.8,15,64.7,0,5,5,2,0
C-2658,Starter,Monthly,38,91.78,58.9,3,32.8,2,83,10,3,1
C-2659,Professional,Monthly,36,463.21,110.8,7,45.4,5,17,5,2,0
C-2660,Professional,Monthly,7,571.98,53.9,14,94.8,1,66,10,4,1
C-2661,Starter,Monthly,15,89.85,35.8,1,70.3,12,10,6,4,1
C-2662,Starter,Annual,13,87.26,13.6,3,77.5,5,68,0,2,0
C-2663,Starter,Annual,25,88.66,17.5,3,76.6,3,51,4,4,0
C-2664,Professional,Monthly,22,725.42,102.6,16,56.9,10,78,1,2,1
C-2665,Starter,Annual,41,123.01,50.0,3,58.5,14,83,9,5,1
C-2666,Starter,Annual,35,196.61,7.8,3,47.4,1,50,0,1,0
C-2667,Professional,Monthly,10,359.33,91.5,17,15.7,15,6,6,3,1
C-2668,Starter,Monthly,2,166.29,40.2,2,81.6,14,79,7,5,1
C-2669,Enterprise,Monthly,42,2103.18,189.2,94,12.4,12,43,6,0,1
C-2670,Professional,Monthly,27,798.55,65.1,7,81.9,2,54,2,4,0
C-2671,Starter,Monthly,7,168.01,49.3,3,25.2,4,67,10,2,1
C-2672,Starter,Monthly,23,182.91,14.2,5,16.3,8,69,0,5,1
C-2673,Professional,Monthly,22,611.46,145.0,4,73.3,4,57,2,4,1
C-2674,Starter,Monthly,9,66.39,12.5,1,93.1,11,66,8,5,1
C-2675,Starter,Annual,26,144.98,43.8,2,41.9,6,11,3,5,1
C-2676,Starter,Monthly,33,60.34,31.6,5,38.7,4,13,9,5,1
C-2677,Enterprise,Monthly,11,4681.46,104.6,18,36.4,5,28,1,0,0
C-2678,Enterprise,Monthly,38,3704.52,207.5,11,31.9,7,10,2,0,1
C-2679,Starter,Annual,38,101.31,48.0,2,74.4,5,65,4,2,0
C-2680,Starter,Monthly,39,149.69,34.7,5,48.9,8,25,1,0,1
C-2681,Professional,Monthly,34,470.7,128.3,8,47.6,0,0,9,1,1
C-2682,Enterprise,Monthly,32,1055.5,244.5,91,81.0,6,18,9,1,0
C-2683,Starter,Monthly,12,176.41,56.0,1,76.0,1,59,3,1,0
C-2684,Starter,Annual,24,143.89,39.2,1,48.6,4,9,8,4,0
C-2685,Starter,Monthly,23,146.45,40.5,4,40.7,11,29,4,0,1
C-2686,Starter,Annual,32,62.39,6.0,2,78.1,14,40,3,5,1
C-2687,Professional,Monthly,14,607.46,110.8,16,18.0,2,69,6,4,1
C-2688,Enterprise,Annual,12,3538.45,78.9,57,59.0,7,6,0,2,0
C-2689,Starter,Monthly,38,89.98,48.2,5,63.1,12,80,1,3,0
C-2690,Enterprise,Monthly,24,2746.15,236.5,21,80.6,5,7,7,1,0
C-2691,Enterprise,Monthly,21,2307.9,274.9,70,85.8,10,42,7,1,0
C-2692,Starter,Monthly,15,131.96,49.1,1,49.4,15,86,10,5,0
C-2693,Professional,Monthly,31,289.18,83.1,14,81.1,0,50,3,2,0
C-2694,Starter,Monthly,8,154.68,6.3,1,12.6,3,22,9,4,1
C-2695,Enterprise,Annual,34,4692.06,158.1,37,68.1,3,0,3,2,0
C-2696,Starter,Monthly,45,62.83,53.8,1,24.1,8,43,10,4,1
C-2697,Professional,Monthly,25,335.46,105.5,13,31.2,8,50,8,0,0
C-2698,Starter,Annual,47,151.88,2.5,4,29.8,6,59,10,2,1
C-2699,Enterprise,Monthly,5,2191.13,223.7,100,11.0,14,63,8,1,1
C-2700,Professional,Monthly,5,374.4,128.9,12,43.7,11,46,7,2,0
C-2701,Starter,Annual,9,198.72,52.2,5,61.8,14,39,2,3,1
C-2702,Enterprise,Monthly,39,4842.67,94.0,57,39.7,3,86,6,2,1
C-2703,Professional,Monthly,17,365.36,52.7,5,66.7,10,70,10,3,0
C-2704,Professional,Annual,19,755.35,126.1,17,78.2,11,32,5,1,0
C-2705,Starter,Annual,10,91.16,49.2,2,26.0,2,17,2,5,0
C-2706,Starter,Monthly,48,198.97,59.0,1,14.1,7,73,4,0,1
C-2707,Starter,Annual,4,59.26,35.0,1,20.3,15,33,9,5,0
C-2708,Professional,Annual,13,284.29,93.6,6,19.5,13,89,7,0,0
C-2709,Starter,Monthly,5,60.99,26.0,5,29.0,9,58,10,4,1
C-2710,Professional,Monthly,31,363.77,139.0,17,61.6,0,88,7,1,1
C-2711,Enterprise,Annual,36,1537.52,212.0,99,67.8,4,61,9,0,0
C-2712,Starter,Annual,42,87.94,51.2,3,25.1,15,31,4,2,0
C-2713,Enterprise,Monthly,24,2954.27,232.3,34,18.3,2,27,5,2,0
C-2714,Starter,Annual,31,91.12,25.7,3,36.5,7,15,3,1,0
C-2715,Starter,Annual,25,61.67,26.4,2,28.6,7,84,2,4,1
C-2716,Professional,Annual,1,712.92,146.2,15,68.0,14,38,0,3,1
C-2717,Enterprise,Monthly,3,3983.74,77.2,71,63.0,15,13,7,4,0
C-2718,Professional,Monthly,6,391.21,110.9,8,51.7,3,9,5,5,0
C-2719,Professional,Annual,30,580.55,144.5,16,17.0,7,23,0,2,1
C-2720,Enterprise,Monthly,16,4053.87,259.9,34,42.9,3,82,9,3,0
C-2721,Enterprise,Monthly,7,4115.1,103.0,70,29.5,13,49,1,4,1
C-2722,Professional,Monthly,29,553.9,145.0,17,54.6,12,22,6,3,0
C-2723,Enterprise,Monthly,35,1529.65,216.0,56,59.3,1,6,7,1,0
C-2724,Enterprise,Annual,9,2698.55,216.9,27,17.2,11,15,9,3,0
C-2725,Enterprise,Annual,26,3969.3,164.7,23,77.6,15,26,4,4,0
C-2726,Professional,Monthly,28,492.93,73.8,5,80.1,8,1,5,2,0
C-2727,Enterprise,Annual,9,872.55,76.5,58,53.6,15,31,7,0,1
C-2728,Starter,Annual,33,118.43,7.9,3,54.7,4,63,8,0,0
C-2729,Starter,Monthly,33,85.05,43.6,5,68.2,2,75,7,5,0
C-2730,Starter,Monthly,18,73.82,20.3,1,87.3,4,90,6,0,0
C-2731,Professional,Monthly,9,516.47,39.6,18,36.8,11,24,9,4,0
C-2732,Professional,Annual,28,629.2,101.6,10,89.7,5,53,4,1,0
C-2733,Professional,Monthly,14,216.64,54.1,7,79.7,10,84,2,3,0
C-2734,Professional,Monthly,3,798.67,79.5,15,22.1,15,51,6,2,1
C-2735,Professional,Annual,34,460.55,103.3,15,31.3,3,29,1,5,1
C-2736,Professional,Annual,3,634.52,99.7,18,22.2,9,42,1,1,0
C-2737,Starter,Monthly,39,138.81,6.4,3,77.6,0,51,8,0,1
C-2738,Professional,Monthly,38,699.72,67.4,3,91.7,12,27,10,1,0
C-2739,Enterprise,Monthly,2,2208.38,234.6,90,35.0,4,23,6,0,0
C-2740,Professional,Monthly,25,766.49,139.8,12,82.9,12,88,8,1,0
C-2741,Enterprise,Annual,17,3810.74,181.3,99,14.6,4,27,0,3,0
C-2742,Starter,Annual,25,95.86,45.0,4,48.3,9,13,5,4,1
C-2743,Professional,Annual,19,635.27,102.3,18,69.7,3,40,10,5,0
C-2744,Enterprise,Monthly,32,4881.66,114.7,83,42.0,7,73,2,0,1
C-2745,Enterprise,Annual,20,1497.95,118.9,17,82.9,6,51,5,2,0
C-2746,Starter,Annual,46,191.2,26.7,1,64.4,4,19,6,5,0
C-2747,Starter,Annual,32,181.47,37.9,4,41.9,9,29,4,5,0
C-2748,Starter,Monthly,35,198.55,5.8,3,54.4,1,68,9,5,0
C-2749,Starter,Annual,36,107.29,19.3,5,22.9,3,88,1,4,1
C-2750,Professional,Monthly,24,487.34,148.2,8,87.1,15,54,7,0,0
C-2751,Starter,Annual,5,130.82,34.8,1,29.3,1,32,0,4,1
C-2752,Enterprise,Monthly,47,2986.79,250.7,39,37.0,10,81,7,0,1
C-2753,Professional,Annual,6,557.35,114.5,5,22.8,10,29,5,1,0
C-2754,Professional,Monthly,11,717.91,73.9,8,91.3,1,54,8,2,0
C-2755,Enterprise,Annual,3,4338.94,238.1,10,70.2,10,38,1,0,0
C-2756,Professional,Annual,2,253.92,24.4,15,84.6,10,47,4,5,1
C-2757,Enterprise,Annual,43,4528.71,211.4,18,85.9,9,45,2,4,1
C-2758,Professional,Annual,33,764.74,22.8,3,70.2,8,79,5,1,1
C-2759,Starter,Annual,48,161.18,57.6,3,72.4,12,35,1,1,1
C-2760,Enterprise,Annual,7,1336.01,102.2,48,32.3,12,29,6,3,0
C-2761,Starter,Monthly,18,188.13,21.9,5,69.8,14,42,2,3,1
C-2762,Enterprise,Monthly,4,2254.67,84.9,99,34.6,6,18,9,5,1
C-2763,Enterprise,Monthly,46,1191.32,60.8,86,92.3,5,78,10,1,0
C-2764,Starter,Annual,48,145.62,7.3,4,17.9,3,1,0,1,1
C-2765,Professional,Annual,44,288.99,123.8,3,62.7,12,4,0,5,0
C-2766,Professional,Annual,29,755.36,67.0,13,42.8,6,73,10,2,0
C-2767,Starter,Monthly,46,142.5,44.7,3,48.8,11,79,10,5,1
C-2768,Starter,Annual,36,188.51,3.7,3,60.7,1,45,6,0,0
C-2769,Enterprise,Monthly,26,4009.64,83.5,98,38.9,3,7,3,0,0
C-2770,Starter,Monthly,3,85.82,2.0,2,33.5,15,61,6,5,1
C-2771,Professional,Annual,29,639.09,75.2,12,17.6,1,79,10,0,1
C-2772,Professional,Annual,40,640.24,84.4,8,34.1,10,44,1,2,0
C-2773,Professional,Annual,17,321.81,56.8,5,47.3,2,84,0,0,1
C-2774,Professional,Monthly,32,778.8,25.3,20,29.3,7,82,4,4,0
C-2775,Starter,Monthly,32,106.23,26.9,4,86.5,10,26,9,4,0
C-2776,Professional,Monthly,26,632.97,68.9,10,31.4,2,8,5,1,0
C-2777,Starter,Monthly,26,103.06,4.9,3,28.0,7,3,5,2,1
C-2778,Professional,Annual,24,259.95,86.5,15,82.7,5,58,2,2,0
C-2779,Enterprise,Annual,40,1840.41,65.6,91,22.6,4,35,1,0,0
C-2780,Starter,Monthly,13,114.36,30.5,1,70.2,9,20,1,0,1
C-2781,Starter,Annual,38,188.28,11.2,4,73.4,7,53,0,4,1
C-2782,Starter,Monthly,40,143.01,23.1,2,18.0,7,80,9,4,1
C-2783,Professional,Annual,28,316.7,97.4,6,22.0,0,85,7,2,0
C-2784,Professional,Monthly,30,769.05,83.6,15,31.6,4,17,5,3,1
C-2785,Enterprise,Monthly,2,4804.77,77.4,18,75.9,2,38,4,1,0
C-2786,Professional,Monthly,22,704.58,27.4,7,50.5,8,13,5,2,0
C-2787,Starter,Monthly,37,70.89,9.9,1,86.6,5,80,0,3,1
C-2788,Starter,Monthly,44,127.71,11.5,4,53.2,6,16,10,4,0
C-2789,Starter,Monthly,11,164.6,44.9,4,46.9,1,34,0,5,0
C-2790,Enterprise,Monthly,38,3140.7,277.1,64,56.1,14,5,1,3,1
C-2791,Enterprise,Annual,35,4418.04,211.6,69,91.8,9,33,0,0,1
C-2792,Starter,Annual,42,63.52,57.4,2,20.8,13,38,9,1,1
C-2793,Professional,Monthly,20,667.02,102.3,14,84.2,7,64,9,1,1
C-2794,Professional,Monthly,40,550.8,43.8,9,22.9,10,25,7,3,0
C-2795,Enterprise,Monthly,27,3986.77,65.8,46,56.6,7,44,1,2,1
C-2796,Starter,Annual,9,108.47,20.7,2,52.8,11,45,5,4,1
C-2797,Enterprise,Annual,47,4587.37,209.0,82,74.5,1,28,4,3,0
C-2798,Enterprise,Monthly,40,3224.43,246.4,81,38.4,3,15,1,1,0
C-2799,Enterprise,Annual,10,3893.33,279.9,33,18.9,13,12,10,3,0
C-2800,Starter,Monthly,37,118.34,50.7,1,64.3,4,81,10,4,1
C-2801,Enterprise,Monthly,7,1402.62,131.5,28,65.5,3,0,0,3,1
C-2802,Enterprise,Annual,35,3104.11,213.4,71,16.4,0,45,4,4,1
C-2803,Starter,Monthly,36,181.87,5.3,4,44.8,10,66,10,0,1
C-2804,Starter,Monthly,25,73.35,52.8,2,75.5,6,49,4,3,1
C-2805,Starter,Annual,28,189.01,42.3,5,86.9,4,1,5,2,0
C-2806,Professional,Monthly,14,290.16,80.2,5,44.7,1,61,7,1,0
C-2807,Starter,Monthly,9,55.97,37.6,4,45.5,14,17,5,0,1
C-2808,Starter,Annual,1,177.99,18.5,4,41.1,5,16,2,3,1
C-2809,Starter,Monthly,40,83.57,5.7,5,84.6,15,64,10,3,1
C-2810,Starter,Monthly,35,109.39,29.8,4,47.3,0,86,3,3,0
C-2811,Enterprise,Monthly,26,4736.02,255.6,81,80.6,6,52,7,0,0
C-2812,Professional,Annual,17,610.61,116.4,4,17.5,6,43,7,4,1
C-2813,Starter,Annual,18,196.07,37.5,4,89.5,7,39,0,3,1
C-2814,Starter,Monthly,15,109.47,19.9,3,55.8,15,62,7,5,1
C-2815,Professional,Annual,8,500.74,49.6,19,74.4,0,69,9,4,0
C-2816,Professional,Annual,4,551.68,45.1,3,47.3,12,36,4,5,1
C-2817,Enterprise,Monthly,23,4793.73,138.7,26,79.3,7,76,1,5,1
C-2818,Enterprise,Monthly,9,4645.54,57.0,13,74.5,6,6,8,4,0
C-2819,Professional,Monthly,47,485.36,73.2,8,50.0,15,7,3,1,1
C-2820,Enterprise,Annual,22,4474.58,175.2,36,63.5,6,5,3,5,0
C-2821,Starter,Annual,34,160.2,26.9,3,29.0,12,2,4,4,0
C-2822,Professional,Monthly,26,282.46,91.3,6,89.3,14,40,0,3,0
C-2823,Starter,Annual,46,195.53,58.7,1,55.4,0,86,10,3,0
C-2824,Professional,Monthly,15,250.56,35.8,11,23.9,13,57,3,0,1
C-2825,Starter,Annual,47,108.36,13.9,4,35.2,2,7,7,4,0
C-2826,Starter,Monthly,39,88.56,9.1,4,37.7,10,65,9,4,1
C-2827,Starter,Annual,27,157.61,30.0,3,63.1,9,82,1,4,0
C-2828,Enterprise,Monthly,9,1797.71,275.7,78,81.5,7,14,6,3,1
C-2829,Starter,Monthly,9,188.14,41.4,4,83.8,8,15,9,2,0
C-2830,Starter,Monthly,21,105.07,56.4,1,64.0,6,44,9,1,0
C-2831,Enterprise,Annual,42,4434.24,58.5,80,26.7,4,84,2,3,1
C-2832,Professional,Annual,14,232.41,85.6,10,63.3,2,82,6,2,1
C-2833,Professional,Annual,26,260.6,102.0,14,64.9,15,78,8,5,0
C-2834,Enterprise,Monthly,13,4083.28,79.3,63,93.2,6,6,8,5,0
C-2835,Starter,Annual,24,110.4,53.8,1,93.7,9,2,2,5,1
C-2836,Starter,Monthly,33,170.91,48.9,1,23.6,13,9,7,3,1
C-2837,Starter,Annual,33,138.41,16.2,2,33.4,11,32,2,5,1
C-2838,Professional,Annual,6,648.67,108.5,19,19.3,12,22,1,5,1
C-2839,Starter,Monthly,42,114.77,27.4,1,50.6,4,8,4,0,0
C-2840,Enterprise,Monthly,9,1069.5,96.8,12,42.1,3,15,4,0,0
C-2841,Professional,Monthly,19,392.97,143.5,8,10.6,8,8,2,2,1
C-2842,Starter,Monthly,39,96.09,25.6,2,76.5,0,79,2,1,0
C-2843,Professional,Annual,34,693.21,124.5,8,63.1,5,31,6,3,0
C-2844,Starter,Annual,24,80.55,19.3,2,40.1,2,63,0,0,1
C-2845,Professional,Monthly,6,607.01,35.7,14,88.3,11,17,4,4,0
C-2846,Starter,Monthly,33,120.88,13.8,1,44.4,0,39,1,0,0
C-2847,Starter,Annual,43,69.58,9.1,5,67.0,0,54,1,0,0
C-2848,Starter,Annual,25,120.74,56.5,5,49.9,0,24,4,4,0
C-2849,Starter,Annual,47,139.1,14.5,3,56.2,11,46,7,2,1
C-2850,Professional,Monthly,32,250.03,77.5,13,38.4,9,66,9,5,1
C-2851,Starter,Monthly,17,166.89,36.1,2,19.1,3,41,8,4,1
C-2852,Starter,Annual,46,196.08,38.6,4,27.2,6,6,9,1,0
C-2853,Starter,Monthly,9,87.75,8.5,3,22.4,14,26,8,0,1
C-2854,Professional,Annual,29,343.06,46.7,8,34.2,15,12,5,5,1
C-2855,Professional,Annual,38,569.42,139.1,15,75.2,7,78,0,1,1
C-2856,Starter,Monthly,12,175.84,7.9,5,75.8,11,82,8,2,1
C-2857,Starter,Annual,15,62.44,3.2,5,40.1,14,89,3,2,1
C-2858,Enterprise,Annual,34,4490.96,158.8,69,38.9,15,7,1,2,0
C-2859,Professional,Annual,43,279.93,106.0,18,13.4,11,47,7,3,0
C-2860,Enterprise,Monthly,4,3825.24,223.7,63,76.1,1,70,9,3,1
C-2861,Starter,Annual,16,176.29,12.2,1,55.9,15,52,7,5,1
C-2862,Enterprise,Annual,42,4915.43,232.4,18,41.5,0,78,1,1,0
C-2863,Professional,Annual,13,737.16,72.0,4,92.7,13,82,2,3,1
C-2864,Enterprise,Monthly,1,4266.72,195.4,64,50.0,11,1,7,0,1
C-2865,Starter,Monthly,23,69.96,41.2,3,38.3,14,43,7,3,0
C-2866,Professional,Monthly,1,221.76,66.5,13,68.3,11,31,0,5,1
C-2867,Starter,Annual,18,79.88,53.4,2,55.1,5,84,7,0,0
C-2868,Enterprise,Annual,14,1754.37,204.8,32,34.3,6,71,4,2,0
C-2869,Enterprise,Monthly,10,3088.0,53.1,70,15.3,12,25,7,4,0
C-2870,Professional,Annual,35,458.7,125.3,10,56.2,10,33,3,2,0
C-2871,Enterprise,Monthly,45,1126.75,258.6,46,14.7,6,64,4,0,0
C-2872,Professional,Monthly,1,351.0,99.7,5,58.2,3,70,10,3,1
C-2873,Starter,Monthly,7,135.05,21.1,5,45.2,4,24,3,2,1
C-2874,Professional,Annual,48,636.94,118.8,10,90.2,7,31,3,1,1
C-2875,Professional,Monthly,43,337.86,116.9,4,37.7,5,78,10,4,0
C-2876,Professional,Monthly,48,502.27,56.8,19,55.6,10,78,5,0,1
C-2877,Professional,Monthly,20,280.01,149.2,8,49.3,1,4,6,1,0
C-2878,Professional,Monthly,34,487.32,58.2,7,55.1,1,34,10,4,0
C-2879,Professional,Annual,40,374.91,101.8,17,45.9,6,81,10,3,0
C-2880,Professional,Annual,33,211.36,53.0,17,76.7,3,31,0,1,0
C-2881,Professional,Monthly,18,555.27,96.2,6,72.7,14,2,5,3,0
C-2882,Enterprise,Monthly,7,885.91,63.0,32,51.5,2,29,6,1,0
C-2883,Starter,Monthly,32,128.05,6.2,5,10.8,4,16,2,0,1
C-2884,Enterprise,Monthly,28,3388.17,277.8,18,57.2,13,3,7,0,0
C-2885,Starter,Annual,38,98.28,59.2,2,75.3,2,52,8,2,0
C-2886,Enterprise,Annual,23,3730.58,102.2,59,58.2,2,80,0,2,1
C-2887,Enterprise,Monthly,15,2034.39,260.4,82,25.5,6,5,10,4,1
C-2888,Starter,Annual,38,185.28,51.1,3,40.1,11,9,3,4,0
C-2889,Enterprise,Annual,11,2430.4,257.6,94,81.3,7,28,9,3,1
C-2890,Professional,Annual,6,464.43,91.5,3,65.5,5,61,1,2,1
C-2891,Starter,Monthly,45,74.2,10.1,4,27.0,13,14,7,0,1
C-2892,Starter,Annual,36,175.14,21.7,1,76.9,3,3,5,1,1
C-2893,Enterprise,Monthly,21,2705.31,210.8,37,41.1,5,9,1,5,0
C-2894,Enterprise,Annual,41,2219.99,204.6,60,17.8,8,37,0,0,1
C-2895,Professional,Monthly,36,381.72,30.8,13,24.6,15,90,9,0,1
C-2896,Professional,Monthly,23,404.6,25.3,14,74.9,7,1,2,5,0
C-2897,Starter,Monthly,48,110.77,22.1,2,26.0,1,38,2,0,1
C-2898,Starter,Annual,30,185.11,2.6,2,54.4,9,64,5,0,0
C-2899,Starter,Monthly,19,100.43,34.5,2,22.0,1,2,8,2,0
C-2900,Professional,Annual,29,393.83,28.4,10,23.6,9,35,10,3,1
C-2901,Starter,Monthly,8,160.81,55.7,1,57.9,13,83,5,4,1
C-2902,Starter,Monthly,45,187.42,53.5,5,74.9,4,1,8,5,0
C-2903,Professional,Annual,40,315.16,92.3,8,58.5,0,63,4,1,0
C-2904,Professional,Monthly,23,236.59,80.6,14,33.6,11,4,3,5,1
C-2905,Professional,Annual,45,706.72,87.0,14,48.9,13,54,4,5,1
C-2906,Enterprise,Annual,36,828.07,93.9,12,27.9,0,67,10,0,0
C-2907,Professional,Monthly,20,465.83,64.0,13,35.2,9,4,8,4,0
C-2908,Starter,Monthly,32,74.38,55.2,5,27.4,9,11,8,0,0
C-2909,Starter,Monthly,27,52.57,43.3,4,23.3,15,29,8,2,1
C-2910,Starter,Monthly,26,84.59,58.6,2,93.5,15,53,8,1,0
C-2911,Starter,Monthly,7,101.44,18.3,3,87.8,5,82,9,4,1
C-2912,Starter,Monthly,21,85.68,50.9,2,40.8,13,44,4,0,1
C-2913,Professional,Monthly,31,583.99,55.6,11,31.1,15,72,2,5,0
C-2914,Starter,Annual,9,190.37,9.2,2,30.0,14,84,0,5,1
C-2915,Professional,Annual,9,515.18,146.6,18,77.6,5,86,6,0,1
C-2916,Starter,Monthly,8,54.57,50.5,3,19.3,0,49,9,5,0
C-2917,Professional,Annual,22,312.88,38.1,20,43.4,15,60,3,3,0
C-2918,Starter,Monthly,22,156.88,52.6,4,23.6,5,65,10,0,0
C-2919,Starter,Annual,26,140.3,27.5,3,91.2,5,27,8,0,0
C-2920,Professional,Monthly,6,548.78,30.7,4,58.7,3,60,4,2,1
C-2921,Starter,Monthly,21,145.71,30.8,1,85.6,8,14,0,1,0
C-2922,Starter,Monthly,11,134.22,18.6,1,15.8,4,62,7,5,1
C-2923,Enterprise,Annual,44,3828.39,217.5,99,66.1,13,83,4,4,1
C-2924,Starter,Annual,29,61.31,32.6,5,51.6,7,9,9,0,1
C-2925,Enterprise,Monthly,23,1940.5,143.7,72,74.1,9,66,7,0,0
C-2926,Enterprise,Monthly,32,1209.52,254.0,71,34.7,0,60,9,1,1
C-2927,Professional,Monthly,31,349.06,39.0,3,68.9,14,51,2,5,1
C-2928,Enterprise,Monthly,27,4237.12,200.8,25,84.8,11,64,5,1,0
C-2929,Professional,Annual,28,285.21,48.8,14,88.9,6,74,4,5,1
C-2930,Starter,Monthly,14,159.29,36.0,5,80.8,6,32,2,3,0
C-2931,Professional,Monthly,15,725.95,59.9,12,57.7,0,32,1,0,0
C-2932,Enterprise,Monthly,34,3366.52,52.7,86,29.2,14,62,2,4,1
C-2933,Professional,Annual,28,442.5,89.9,3,77.1,6,39,5,5,0
C-2934,Enterprise,Annual,2,2749.32,164.5,12,44.7,11,41,0,1,1
C-2935,Professional,Monthly,5,356.86,73.6,12,77.2,1,19,0,3,1
C-2936,Enterprise,Annual,26,3974.84,137.3,20,68.7,9,29,4,5,1
C-2937,Enterprise,Monthly,48,2396.64,92.1,60,70.0,12,52,10,1,1
C-2938,Enterprise,Monthly,12,4851.13,51.3,43,91.5,15,63,6,3,0
C-2939,Professional,Annual,4,351.54,65.3,3,43.7,5,44,1,5,0
C-2940,Enterprise,Annual,6,2257.15,143.3,53,92.5,5,78,2,3,0
C-2941,Starter,Monthly,10,88.76,33.8,3,46.8,15,77,3,1,1
C-2942,Professional,Annual,4,290.58,143.4,20,42.8,5,86,6,1,0
C-2943,Enterprise,Monthly,6,1759.75,235.9,14,26.4,14,67,5,0,1
C-2944,Starter,Monthly,5,61.1,35.7,4,52.0,15,29,6,4,1
C-2945,Professional,Monthly,42,770.58,140.6,17,45.3,3,42,5,4,0
C-2946,Professional,Annual,31,660.94,85.9,12,10.8,3,9,0,2,0
C-2947,Starter,Monthly,43,184.19,26.5,4,51.0,12,89,1,4,1
C-2948,Enterprise,Monthly,23,1646.83,179.2,68,29.3,3,5,7,5,0
C-2949,Professional,Monthly,13,251.74,81.1,17,26.2,11,31,3,4,1
C-2950,Starter,Annual,6,74.71,47.9,3,50.8,0,22,7,1,1
C-2951,Professional,Annual,22,298.37,67.4,7,10.1,14,45,5,2,0
C-2952,Professional,Annual,4,206.29,81.7,20,49.1,3,16,8,0,0
C-2953,Professional,Monthly,7,756.53,134.4,15,26.7,13,9,0,0,1
C-2954,Starter,Monthly,13,101.47,56.1,2,83.5,14,71,0,0,0
C-2955,Starter,Annual,33,129.92,13.2,5,91.0,9,10,9,3,1
C-2956,Professional,Annual,39,356.94,77.0,15,62.7,11,63,9,1,1
C-2957,Professional,Monthly,35,318.66,61.9,16,69.9,11,25,8,4,1
C-2958,Starter,Monthly,18,66.88,22.1,4,86.8,12,30,1,4,0
C-2959,Enterprise,Monthly,25,3398.73,189.8,56,45.1,15,72,6,5,1
C-2960,Starter,Annual,47,175.55,23.0,5,54.3,1,66,5,5,0
C-2961,Professional,Monthly,23,285.83,141.8,9,93.8,9,67,7,4,0
C-2962,Starter,Monthly,34,53.57,5.0,1,65.2,9,17,10,5,0
C-2963,Enterprise,Monthly,1,1459.25,252.8,16,41.1,7,41,9,2,0
C-2964,Enterprise,Monthly,45,3038.19,136.6,58,82.8,14,31,10,4,1
C-2965,Starter,Annual,28,156.52,28.4,4,22.3,0,79,1,5,1
C-2966,Professional,Monthly,26,783.05,32.2,20,70.2,1,77,5,3,0
C-2967,Enterprise,Annual,40,1797.5,95.2,27,72.5,13,62,3,3,0
C-2968,Professional,Annual,4,249.17,93.2,18,28.2,2,11,2,0,0
C-2969,Starter,Monthly,12,67.03,16.0,1,51.5,3,79,9,1,0
C-2970,Professional,Annual,16,334.36,56.3,3,61.5,10,68,6,1,1
C-2971,Professional,Monthly,9,430.01,123.7,16,21.8,4,74,9,5,1
C-2972,Enterprise,Monthly,15,3281.92,267.1,67,33.6,12,54,3,1,1
C-2973,Professional,Monthly,10,516.64,149.8,3,25.7,7,82,7,0,0
C-2974,Enterprise,Annual,27,889.65,251.3,97,26.6,9,8,7,5,1
C-2975,Enterprise,Monthly,11,1783.76,104.4,80,17.7,8,43,10,2,0
C-2976,Enterprise,Annual,23,4243.39,222.1,97,84.7,5,30,8,5,0
C-2977,Professional,Monthly,2,776.57,120.5,15,48.8,2,28,2,1,0
C-2978,Enterprise,Monthly,46,3920.58,54.0,12,85.1,3,30,4,3,1
C-2979,Enterprise,Annual,45,1151.0,219.0,39,28.8,10,71,3,1,0
C-2980,Enterprise,Monthly,3,4259.1,53.3,32,95.0,2,64,4,5,0
C-2981,Professional,Annual,20,400.1,132.9,4,31.0,1,7,6,3,0
C-2982,Enterprise,Annual,5,3540.51,269.8,46,44.7,1,48,10,0,1
C-2983,Starter,Monthly,44,186.59,50.8,4,21.8,13,62,2,1,1
C-2984,Starter,Monthly,35,187.79,27.5,2,50.9,10,81,3,4,1
C-2985,Professional,Annual,46,233.19,77.8,12,65.0,4,13,8,0,0
C-2986,Professional,Annual,14,265.19,139.8,19,21.5,6,63,9,4,0
C-2987,Starter,Annual,9,151.98,55.5,3,44.9,0,58,3,2,0
C-2988,Starter,Monthly,25,102.88,12.2,5,89.2,11,31,10,0,0
C-2989,Starter,Monthly,2,183.84,38.4,1,80.2,10,13,0,0,1
C-2990,Professional,Annual,1,227.89,124.5,20,73.4,5,50,4,3,1
C-2991,Starter,Annual,23,170.05,51.2,3,58.8,10,33,1,2,0
C-2992,Professional,Monthly,32,355.94,52.7,17,94.4,4,83,5,4,0
C-2993,Professional,Annual,21,568.73,134.6,12,46.4,10,11,9,4,1
C-2994,Professional,Monthly,14,747.39,34.3,15,12.5,6,23,10,4,0
C-2995,Professional,Annual,43,520.91,94.4,20,80.4,9,13,7,1,0
C-2996,Starter,Annual,9,127.86,10.0,5,10.9,5,27,1,2,1
C-2997,Professional,Annual,43,779.36,65.4,4,11.0,4,73,8,4,1
C-2998,Starter,Monthly,45,132.1,33.5,5,24.7,10,30,4,3,1
C-2999,Starter,Annual,29,182.17,31.3,3,65.3,13,9,6,0,1
C-3000,Professional,Annual,30,755.48,89.4,20,71.0,2,55,10,1,0
