record_id,churn_probability,churn_prediction_threshold_0.25,churn_prediction_threshold_0.30,churn_prediction_threshold_0.35,churn_prediction_threshold_0.50,xgb_probability,cat_probability,churn_label,risk_level
3,0.4771261895215928,1,1,1,0,0.51042956,0.4271710873932687,Yes,High
6,0.4391231842540504,1,1,1,0,0.54056185,0.2869651485738163,Yes,High
9,0.4902545509064197,1,1,1,0,0.5759742,0.3616750233680007,Yes,High
19,0.5713869508601173,1,1,1,1,0.66157883,0.4360990664603669,Yes,Very High
21,0.4127511179507792,1,1,1,0,0.38241267,0.4582587495597749,Yes,High
23,0.5432847193227452,1,1,1,1,0.59735775,0.4621751733984157,Yes,High
34,0.4699687718206521,1,1,1,0,0.54707944,0.3543027636542609,Yes,High
42,0.4435537553517629,1,1,1,0,0.4385143,0.4511129351180317,Yes,High
43,0.5244837864630685,1,1,1,1,0.5778381,0.4444522818906272,Yes,High
44,0.444978416435272,1,1,1,0,0.51916116,0.3337042790461344,Yes,High
48,0.4330968043969589,1,1,1,0,0.47383505,0.3719894046004907,Yes,High
49,0.5072219416870833,1,1,1,1,0.5094673,0.5038538687860372,Yes,High
51,0.4143558885855702,1,1,1,0,0.34401146,0.5198725303518841,Yes,High
55,0.6184570931478527,1,1,1,1,0.668284,0.5437166599145002,Yes,Very High
56,0.5636123023281072,1,1,1,1,0.6108423,0.4927672947072918,Yes,Very High
57,0.4699300364543277,1,1,1,0,0.49388736,0.4339940438392951,Yes,High
59,0.5017415773300101,1,1,1,1,0.55225784,0.4259671746263329,Yes,High
72,0.5289501879582366,1,1,1,1,0.5351526,0.5196464891159435,Yes,High
73,0.64014521012619,1,1,1,1,0.64965695,0.6258775236684795,Yes,Very High
80,0.4486429327003853,1,1,1,0,0.43418595,0.4703283889275532,Yes,High
83,0.4477630925273447,1,1,1,0,0.46552676,0.4211175620793176,Yes,High
86,0.4564775848290917,1,1,1,0,0.45344552,0.4610256165021649,Yes,High
99,0.4244227403697745,1,1,1,0,0.48139942,0.3389576808356682,Yes,High
100,0.4463330236169837,1,1,1,0,0.4857363,0.387228063517099,Yes,High
106,0.4614294772820461,1,1,1,0,0.5208116,0.3723562522423238,Yes,High
112,0.7349193578582114,1,1,1,1,0.7264392,0.7476395829571051,Yes,Very High
114,0.543118408178356,1,1,1,1,0.51802534,0.580757982668943,Yes,High
118,0.4102971559760964,1,1,1,0,0.3952491,0.4328692346806319,Yes,High
120,0.4479051460027524,1,1,1,0,0.44727162,0.4488554421066811,Yes,High
121,0.4097480770677799,1,1,1,0,0.3800801,0.4542500145063982,Yes,High
129,0.4093472980585527,1,1,1,0,0.44754004,0.3520581183649182,Yes,High
142,0.4530723725683042,1,1,1,0,0.4529692,0.4532270965294412,Yes,High
145,0.4468457649209252,1,1,1,0,0.4972021,0.3713112200444319,Yes,High
148,0.4516829253870217,1,1,1,0,0.46183,0.4364623133435765,Yes,High
155,0.4224508581247442,1,1,1,0,0.43814737,0.3989060664391799,Yes,High
165,0.5141691601108381,1,1,1,1,0.52349776,0.5001762598332935,Yes,High
170,0.7566826320130473,1,1,1,1,0.77346194,0.7315136433737591,Yes,Very High
171,0.4501130497020921,1,1,1,0,0.49385795,0.3844956843958398,Yes,High
175,0.5616693951566833,1,1,1,1,0.50917894,0.6404050831694945,Yes,Very High
176,0.5714463891912517,1,1,1,1,0.6092477,0.5147444462599896,Yes,Very High
187,0.6414046965882433,1,1,1,1,0.6705649,0.5976643619053693,Yes,Very High
189,0.5409343674807842,1,1,1,1,0.54388136,0.5365138836277263,Yes,High
198,0.5751427384957329,1,1,1,1,0.6050328,0.5303075841925183,Yes,Very High
202,0.5631885654852729,1,1,1,1,0.6072034,0.4971662479455125,Yes,Very High
204,0.5234001221106661,1,1,1,1,0.611957,0.3905647848661274,Yes,High
208,0.4441257347287747,1,1,1,0,0.4736874,0.3997831616853707,Yes,High
218,0.4049622053065575,1,1,1,0,0.37048537,0.456677435377905,Yes,High
223,0.4573285994725561,1,1,1,0,0.46556032,0.4449809635175109,Yes,High
225,0.5739776928576954,1,1,1,1,0.5616616,0.5924518007420321,Yes,Very High
230,0.6072383247614208,1,1,1,1,0.6644999,0.5213459637761869,Yes,Very High
234,0.5055020188459819,1,1,1,1,0.5392641,0.4548589227520092,Yes,High
239,0.4166708660258062,1,1,1,0,0.50026315,0.2912824035021681,Yes,High
244,0.5338563810908421,1,1,1,1,0.57497805,0.4721738127677698,Yes,High
248,0.4818063575098769,1,1,1,0,0.44923353,0.5306655660445133,Yes,High
252,0.5179488014093983,1,1,1,1,0.53721535,0.4890489456335572,Yes,High
254,0.4207294860083492,1,1,1,0,0.43683067,0.3965777105586309,Yes,High
259,0.5208737797415965,1,1,1,1,0.563446,0.4570154713781459,Yes,High
267,0.4897949579258327,1,1,1,0,0.49605584,0.4804035730410528,Yes,High
269,0.6941862143508912,1,1,1,1,0.69845533,0.6877824757080082,Yes,Very High
274,0.4805791537841463,1,1,1,0,0.51699615,0.4259536069831012,Yes,High
277,0.4757653906733988,1,1,1,0,0.487397,0.4583179540413615,Yes,High
278,0.448071618037247,1,1,1,0,0.43578532,0.466501015317498,Yes,High
283,0.6209829117454102,1,1,1,1,0.6890572,0.518871462741745,Yes,Very High
287,0.5947764648115077,1,1,1,1,0.65163285,0.5094918194203175,Yes,Very High
288,0.5026327422748927,1,1,1,1,0.55966896,0.4170783737030934,Yes,High
289,0.4219633632187679,1,1,1,0,0.37049165,0.4991709051739759,Yes,High
292,0.5385470817129755,1,1,1,1,0.5002082,0.5960553461414932,Yes,High
294,0.4967337786998292,1,1,1,0,0.4876365,0.5103796571110537,Yes,High
301,0.4633187305364873,1,1,1,0,0.45791364,0.4714263109946912,Yes,High
308,0.627421374538179,1,1,1,1,0.6352092,0.6157395874923364,Yes,Very High
316,0.6987664096426842,1,1,1,1,0.6370317,0.7913684827267818,Yes,Very High
317,0.4382602068791472,1,1,1,0,0.46279258,0.4014615945542065,Yes,High
320,0.4205059847238824,1,1,1,0,0.45263854,0.3723071120687241,Yes,High
323,0.6500615625372456,1,1,1,1,0.77588207,0.4613307487942094,Yes,Very High
331,0.4784149537433521,1,1,1,0,0.4938805,0.4552166188630799,Yes,High
332,0.4359539842362206,1,1,1,0,0.4153264,0.4668953507530196,Yes,High
333,0.8413864130611927,1,1,1,1,0.84454566,0.8366475390483216,Yes,Very High
337,0.5814260864776779,1,1,1,1,0.65332866,0.4735721708641471,Yes,Very High
339,0.4772755131975262,1,1,1,0,0.43920618,0.5343794638552886,Yes,High
342,0.5588904560615021,1,1,1,1,0.51632345,0.6227409693125382,Yes,Very High
348,0.4391952424674908,1,1,1,0,0.4686182,0.3950607700719635,Yes,High
360,0.4022113523029275,1,1,1,0,0.3924844,0.4168017559108604,Yes,High
367,0.4940229980953787,1,1,1,0,0.4862439,0.5056916248818871,Yes,High
372,0.4883762290017598,1,1,1,0,0.5157658,0.447291878346799,Yes,High
378,0.5343552800614,1,1,1,1,0.5554303,0.5027427456275525,Yes,High
381,0.4583405081735198,1,1,1,0,0.525615,0.3574287455047529,Yes,High
383,0.4084649386828449,1,1,1,0,0.44872126,0.3480803973538942,Yes,High
389,0.4623087775337104,1,1,1,0,0.49033946,0.4202626972465229,Yes,High
395,0.5173181761137599,1,1,1,1,0.5262722,0.5038871290365741,Yes,High
400,0.487800788295479,1,1,1,0,0.52396625,0.4335525915329938,Yes,High
401,0.4160711959983438,1,1,1,0,0.41799816,0.4131807128552421,Yes,High
404,0.4650361760594721,1,1,1,0,0.4669929,0.462101008529036,Yes,High
406,0.5123736389456603,1,1,1,1,0.5207924,0.4997454156424634,Yes,High
407,0.5241051565639274,1,1,1,1,0.49423388,0.568912017105047,Yes,High
411,0.4233117376859453,1,1,1,0,0.43146747,0.4110781041521496,Yes,High
420,0.6452485322856991,1,1,1,1,0.655169,0.630367770767234,Yes,Very High
424,0.6404943511024974,1,1,1,1,0.66861814,0.598308604244357,Yes,Very High
425,0.4309747581618381,1,1,1,0,0.43408448,0.4263101679427805,Yes,High
427,0.5641960844588316,1,1,1,1,0.60272443,0.5064035319268796,Yes,Very High
432,0.5101304858334206,1,1,1,1,0.5607795,0.4341569317895527,Yes,High
433,0.5252590510115579,1,1,1,1,0.49936488,0.564100303467501,Yes,High
434,0.474059519039269,1,1,1,0,0.52071905,0.4040701609519017,Yes,High
444,0.5449867339745257,1,1,1,1,0.6109261,0.446077682528668,Yes,High
447,0.4298333918087204,1,1,1,0,0.47367725,0.3640675780754584,Yes,High
448,0.4878559449926836,1,1,1,0,0.5289225,0.4262560704389768,Yes,High
454,0.661854063489469,1,1,1,1,0.67235184,0.6461073582828839,Yes,Very High
456,0.5006590120483716,1,1,1,1,0.48298693,0.5271670799675781,Yes,High
457,0.4878077404685039,1,1,1,0,0.5110177,0.4529928160178708,Yes,High
458,0.4001051647939793,1,1,1,0,0.3883451,0.4177452657318392,Yes,High
459,0.46103367409702,1,1,1,0,0.45765847,0.466096480727093,Yes,High
464,0.5750860818269508,1,1,1,1,0.59270537,0.5486570914692325,Yes,Very High
466,0.499785014214801,1,1,1,0,0.54153794,0.4371556098825913,Yes,High
470,0.5846065722821235,1,1,1,1,0.6371915,0.5057292041475772,Yes,Very High
476,0.5565084610525728,1,1,1,1,0.6133711,0.471214526430756,Yes,Very High
477,0.4719562815251679,1,1,1,0,0.45598993,0.4959057983315811,Yes,High
478,0.4526296825410119,1,1,1,0,0.4457947,0.4628821390870191,Yes,High
479,0.4123236523210649,1,1,1,0,0.41234124,0.4122972453980755,Yes,High
484,0.5340570855644589,1,1,1,1,0.54954994,0.5108177782364798,Yes,High
488,0.7144792550122769,1,1,1,1,0.7690725,0.6325893534511408,Yes,Very High
489,0.4019591929754322,1,1,1,0,0.44366705,0.3393973713717623,Yes,High
492,0.5603130545471051,1,1,1,1,0.59989315,0.5009428625936158,Yes,Very High
499,0.4536041280147531,1,1,1,0,0.4806698,0.413005565731997,Yes,High
504,0.4089298667401502,1,1,1,0,0.3898117,0.4376070876644127,Yes,High
515,0.4390506958078018,1,1,1,0,0.46874118,0.394514927047161,Yes,High
516,0.4083653521088548,1,1,1,0,0.40626174,0.4115207447478641,Yes,High
529,0.4906773659225926,1,1,1,0,0.45032233,0.551209919809457,Yes,High
532,0.4945672500292663,1,1,1,0,0.57602334,0.3723830849330138,Yes,High
533,0.5853633565231456,1,1,1,1,0.61739695,0.5373129205217694,Yes,Very High
537,0.4795375880519955,1,1,1,0,0.43398607,0.547864838669799,Yes,High
539,0.601798729543639,1,1,1,1,0.6509054,0.5281386932848711,Yes,Very High
544,0.7572548729565252,1,1,1,1,0.7748348,0.730884905255464,Yes,Very High
545,0.5062678329117525,1,1,1,1,0.47542405,0.5525334606487126,Yes,High
556,0.4674760805169113,1,1,1,0,0.46571875,0.470112067113163,Yes,High
560,0.5538828926163648,1,1,1,1,0.5964232,0.4900723588659699,Yes,Very High
565,0.4322809154043385,1,1,1,0,0.44391844,0.4148246035600177,Yes,High
568,0.5938699994889299,1,1,1,1,0.66981506,0.4799523588039975,Yes,Very High
569,0.4505215132199163,1,1,1,0,0.45740968,0.4401892036106276,Yes,High
571,0.490633737340853,1,1,1,0,0.5287986,0.4333864432952936,Yes,High
574,0.5066979008114149,1,1,1,1,0.49980423,0.5170383496075396,Yes,High
575,0.5481879990122309,1,1,1,1,0.56892985,0.5170752060466983,Yes,High
576,0.4805757202529795,1,1,1,0,0.4869628,0.4709951077460964,Yes,High
579,0.4334309685201862,1,1,1,0,0.39862528,0.4856394573975153,Yes,High
584,0.4092171445688438,1,1,1,0,0.3328284,0.5238002427421093,Yes,High
591,0.6440098465182227,1,1,1,1,0.69099754,0.5735282303635879,Yes,Very High
596,0.5130255080462784,1,1,1,1,0.4488589,0.6092754396799434,Yes,High
602,0.4224019345562622,1,1,1,0,0.44141853,0.3938770286542587,Yes,High
603,0.7461861971180537,1,1,1,1,0.7678368,0.7137102641564853,Yes,Very High
607,0.5118150080432212,1,1,1,1,0.5441716,0.4632801476095408,Yes,High
609,0.5210135413677034,1,1,1,1,0.46310714,0.6078730855063939,Yes,High
612,0.4518494794117398,1,1,1,0,0.47085804,0.4233365976182091,Yes,High
614,0.4611834843503806,1,1,1,0,0.48017043,0.4327030379442804,Yes,High
615,0.4644365022355157,1,1,1,0,0.4710712,0.4544843757584287,Yes,High
617,0.5289962134968822,1,1,1,1,0.5502527,0.4971114899246854,Yes,High
620,0.7031521539479539,1,1,1,1,0.68052876,0.7370872151330224,Yes,Very High
625,0.4787141613689223,1,1,1,0,0.49779522,0.450092537335346,Yes,High
632,0.416541433347425,1,1,1,0,0.4217596,0.4087141305535067,Yes,High
637,0.533674910795556,1,1,1,1,0.5257262,0.5455979335602781,Yes,High
640,0.41576946889304,1,1,1,0,0.41025504,0.4240410679316241,Yes,High
645,0.442514593863977,1,1,1,0,0.42304507,0.4717188215864029,Yes,High
646,0.4200953192852584,1,1,1,0,0.4527057,0.3711797166224936,Yes,High
649,0.4804141099739737,1,1,1,0,0.48516428,0.4732887882711158,Yes,High
654,0.5628121230340851,1,1,1,1,0.5759198,0.5431505375447008,Yes,Very High
657,0.4228609248463995,1,1,1,0,0.40375572,0.4515187180202918,Yes,High
660,0.5444763879455241,1,1,1,1,0.554087,0.5300604503544947,Yes,High
661,0.563494106695111,1,1,1,1,0.55728674,0.5728051577137298,Yes,Very High
663,0.621459009627567,1,1,1,1,0.66221356,0.5603271036845103,Yes,Very High
664,0.4246212959994245,1,1,1,0,0.42615336,0.4223231525990787,Yes,High
668,0.7209302593193279,1,1,1,1,0.7214772,0.7201098176146113,Yes,Very High
676,0.4895617876371373,1,1,1,0,0.4961646,0.4796575541100476,Yes,High
680,0.5898122314984493,1,1,1,1,0.51391727,0.7036546181576678,Yes,Very High
681,0.4165180572931413,1,1,1,0,0.441618,0.3788681201796839,Yes,High
683,0.4781300473890066,1,1,1,0,0.45633212,0.5108269424938561,Yes,High
686,0.4763986738135285,1,1,1,0,0.5533656,0.360948287350403,Yes,High
687,0.5011243401083143,1,1,1,1,0.50115037,0.5010852660022158,Yes,High
689,0.5169707430658534,1,1,1,1,0.5698826,0.4376029703164586,Yes,High
691,0.406397169986457,1,1,1,0,0.37796688,0.4490425963180522,Yes,High
693,0.7165768797767774,1,1,1,1,0.67513937,0.7787331331701616,Yes,Very High
700,0.5222961787383296,1,1,1,1,0.5840293,0.4296964118879381,Yes,High
706,0.4741180772996287,1,1,1,0,0.4796615,0.4658029068053613,Yes,High
707,0.4929439185339545,1,1,1,0,0.56838286,0.3797854627863404,Yes,High
708,0.488336715852703,1,1,1,0,0.4184266,0.5932018254088495,Yes,High
711,0.4286909270675961,1,1,1,0,0.47484082,0.3594660432120125,Yes,High
712,0.48334569984162,1,1,1,0,0.50882304,0.4451296789816058,Yes,High
714,0.5191634356782773,1,1,1,1,0.54153585,0.4856047927851327,Yes,High
718,0.548246739520396,1,1,1,1,0.54294366,0.5562013343318434,Yes,High
719,0.4590991523241209,1,1,1,0,0.50193477,0.3948457008538661,Yes,High
721,0.4037966066427652,1,1,1,0,0.41722387,0.3836557104755499,Yes,High
727,0.4428116500768314,1,1,1,0,0.45982894,0.4172856659673775,Yes,High
728,0.4145237658888888,1,1,1,0,0.43146074,0.3891183074491202,Yes,High
735,0.4630425203171362,1,1,1,0,0.42589614,0.5187620789624724,Yes,High
738,0.5446774918220334,1,1,1,1,0.50623715,0.602338005697204,Yes,High
747,0.5478550439351372,1,1,1,1,0.51000166,0.6046350909455548,Yes,High
751,0.4483426353903373,1,1,1,0,0.45361912,0.4404278451134167,Yes,High
753,0.7488984859058601,1,1,1,1,0.7775866,0.7058663159781055,Yes,Very High
756,0.5231418461513957,1,1,1,1,0.54225194,0.4944766687632702,Yes,High
760,0.5071607356363635,1,1,1,1,0.45526695,0.5850013656154527,Yes,High
764,0.6650398666455368,1,1,1,1,0.75267285,0.5335903154795418,Yes,Very High
767,0.490869989432832,1,1,1,0,0.51511604,0.4545008898723633,Yes,High
768,0.4127482066425695,1,1,1,0,0.41647422,0.4071591520987487,Yes,High
773,0.4580085301702996,1,1,1,0,0.45007887,0.4699029833837797,Yes,High
782,0.4025014318751809,1,1,1,0,0.36279178,0.4620658923505538,Yes,High
785,0.4204551831096941,1,1,1,0,0.47882593,0.3328990079985394,Yes,High
791,0.5416181587064174,1,1,1,1,0.5970085,0.4585325476735599,Yes,High
793,0.6024220412730161,1,1,1,1,0.62711877,0.5653769090173104,Yes,Very High
797,0.4359541726999537,1,1,1,0,0.44314075,0.4251742842031161,Yes,High
805,0.5846417655936741,1,1,1,1,0.64748824,0.4903719848374185,Yes,Very High
806,0.4701107119433468,1,1,1,0,0.47971773,0.4557001528422995,Yes,High
816,0.5399021344217194,1,1,1,1,0.56270385,0.5056995493254395,Yes,High
817,0.4880729479508915,1,1,1,0,0.52477944,0.4330131816161968,Yes,High
819,0.4307013902563263,1,1,1,0,0.42669278,0.4367142551885072,Yes,High
821,0.4524344067197613,1,1,1,0,0.4766467,0.4161159347548018,Yes,High
823,0.4799623836242749,1,1,1,0,0.51355994,0.4295659932403748,Yes,High
826,0.5545916107188642,1,1,1,1,0.6124347,0.4678269840506165,Yes,Very High
830,0.5859548842913784,1,1,1,1,0.6300761,0.5197730153816139,Yes,Very High
833,0.4883274616163175,1,1,1,0,0.49110577,0.484160006384353,Yes,High
835,0.477765580877432,1,1,1,0,0.49810296,0.4472594481328347,Yes,High
842,0.5525766341972805,1,1,1,1,0.5432829,0.5665171963692848,Yes,Very High
848,0.4521684323848649,1,1,1,0,0.4309325,0.4840223429355434,Yes,High
860,0.6153802558890599,1,1,1,1,0.6413495,0.5764263831356212,Yes,Very High
879,0.4133630633578818,1,1,1,0,0.43068144,0.3873854727114542,Yes,High
896,0.4633039215577474,1,1,1,0,0.45770478,0.4717025854619421,Yes,High
904,0.4288338779774568,1,1,1,0,0.44062942,0.4111405609466785,Yes,High
911,0.4499174996994348,1,1,1,0,0.45669496,0.439751308357321,Yes,High
913,0.4259594981317862,1,1,1,0,0.46440881,0.3682854782653709,Yes,High
916,0.4737091728458018,1,1,1,0,0.491248,0.4474008998297678,Yes,High
945,0.4217776274076904,1,1,1,0,0.38597572,0.4754804609695587,Yes,High
946,0.6141512932754103,1,1,1,1,0.6090924,0.6217396116198458,Yes,Very High
953,0.4886543455787386,1,1,1,0,0.4887532,0.4885060347785268,Yes,High
955,0.4488242167074546,1,1,1,0,0.49498203,0.3795874610143566,Yes,High
958,0.4351489265402899,1,1,1,0,0.43719932,0.432073329796579,Yes,High
959,0.6001551601440953,1,1,1,1,0.6258048,0.5616806827861188,Yes,Very High
961,0.5352561554751705,1,1,1,1,0.5189769,0.5596749686802205,Yes,High
963,0.476319841256046,1,1,1,0,0.47741646,0.4746749046204083,Yes,High
973,0.4610854256658521,1,1,1,0,0.44769615,0.4811693401408111,Yes,High
979,0.5983577691042334,1,1,1,1,0.57304204,0.6363313701063171,Yes,Very High
981,0.4616362190756819,1,1,1,0,0.46122524,0.4622526557529026,Yes,High
987,0.5060770622341418,1,1,1,1,0.51662266,0.4902586617689788,Yes,High
991,0.4602559458802703,1,1,1,0,0.44321948,0.4858106254514462,Yes,High
1000,0.5457712813934402,1,1,1,1,0.61065525,0.4484453312359045,Yes,High
1001,0.4813355740129901,1,1,1,0,0.4876727,0.4718299051672103,Yes,High
1002,0.5160574440223411,1,1,1,1,0.5269643,0.4996971349076516,Yes,High
1006,0.5700938180586267,1,1,1,1,0.58891916,0.5418557861200393,Yes,Very High
1019,0.4103533278970775,1,1,1,0,0.40985513,0.4111005989384793,Yes,High
1021,0.4292593415886481,1,1,1,0,0.42639697,0.4335528900996644,Yes,High
1023,0.4046639680383763,1,1,1,0,0.41867226,0.3836515246625148,Yes,High
1028,0.4217646579791971,1,1,1,0,0.38943523,0.470258782518374,Yes,High
1030,0.669275199986028,1,1,1,1,0.710601,0.6072864820970281,Yes,Very High
1033,0.4394372901019781,1,1,1,0,0.42532727,0.4606023184203429,Yes,High
1036,0.4912691151253771,1,1,1,0,0.5061564,0.4689382103960691,Yes,High
1044,0.5233444809015568,1,1,1,1,0.56167704,0.465845599546029,Yes,High
1050,0.4844713827581499,1,1,1,0,0.4755954,0.4977852902341121,Yes,High
1055,0.4453772522578392,1,1,1,0,0.49876407,0.365297028812208,Yes,High
1059,0.5516734595850015,1,1,1,1,0.546075,0.5600711394734441,Yes,Very High
1067,0.7075297834559685,1,1,1,1,0.69542897,0.725680962722601,Yes,Very High
1072,0.4744930278502045,1,1,1,0,0.47229564,0.4777890471722031,Yes,High
1082,0.5566252582037379,1,1,1,1,0.5903307,0.5060670059829776,Yes,Very High
1084,0.4462210795013103,1,1,1,0,0.43864954,0.457578366182246,Yes,High
1089,0.5375309021884368,1,1,1,1,0.56505966,0.4962377328709179,Yes,High
1097,0.481804883379373,1,1,1,0,0.45076883,0.5283589062557446,Yes,High
1098,0.6145594410764348,1,1,1,1,0.60435355,0.6298682820467081,Yes,Very High
1099,0.5033818859873646,1,1,1,1,0.5029413,0.5040427493598146,Yes,High
1100,0.4567872558026733,1,1,1,0,0.48204574,0.4188994998706436,Yes,High
1107,0.4171857208126261,1,1,1,0,0.44770756,0.3714029416723736,Yes,High
1110,0.6545779220239382,1,1,1,1,0.72242635,0.5528052429298711,Yes,Very High
1114,0.428138370595385,1,1,1,0,0.38741726,0.4892200114379561,Yes,High
1116,0.436112921786902,1,1,1,0,0.47405788,0.3791954650297702,Yes,High
1123,0.4156887856295685,1,1,1,0,0.45117402,0.3624609180219422,Yes,High
1126,0.5958704358814247,1,1,1,1,0.6100553,0.5745930985803623,Yes,Very High
1129,0.4452403180948924,1,1,1,0,0.4367499,0.4579759372154948,Yes,High
1132,0.4475123958456838,1,1,1,0,0.477874,0.4019699436099141,Yes,High
1136,0.5462357520260803,1,1,1,1,0.5347557,0.563455775181053,Yes,High
1140,0.6639714551649569,1,1,1,1,0.65028805,0.6844965400005574,Yes,Very High
1142,0.4060247576724559,1,1,1,0,0.37789348,0.448221647861369,Yes,High
1152,0.4676798330372627,1,1,1,0,0.4787238,0.4511138912603397,Yes,High
1158,0.4068049153874622,1,1,1,0,0.3959636,0.4230668671901788,Yes,High
1169,0.5049193053930562,1,1,1,1,0.53920317,0.4534934832378132,Yes,High
1176,0.4674173665440543,1,1,1,0,0.51759195,0.3921554417402702,Yes,High
1183,0.6517925440665281,1,1,1,1,0.67230564,0.6210228501250833,Yes,Very High
1185,0.4464505903058592,1,1,1,0,0.4835335,0.3908261637224118,Yes,High
1187,0.414065925367973,1,1,1,0,0.45072204,0.3590816956964675,Yes,High
1188,0.4576767003781171,1,1,1,0,0.46746287,0.4429974198953735,Yes,High
1189,0.500704943034243,1,1,1,1,0.5520962,0.423618030779539,Yes,High
1191,0.7269909441617519,1,1,1,1,0.7975665,0.621127575672515,Yes,Very High
1196,0.4069887189604396,1,1,1,0,0.41921797,0.388644806677489,Yes,High
1220,0.7031911385107077,1,1,1,1,0.77261364,0.5990573197722526,Yes,Very High
1224,0.5527420554616213,1,1,1,1,0.60751784,0.470578351134598,Yes,Very High
1243,0.5664228100371133,1,1,1,1,0.5802205,0.5457262443482306,Yes,Very High
1249,0.4259112805727074,1,1,1,0,0.444297,0.3983327077336485,Yes,High
1256,0.4194795890399431,1,1,1,0,0.4236808,0.4131777097157177,Yes,High
1263,0.418598262011199,1,1,1,0,0.41369468,0.4259535981694577,Yes,High
1264,0.4379277894529165,1,1,1,0,0.47181404,0.3870983594736608,Yes,High
1275,0.4674539105372708,1,1,1,0,0.44235337,0.5051046948326332,Yes,High
1281,0.4408465786683109,1,1,1,0,0.4133446,0.4820995439856118,Yes,High
1282,0.4815908510532438,1,1,1,0,0.5233585,0.4189393269634395,Yes,High
1283,0.4773592607143609,1,1,1,0,0.510667,0.4273975531168502,Yes,High
1298,0.434672300166951,1,1,1,0,0.44383135,0.4209336741444129,Yes,High
1299,0.4479704720861686,1,1,1,0,0.4278333,0.4781762319522532,Yes,High
1301,0.4159075860334465,1,1,1,0,0.37722358,0.4739335785689526,Yes,High
1317,0.4068674871873235,1,1,1,0,0.442721,0.3530871444819806,Yes,High
1318,0.4845629910773351,1,1,1,0,0.48421335,0.4850874046848005,Yes,High
1320,0.40806516975108,1,1,1,0,0.42750487,0.3789056085036001,Yes,High
1322,0.4248805478148489,1,1,1,0,0.38846385,0.479505579901941,Yes,High
1326,0.5121692577916345,1,1,1,1,0.51509506,0.5077805022194884,Yes,High
1331,0.5735279184935199,1,1,1,1,0.5465378,0.614013041644719,Yes,Very High
1337,0.5380992404266799,1,1,1,1,0.52790815,0.5533858665934712,Yes,High
1340,0.6044463793622895,1,1,1,1,0.69579655,0.4674211095242311,Yes,Very High
1348,0.6454593598648096,1,1,1,1,0.65314037,0.6339378058424058,Yes,Very High
1349,0.6001569675878916,1,1,1,1,0.6818574,0.4776062934289956,Yes,Very High
1361,0.6246761471177293,1,1,1,1,0.6219757,0.6287267282965662,Yes,Very High
1363,0.4330967842574332,1,1,1,0,0.49657303,0.3378823844183022,Yes,High
1367,0.4032345150919633,1,1,1,0,0.4499539,0.3331554022957575,Yes,High
1370,0.4950887080548906,1,1,1,0,0.53818244,0.4304480842050671,Yes,High
1371,0.6394558636960342,1,1,1,1,0.6776265,0.582199863746006,Yes,Very High
1374,0.4532126450424809,1,1,1,0,0.5186697,0.3550270110084162,Yes,High
1378,0.4783022657583275,1,1,1,0,0.4742617,0.4843630531306363,Yes,High
1384,0.5210063259306843,1,1,1,1,0.59883446,0.404264132306798,Yes,High
1394,0.5794615686796778,1,1,1,1,0.5815247,0.5763667675015016,Yes,Very High
1396,0.4084078269570502,1,1,1,0,0.42271718,0.3869437916500948,Yes,High
1402,0.447073320911283,1,1,1,0,0.52643126,0.3280363489338623,Yes,High
1404,0.4358459775147317,1,1,1,0,0.4573187,0.4036368589842017,Yes,High
1408,0.5383297159601679,1,1,1,1,0.5553118,0.5128565317217089,Yes,High
1409,0.4124218963388636,1,1,1,0,0.48093817,0.3096474316726214,Yes,High
1410,0.5142385159956787,1,1,1,1,0.5027519,0.5314684150187606,Yes,High
1414,0.8185689697613903,1,1,1,1,0.8715699,0.7390675569451322,Yes,Very High
1418,0.4987538283250606,1,1,1,0,0.5544947,0.4151425076479406,Yes,High
1420,0.4114089060537144,1,1,1,0,0.4171597,0.4027826459984294,Yes,High
1423,0.4548538234205774,1,1,1,0,0.5145374,0.3653284674812683,Yes,High
1429,0.4182371920810928,1,1,1,0,0.4214316,0.4134455637302969,Yes,High
1431,0.6150290023817158,1,1,1,1,0.6151572,0.6148367254767655,Yes,Very High
1438,0.40578523174385,1,1,1,0,0.41531888,0.3914847571516974,Yes,High
1440,0.4521717989541561,1,1,1,0,0.50167567,0.3779159397128896,Yes,High
1441,0.4268877055169825,1,1,1,0,0.44981992,0.3924893205170046,Yes,High
1454,0.5142747704864887,1,1,1,1,0.53534275,0.4826727372113236,Yes,High
1456,0.4349328722549882,1,1,1,0,0.43024036,0.4419716065112268,Yes,High
1461,0.4112557575937836,1,1,1,0,0.43071112,0.3820726538292391,Yes,High
1472,0.4778479930300227,1,1,1,0,0.49026456,0.4592230907427051,Yes,High
1479,0.4326472137599951,1,1,1,0,0.47777462,0.364956074513437,Yes,High
1480,0.516603009688145,1,1,1,1,0.5444041,0.4749013900441082,Yes,High
1482,0.4799571990330484,1,1,1,0,0.4555172,0.5166171638566918,Yes,High
1483,0.4675609387546622,1,1,1,0,0.4698472,0.464131513632795,Yes,High
1486,0.403711595781853,1,1,1,0,0.36571681,0.4607037297095114,Yes,High
1487,0.5724207321314925,1,1,1,1,0.6377907,0.4743657657277867,Yes,Very High
1494,0.4754382792999786,1,1,1,0,0.47277865,0.4794276813393934,Yes,High
1498,0.5709518088240011,1,1,1,1,0.61856,0.4995394978271382,Yes,Very High
1501,0.4776437064129846,1,1,1,0,0.5037216,0.4385268142120879,Yes,High
1503,0.453724676881083,1,1,1,0,0.43201175,0.4862940175181829,Yes,High
1504,0.4436505412321469,1,1,1,0,0.45228642,0.4306966749979011,Yes,High
1513,0.5053996594003067,1,1,1,1,0.48640022,0.533898808372822,Yes,High
1516,0.4780202053571353,1,1,1,0,0.4795744,0.475688835626992,Yes,High
1517,0.6735060123823563,1,1,1,1,0.70246285,0.6300706933494606,Yes,Very High
1520,0.4069443946226735,1,1,1,0,0.4238265,0.3816211981436359,Yes,High
1535,0.4118753549479679,1,1,1,0,0.41499874,0.4071902550814639,Yes,High
1539,0.49469247411979,1,1,1,0,0.55049783,0.4109843808236907,Yes,High
1541,0.5235828436313219,1,1,1,1,0.5417631,0.4963123740996287,Yes,High
1546,0.5247555221780358,1,1,1,1,0.55262536,0.4829507682880307,Yes,High
1549,0.5385705507852538,1,1,1,1,0.58400047,0.4704256298785169,Yes,High
1552,0.4159640460619128,1,1,1,0,0.481993,0.3169206006846815,Yes,High
1555,0.6915409088772732,1,1,1,1,0.6726824,0.7198286356136693,Yes,Very High
1556,0.4837143699508908,1,1,1,0,0.48908386,0.47566011055857,Yes,High
1558,0.4128629935972022,1,1,1,0,0.41270846,0.4130947771648882,Yes,High
1561,0.4225492849826561,1,1,1,0,0.3479592,0.5344344116448727,Yes,High
1562,0.4710622973358671,1,1,1,0,0.5152054,0.4048476236850122,Yes,High
1563,0.4499764850800963,1,1,1,0,0.46809083,0.4228049047454527,Yes,High
1570,0.5655924403490588,1,1,1,1,0.6249357,0.476577511385571,Yes,Very High
1576,0.4748892938396258,1,1,1,0,0.4642523,0.490844735329579,Yes,High
1578,0.4774326293767765,1,1,1,0,0.41700602,0.5680725497755595,Yes,High
1579,0.4273360249468405,1,1,1,0,0.4622335,0.3749897770754295,Yes,High
1584,0.4548549999629375,1,1,1,0,0.47955078,0.4178112869051389,Yes,High
1586,0.4153685706546271,1,1,1,0,0.46527722,0.340505574566713,Yes,High
1587,0.5217074180677362,1,1,1,1,0.5268214,0.5140364232249132,Yes,High
1595,0.539696632426596,1,1,1,1,0.5884851,0.4665138537725218,Yes,High
1596,0.4480947639860761,1,1,1,0,0.4463866,0.4506569570099443,Yes,High
1597,0.6671754536157821,1,1,1,1,0.6994368,0.618783413650089,Yes,Very High
1600,0.530466610372613,1,1,1,1,0.53679067,0.520980492682631,Yes,High
1606,0.574933506759597,1,1,1,1,0.5868966,0.5569888097857265,Yes,Very High
1612,0.5700549448442641,1,1,1,1,0.5853954,0.5470442684770086,Yes,Very High
1618,0.4381944412817457,1,1,1,0,0.41076604,0.4793370204244797,Yes,High
1639,0.4323615285581151,1,1,1,0,0.40822834,0.4685612774952748,Yes,High
1641,0.4207641223166077,1,1,1,0,0.46188578,0.3590816356474383,Yes,High
1644,0.5178648165073775,1,1,1,1,0.49984998,0.5448870190001485,Yes,High
1653,0.582176382671172,1,1,1,1,0.6355681,0.5020888033766909,Yes,Very High
1656,0.4097368730791199,1,1,1,0,0.36601484,0.4753198881168632,Yes,High
1658,0.422235871521467,1,1,1,0,0.46561566,0.3571661441719383,Yes,High
1666,0.4461484878477947,1,1,1,0,0.4523813,0.4367992354476194,Yes,High
1673,0.4568205992488567,1,1,1,0,0.4407942,0.4808601538609724,Yes,High
1676,0.4716745465308557,1,1,1,0,0.40601856,0.5701585112288917,Yes,High
1681,0.4360262435635825,1,1,1,0,0.4528933,0.4107256188891581,Yes,High
1692,0.5304281190863556,1,1,1,1,0.48462775,0.5991286227681504,Yes,High
1696,0.5231667823998267,1,1,1,1,0.5442921,0.4914787579099673,Yes,High
1699,0.4493048437246173,1,1,1,0,0.46846458,0.4205652196726425,Yes,High
1701,0.6177502862770525,1,1,1,1,0.694973,0.5019161830741086,Yes,Very High
1704,0.5085511929323793,1,1,1,1,0.56967705,0.4168624000078739,Yes,High
1709,0.4015110069824184,1,1,1,0,0.44616848,0.3345247940006169,Yes,High
1710,0.5447787696189275,1,1,1,1,0.56298304,0.5174723401831066,Yes,High
1716,0.439934068681009,1,1,1,0,0.4820398,0.3767753982573931,Yes,High
1718,0.4451853168191139,1,1,1,0,0.45530874,0.4300001591895084,Yes,High
1719,0.4873188360392676,1,1,1,0,0.46301615,0.5237728168218401,Yes,High
1721,0.4183842415263801,1,1,1,0,0.45197338,0.3680005358285083,Yes,High
1729,0.5715321902620722,1,1,1,1,0.5956581,0.5353432904153888,Yes,Very High
1730,0.4577653968780768,1,1,1,0,0.4488113,0.4711965383215578,Yes,High
1741,0.529764669526813,1,1,1,1,0.58035785,0.4538748845189748,Yes,High
1750,0.6672019780735399,1,1,1,1,0.70108765,0.6163734498272899,Yes,Very High
1752,0.5800029002253745,1,1,1,1,0.616786,0.5248282011907632,Yes,Very High
1763,0.4841198495220676,1,1,1,0,0.49380666,0.469589573937539,Yes,High
1765,0.4627272913857954,1,1,1,0,0.5096047,0.3924111599735063,Yes,High
1771,0.4171629175354086,1,1,1,0,0.4177577,0.4162706993046012,Yes,High
1781,0.4268448217213583,1,1,1,0,0.40149942,0.4648628864438413,Yes,High
1787,0.4744434689386393,1,1,1,0,0.5103868,0.4205284354348245,Yes,High
1789,0.4345682246689079,1,1,1,0,0.41446307,0.464725937248289,Yes,High
1797,0.4014497274178653,1,1,1,0,0.38698924,0.4231404572770967,Yes,High
1798,0.445987227909689,1,1,1,0,0.45837364,0.4274075561586143,Yes,High
1800,0.4945347063815468,1,1,1,0,0.4567887,0.5511537326067373,Yes,High
1807,0.4421384965992548,1,1,1,0,0.44293594,0.4409422813893801,Yes,High
1816,0.4366202743786669,1,1,1,0,0.43936735,0.4324995954677702,Yes,High
1822,0.4733894690738635,1,1,1,0,0.5044903,0.4267381690111052,Yes,High
1824,0.5385429671399962,1,1,1,1,0.54555047,0.5280316896719662,Yes,High
1825,0.8244146278548454,1,1,1,1,0.8355031,0.8077818580091533,Yes,Very High
1830,0.5011865135514305,1,1,1,1,0.49951732,0.5036903014986629,Yes,High
1835,0.4004469454042038,1,1,1,0,0.42479283,0.3639280646423301,Yes,High
1838,0.5582289969510308,1,1,1,1,0.63541114,0.4424557029173948,Yes,Very High
1843,0.447472454889563,1,1,1,0,0.4362502,0.4643058076102218,Yes,High
1847,0.4906726166799422,1,1,1,0,0.5156127,0.4532623999304462,Yes,High
1848,0.4175278122836108,1,1,1,0,0.38786763,0.4620180715157974,Yes,High
1854,0.4178881811714027,1,1,1,0,0.3788137,0.4764998747944469,Yes,High
1859,0.4420463951464541,1,1,1,0,0.46676686,0.4049656321694572,Yes,High
1862,0.6653295194955117,1,1,1,1,0.7031149,0.6086513489115849,Yes,Very High
1865,0.4080710851850271,1,1,1,0,0.42666987,0.3801729141926169,Yes,High
1870,0.6257152895963576,1,1,1,1,0.64140725,0.6021773171515232,Yes,Very High
1879,0.4223081215209083,1,1,1,0,0.43551055,0.4025044401452731,Yes,High
1882,0.4188144327677211,1,1,1,0,0.3634271,0.5018953908177517,Yes,High
1896,0.6295203001344261,1,1,1,1,0.6567044,0.5887440669149303,Yes,Very High
1897,0.4128356697344911,1,1,1,0,0.42847297,0.3893796657979815,Yes,High
1898,0.5121103619276616,1,1,1,1,0.59027094,0.3948694702831737,Yes,High
1905,0.4760165265384318,1,1,1,0,0.48849517,0.45729854483977,Yes,High
1912,0.4023363835567421,1,1,1,0,0.40199107,0.4028543325648175,Yes,High
1920,0.4791187047436733,1,1,1,0,0.4433987,0.5326986311562109,Yes,High
1922,0.4118977514891097,1,1,1,0,0.36123413,0.487893156207668,Yes,High
1926,0.4827676619363136,1,1,1,0,0.52832645,0.4144294324696827,Yes,High
1941,0.5018500822730319,1,1,1,1,0.51974154,0.4750128432977833,Yes,High
1942,0.4798492115425701,1,1,1,0,0.5433135,0.3846527441560315,Yes,High
1943,0.4522666272630352,1,1,1,0,0.4671878,0.4298848502611265,Yes,High
1951,0.6148789292610904,1,1,1,1,0.6160214,0.6131652161571436,Yes,Very High
1957,0.6965041957205869,1,1,1,1,0.73433924,0.6397516036794426,Yes,Very High
1987,0.5152354879047767,1,1,1,1,0.5456896,0.4695543008213975,Yes,High
1989,0.6262191540658643,1,1,1,1,0.6961907,0.5212617682069961,Yes,Very High
1992,0.4520967866157145,1,1,1,0,0.45214108,0.4520302924450862,Yes,High
2000,0.4615937610253687,1,1,1,0,0.45193726,0.4760785002969194,Yes,High
2017,0.4062221937602448,1,1,1,0,0.44093552,0.35415217112146,Yes,High
2023,0.4053735901182637,1,1,1,0,0.36757678,0.462068771140214,Yes,High
2025,0.5152835341348894,1,1,1,1,0.5367634,0.4830636312699932,Yes,High
2032,0.4651906403787963,1,1,1,0,0.47181037,0.4552610002180022,Yes,High
2050,0.4540789791965234,1,1,1,0,0.48215124,0.4119705580233902,Yes,High
2051,0.5273168355066765,1,1,1,1,0.5771011,0.4526404216486188,Yes,High
2059,0.463009117829018,1,1,1,0,0.46955493,0.4531903534810075,Yes,High
2060,0.4655409337925709,1,1,1,0,0.4840098,0.437837586265752,Yes,High
2068,0.4559550088416401,1,1,1,0,0.4858717,0.411079923751668,Yes,High
2072,0.6609750221861544,1,1,1,1,0.69593996,0.6085275438162544,Yes,Very High
2088,0.4473798376683788,1,1,1,0,0.41766834,0.4919470355819654,Yes,High
2094,0.4986057492919701,1,1,1,0,0.48395395,0.5205834440459653,Yes,High
2097,0.6726057201885093,1,1,1,1,0.6974314,0.635367177492109,Yes,Very High
2098,0.6329996385637804,1,1,1,1,0.6536009,0.6020977592626919,Yes,Very High
2110,0.4893323879999538,1,1,1,0,0.464139,0.5271224184738148,Yes,High
2114,0.4368512618509599,1,1,1,0,0.39939317,0.4930383682170679,Yes,High
2118,0.4716189919364157,1,1,1,0,0.47021115,0.4737307425468421,Yes,High
2120,0.425918928578234,1,1,1,0,0.4919649,0.3268499468632944,Yes,High
2124,0.4332350579998704,1,1,1,0,0.44966412,0.4085914264375499,Yes,High
2125,0.4860038898973279,1,1,1,0,0.44856754,0.5421583708595764,Yes,High
2129,0.7762372452905326,1,1,1,1,0.8050185,0.7330653714365135,Yes,Very High
2131,0.5151723303117263,1,1,1,1,0.47130114,0.5809790585731236,Yes,High
2133,0.4052756372112391,1,1,1,0,0.35761172,0.4767715044365222,Yes,High
2137,0.4176030837468526,1,1,1,0,0.37458247,0.4821339828203671,Yes,High
2142,0.453644763328617,1,1,1,0,0.4697036,0.4295564713527391,Yes,High
2145,0.4053266853061628,1,1,1,0,0.4299863,0.3683372363366959,Yes,High
2146,0.4580454457911576,1,1,1,0,0.42263526,0.5111606988094065,Yes,High
2147,0.4781585864163393,1,1,1,0,0.5198052,0.4156886617186056,Yes,High
2158,0.4031099989117219,1,1,1,0,0.45565844,0.3242873435470049,Yes,High
2182,0.4508375677448384,1,1,1,0,0.4555169,0.4438185326710026,Yes,High
2183,0.4817870956377454,1,1,1,0,0.5067468,0.4443474366556275,Yes,High
2189,0.4355062064210748,1,1,1,0,0.4326712,0.439758702288115,Yes,High
2193,0.4549646354283048,1,1,1,0,0.41934752,0.5083902867051842,Yes,High
2196,0.4028020321697049,1,1,1,0,0.39117968,0.4202355368361007,Yes,High
2199,0.5806260590012645,1,1,1,1,0.57638395,0.5869891952116727,Yes,Very High
2200,0.5142104616504116,1,1,1,1,0.5475121,0.4642579681528617,Yes,High
2204,0.4976262386496611,1,1,1,0,0.49427512,0.5026528825004271,Yes,High
2208,0.5653132336802543,1,1,1,1,0.60415417,0.5070518298614177,Yes,Very High
2209,0.4074095351365218,1,1,1,0,0.40637478,0.4089616271026455,Yes,High
2212,0.4610020294181336,1,1,1,0,0.39628452,0.55807827025449,Yes,High
2217,0.4591633534986555,1,1,1,0,0.47312012,0.4382281394200473,Yes,High
2222,0.4619026474529062,1,1,1,0,0.5150935,0.3821163605584588,Yes,High
2223,0.5459202813294136,1,1,1,1,0.5739323,0.503902208603075,Yes,High
2231,0.5580928921801058,1,1,1,1,0.59026873,0.5098290741697469,Yes,Very High
2245,0.4477916258127529,1,1,1,0,0.4300355,0.4744257523494557,Yes,High
2251,0.5903251633576667,1,1,1,1,0.5379098,0.6689481848309726,Yes,Very High
2255,0.63937681378091,1,1,1,1,0.6146028,0.6765378132751739,Yes,Very High
2260,0.4460065514848782,1,1,1,0,0.42897817,0.4715490716214363,Yes,High
2261,0.4730369968224202,1,1,1,0,0.5058676,0.423791091394582,Yes,High
2271,0.4229248324982971,1,1,1,0,0.4131402,0.4376017326992377,Yes,High
2280,0.4229066349486342,1,1,1,0,0.38022345,0.4869313854525066,Yes,High
2281,0.4008289730366093,1,1,1,0,0.40896332,0.3886274262805836,Yes,High
2284,0.4390705766484089,1,1,1,0,0.41656572,0.4728278374187518,Yes,High
2289,0.4803216771553134,1,1,1,0,0.4915202,0.4635238687868355,Yes,High
2290,0.4514858801572708,1,1,1,0,0.4370334,0.4731645632309685,Yes,High
2304,0.4138554848024286,1,1,1,0,0.4229346,0.4002368243508133,Yes,High
2306,0.4031874542329106,1,1,1,0,0.37075078,0.4518424359195911,Yes,High
2309,0.4438333433800929,1,1,1,0,0.47161826,0.4021559461787327,Yes,High
2312,0.4121650516305649,1,1,1,0,0.34659413,0.5105214340771944,Yes,High
2325,0.562729143288485,1,1,1,1,0.61323136,0.486975816852728,Yes,Very High
2334,0.4722395578947581,1,1,1,0,0.49964726,0.4311280051685664,Yes,High
2335,0.4347980867249684,1,1,1,0,0.4208604,0.4557045426028263,Yes,High
2336,0.4538288533472749,1,1,1,0,0.49477914,0.3924034088312915,Yes,High
2339,0.4222620180083327,1,1,1,0,0.41656774,0.4308034233334195,Yes,High
2345,0.4252592971620315,1,1,1,0,0.42388785,0.4273164398216588,Yes,High
2346,0.4594668641182669,1,1,1,0,0.4955544,0.4053355491392036,Yes,High
2347,0.5167492986454951,1,1,1,1,0.5533637,0.4618276806509463,Yes,High
2375,0.4920922748468015,1,1,1,0,0.5030768,0.4756154696697228,Yes,High
2377,0.5452620981355774,1,1,1,1,0.51910275,0.5845011021247177,Yes,High
2379,0.4953137570845934,1,1,1,0,0.47897527,0.5198214784830442,Yes,High
2388,0.40695773611276,1,1,1,0,0.40611187,0.4082265260271392,Yes,High
2389,0.5282410593858895,1,1,1,1,0.5041575,0.56436640819697,Yes,High
2392,0.6478108534231035,1,1,1,1,0.6304529,0.6738478116726497,Yes,Very High
2393,0.5883294963095814,1,1,1,1,0.6124305,0.552177956515111,Yes,Very High
2407,0.531783194649027,1,1,1,1,0.5663756,0.4798945071990445,Yes,High
2409,0.5065143357946847,1,1,1,1,0.51622164,0.4919533310419257,Yes,High
2413,0.5213571315280452,1,1,1,1,0.5172294,0.5275487465838231,Yes,High
2416,0.4113146652863783,1,1,1,0,0.3844273,0.4516456624086605,Yes,High
2417,0.5199655353668932,1,1,1,1,0.5270259,0.50937497606963,Yes,High
2418,0.538618461507669,1,1,1,1,0.46966806,0.6420440629574431,Yes,High
2420,0.4830628384323812,1,1,1,0,0.5012832,0.4557322087814153,Yes,High
2422,0.5593351343226357,1,1,1,1,0.57786345,0.531542653578501,Yes,Very High
2424,0.4306215638114621,1,1,1,0,0.4721436,0.3683385238532249,Yes,High
2429,0.6139503522318074,1,1,1,1,0.6600286,0.5448329705996983,Yes,Very High
2431,0.4242818410572446,1,1,1,0,0.38622764,0.4813631388984711,Yes,High
2433,0.4116060023366555,1,1,1,0,0.41236797,0.4104630363134405,Yes,High
2434,0.5131169058631243,1,1,1,1,0.50758433,0.5214157198246274,Yes,High
2436,0.6674691360668937,1,1,1,1,0.6795812,0.6493009431850413,Yes,Very High
2437,0.4160222065656336,1,1,1,0,0.47020248,0.3347517431301257,Yes,High
2444,0.4548598429693284,1,1,1,0,0.47207987,0.4290297381911435,Yes,High
2452,0.7106757610576063,1,1,1,1,0.7477861,0.6550102307241931,Yes,Very High
2458,0.4564662104359482,1,1,1,0,0.43973398,0.4815645082571146,Yes,High
2459,0.6750632002852407,1,1,1,1,0.67341673,0.6775328702981389,Yes,Very High
2473,0.4539287587430725,1,1,1,0,0.4684609,0.4321305206484222,Yes,High
2479,0.4119556988806516,1,1,1,0,0.4165306,0.4050933186041789,Yes,High
2480,0.4451592555445901,1,1,1,0,0.45590124,0.4290462262437919,Yes,High
2486,0.4739075533968968,1,1,1,0,0.5186925,0.4067300837295163,Yes,High
2492,0.508581005129505,1,1,1,1,0.49632058,0.5269716496102232,Yes,High
2494,0.5034698600737254,1,1,1,1,0.44933254,0.5846758323828379,Yes,High
2497,0.4106354033311751,1,1,1,0,0.4251029,0.3889341442188984,Yes,High
2500,0.4891705771307553,1,1,1,0,0.47436273,0.5113822867523642,Yes,High
2505,0.4068027546335026,1,1,1,0,0.44633317,0.3475071018757332,Yes,High
2507,0.4774558585525163,1,1,1,0,0.581456,0.3214556082190593,Yes,High
2509,0.4524050315141882,1,1,1,0,0.43467796,0.4789955814481292,Yes,High
2515,0.4349708475619649,1,1,1,0,0.46110398,0.395771095640981,Yes,High
2519,0.4963060709173759,1,1,1,0,0.48597765,0.5117986580568751,Yes,High
2520,0.6282155394902164,1,1,1,1,0.63394076,0.619627654639466,Yes,Very High
2521,0.5371746982898423,1,1,1,1,0.5343566,0.541401794991421,Yes,High
2532,0.5989599193698107,1,1,1,1,0.6476407,0.5259387109592407,Yes,Very High
2538,0.438992764854043,1,1,1,0,0.4821959,0.3741880414476228,Yes,High
2556,0.4742699578213238,1,1,1,0,0.4771069,0.4700145162164031,Yes,High
2558,0.5546622498533766,1,1,1,1,0.56717616,0.5358913351351124,Yes,Very High
2570,0.6324873225548898,1,1,1,1,0.6247953,0.6440252703078178,Yes,Very High
2572,0.4959035133531355,1,1,1,0,0.47921026,0.5209433821863589,Yes,High
2574,0.4534411042459387,1,1,1,0,0.47511417,0.4209314807076202,Yes,High
2575,0.4743146255190812,1,1,1,0,0.4738198,0.4750568306882288,Yes,High
2584,0.4138635076427042,1,1,1,0,0.43189448,0.3868170026301292,Yes,High
2598,0.4194592115438278,1,1,1,0,0.3737479,0.4880261861176032,Yes,High
2602,0.5033469165220452,1,1,1,1,0.50781,0.4966522665954116,Yes,High
2606,0.4623309806755509,1,1,1,0,0.49942103,0.4066958615609323,Yes,High
2608,0.7349908542968249,1,1,1,1,0.73005474,0.7423949719313323,Yes,Very High
2613,0.51735592487834,1,1,1,1,0.55409586,0.4622459561472661,Yes,High
2624,0.4369770325113844,1,1,1,0,0.41012356,0.4772572310987888,Yes,High
2626,0.4743440797998048,1,1,1,0,0.49134895,0.4488367714170458,Yes,High
2632,0.4714980511130104,1,1,1,0,0.49199027,0.4407596807333851,Yes,High
2634,0.4211841053898103,1,1,1,0,0.4235442,0.4176439660626071,Yes,High
2643,0.4649190838947414,1,1,1,0,0.5463088,0.3428344269132909,Yes,High
2647,0.4663774751030947,1,1,1,0,0.4235661,0.5305945332853857,Yes,High
2652,0.4539131269193652,1,1,1,0,0.48695996,0.4043428712430007,Yes,High
2656,0.4231590336576449,1,1,1,0,0.4191161,0.4292234048285452,Yes,High
2657,0.5687239303925603,1,1,1,1,0.6427843,0.4576333201773387,Yes,Very High
2658,0.5538815953259484,1,1,1,1,0.55856186,0.5468611662399808,Yes,Very High
2668,0.5150638929210417,1,1,1,1,0.57324,0.4277996995057444,Yes,High
2669,0.4864949903061056,1,1,1,0,0.60332423,0.3112510644321799,Yes,High
2670,0.5931794807686164,1,1,1,1,0.70608836,0.4238161110316102,Yes,Very High
2675,0.4314273160467337,1,1,1,0,0.5133543,0.3085367783332344,Yes,High
2679,0.4256747837650343,1,1,1,0,0.42292127,0.4298050393133274,Yes,High
2682,0.800429445098968,1,1,1,1,0.80772084,0.7894923080780397,Yes,Very High
2691,0.4044217520377502,1,1,1,0,0.42278516,0.3768766059034728,Yes,High
2694,0.4582970601360653,1,1,1,0,0.47356766,0.435391108701789,Yes,High
2697,0.6079668856513867,1,1,1,1,0.57790595,0.6530582549304688,Yes,Very High
2714,0.5909607175157974,1,1,1,1,0.65772045,0.4908210941072575,Yes,Very High
2720,0.5526176394801221,1,1,1,1,0.5479119,0.5596762154948914,Yes,Very High
2726,0.4791530557871459,1,1,1,0,0.467929,0.4959890714289243,Yes,High
2727,0.6714743341429453,1,1,1,1,0.65444833,0.6970132801491571,Yes,Very High
2736,0.5834159203380995,1,1,1,1,0.66914374,0.4548241814004017,Yes,Very High
2739,0.6632272647524523,1,1,1,1,0.681514,0.6357970949770627,Yes,Very High
2742,0.4504538530619202,1,1,1,0,0.4138328,0.5053853751498604,Yes,High
2743,0.4436697450893161,1,1,1,0,0.43722802,0.4533323118132942,Yes,High
2753,0.425958694903672,1,1,1,0,0.38911504,0.4812241765077417,Yes,High
2757,0.4765065436624753,1,1,1,0,0.5685156,0.3384929460940927,Yes,High
2759,0.4527339912988334,1,1,1,0,0.47803804,0.4147779140714777,Yes,High
2763,0.4810542908824404,1,1,1,0,0.463815,0.5069131770523687,Yes,High
2765,0.5522674402890791,1,1,1,1,0.5675705,0.5293128096307789,Yes,Very High
2774,0.4228831405326817,1,1,1,0,0.465233,0.3593583094291621,Yes,High
2775,0.575554197648589,1,1,1,1,0.65775126,0.4522585263337298,Yes,Very High
2780,0.4079510429946298,1,1,1,0,0.3968387,0.4246195429185317,Yes,High
2786,0.5249670519287536,1,1,1,1,0.51107293,0.5458081697064512,Yes,High
2792,0.4073820241679272,1,1,1,0,0.41617838,0.3941874897453987,Yes,High
2793,0.4868257100918426,1,1,1,0,0.48951322,0.4827944327241515,Yes,High
2811,0.5434311940965184,1,1,1,1,0.59247476,0.4698658026002665,Yes,High
2813,0.4570861857043875,1,1,1,0,0.45472902,0.4606218886641594,Yes,High
2815,0.4211252511401631,1,1,1,0,0.44225267,0.3894340696085634,Yes,High
2825,0.5109591992759561,1,1,1,1,0.528063,0.4853034546136496,Yes,High
2827,0.5221071065104027,1,1,1,1,0.5528904,0.4759320916324902,Yes,High
2830,0.4005328133458513,1,1,1,0,0.4073422,0.3903187102960094,Yes,High
2831,0.4300722601387141,1,1,1,0,0.42479014,0.4379953747921283,Yes,High
2836,0.4525850125532784,1,1,1,0,0.4584616,0.4437700679852163,Yes,High
2840,0.5292289913953562,1,1,1,1,0.5529487,0.4936494085344719,Yes,High
2847,0.4046295618551823,1,1,1,0,0.4237168,0.375998625044488,Yes,High
2851,0.5893166506411285,1,1,1,1,0.5945841,0.5814154058996961,Yes,Very High
2855,0.4944724048859473,1,1,1,0,0.48903558,0.5026276175396134,Yes,High
2857,0.4821145579481554,1,1,1,0,0.47735646,0.4892516993642926,Yes,High
2858,0.5141904924165588,1,1,1,1,0.52310824,0.5008138651280057,Yes,High
2859,0.4455934463488201,1,1,1,0,0.49167725,0.3764677044121274,Yes,High
2861,0.4567838808546088,1,1,1,0,0.5052581,0.384072562220102,Yes,High
2863,0.6678057274997755,1,1,1,1,0.65086913,0.6932105774135698,Yes,Very High
2865,0.4780838170812858,1,1,1,0,0.50066066,0.4442185111756951,Yes,High
2867,0.5943594972100706,1,1,1,1,0.580056,0.615814725509994,Yes,Very High
2869,0.4355041924158312,1,1,1,0,0.47418642,0.3774808205762449,Yes,High
2871,0.4675389342895805,1,1,1,0,0.513247,0.3989767564812448,Yes,High
2878,0.6226371876789919,1,1,1,1,0.6722653,0.54819495787069,Yes,Very High
2880,0.4435984243497384,1,1,1,0,0.47510952,0.3963317845128805,Yes,High
2886,0.4212945437994392,1,1,1,0,0.4002029,0.4529319794393557,Yes,High
2887,0.4212694776712048,1,1,1,0,0.4077665,0.4415239425148041,Yes,High
2896,0.4232489691857543,1,1,1,0,0.3906274,0.4721812721798932,Yes,High
2897,0.5143512127029227,1,1,1,1,0.46850106,0.5831263803510186,Yes,High
2899,0.4659968050792024,1,1,1,0,0.43370798,0.5144300392454378,Yes,High
2900,0.510759994402486,1,1,1,1,0.5491179,0.453223101831868,Yes,High
2901,0.4346332602689497,1,1,1,0,0.41473204,0.4644850773090701,Yes,High
2902,0.4987369339685468,1,1,1,0,0.43114915,0.6001186025691101,Yes,High
2909,0.4193066634112539,1,1,1,0,0.41802335,0.4212316069438909,Yes,High
2921,0.4463850200637064,1,1,1,0,0.47154784,0.4086407871206306,Yes,High
2923,0.4384855602010419,1,1,1,0,0.42594483,0.4572965884765808,Yes,High
2927,0.496666423902602,1,1,1,0,0.48644748,0.5119947901012776,Yes,High
2930,0.6219997993936767,1,1,1,1,0.6523221,0.5765163133121107,Yes,Very High
2931,0.4640255504826662,1,1,1,0,0.47780967,0.4433493152211004,Yes,High
2932,0.5120677938593396,1,1,1,1,0.52640367,0.4905639565321228,Yes,High
2933,0.4323422289896235,1,1,1,0,0.49203897,0.3427971097350679,Yes,High
2937,0.4161294978183387,1,1,1,0,0.39708832,0.4446912510499057,Yes,High
2939,0.6234960630145332,1,1,1,1,0.6790162,0.5402158386028462,Yes,Very High
2940,0.437054493094594,1,1,1,0,0.4446788,0.4256180129078792,Yes,High
2949,0.492380906429455,1,1,1,0,0.523007,0.4464417429928116,Yes,High
2950,0.5469557655438776,1,1,1,1,0.5655854,0.5190113218091417,Yes,High
2952,0.4633840341651937,1,1,1,0,0.46969247,0.453921337744718,Yes,High
2966,0.4410739004043956,1,1,1,0,0.47241017,0.3940694926749218,Yes,High
2978,0.4079982105468821,1,1,1,0,0.41038635,0.4044159659681497,Yes,High
2980,0.4445388006990928,1,1,1,0,0.41678804,0.4861649095579431,Yes,High
2985,0.4513035344384239,1,1,1,0,0.47270495,0.4192013858015651,Yes,High
2986,0.5047963573846906,1,1,1,1,0.53295213,0.462562668898128,Yes,High
2987,0.5444258749173058,1,1,1,1,0.5693847,0.506987646144125,Yes,High
2988,0.4200055085743529,1,1,1,0,0.46092463,0.3586267886373059,Yes,High
2991,0.5831050428545843,1,1,1,1,0.639324,0.4987765483052457,Yes,Very High
2993,0.6167482324672798,1,1,1,1,0.6305171,0.5960948487701665,Yes,Very High
2998,0.4727354730660426,1,1,1,0,0.48855332,0.4490086648600068,Yes,High
3011,0.4322889721757702,1,1,1,0,0.43979123,0.4210355819181928,Yes,High
3012,0.5127508659046294,1,1,1,1,0.53754246,0.4755634116335215,Yes,High
3013,0.47665398853613,1,1,1,0,0.5578571,0.3548493121463325,Yes,High
3015,0.4333924305827997,1,1,1,0,0.4421022,0.4203277708072419,Yes,High
3020,0.4309682050362212,1,1,1,0,0.44088456,0.4160936422683256,Yes,High
3023,0.418747769579746,1,1,1,0,0.43594798,0.3929473876591962,Yes,High
3031,0.4211131343099068,1,1,1,0,0.45425397,0.3714018337062473,Yes,High
3042,0.5005534777345692,1,1,1,1,0.5517257,0.4237951063370789,Yes,High
3043,0.5890686059526363,1,1,1,1,0.6429009,0.5083201439509192,Yes,Very High
3054,0.4803323009051943,1,1,1,0,0.441316,0.5388567245101095,Yes,High
3055,0.429117901600524,1,1,1,0,0.42035893,0.4422563649145866,Yes,High
3058,0.4952403776033565,1,1,1,0,0.5128395,0.4688416849036625,Yes,High
3062,0.4353879836626632,1,1,1,0,0.44781077,0.4167537757326621,Yes,High
3064,0.5326564949249935,1,1,1,1,0.5613622,0.4895979269086596,Yes,High
3068,0.4178174606109348,1,1,1,0,0.39196736,0.4565925948681152,Yes,High
3070,0.431566877631993,1,1,1,0,0.45126498,0.4020197278972738,Yes,High
3071,0.4676062343169586,1,1,1,0,0.50126505,0.4171179676178434,Yes,High
3073,0.6164502343112344,1,1,1,1,0.6413785,0.5790577432945655,Yes,Very High
3074,0.4340457887034347,1,1,1,0,0.40936556,0.471066117430908,Yes,High
3076,0.4679634285535243,1,1,1,0,0.470229,0.4645650119994648,Yes,High
3077,0.6441541339789385,1,1,1,1,0.6701148,0.6052130524899946,Yes,Very High
3082,0.4568748693913382,1,1,1,0,0.43720216,0.4863839400932594,Yes,High
3083,0.4191051207111378,1,1,1,0,0.43532372,0.3947772289629032,Yes,High
3084,0.4009878250581985,1,1,1,0,0.38262925,0.4285256720142973,Yes,High
3085,0.4416942978608572,1,1,1,0,0.4283699,0.461680835661283,Yes,High
3093,0.480505919322483,1,1,1,0,0.45271382,0.5221940722691819,Yes,High
3097,0.4565086021663026,1,1,1,0,0.5090318,0.3777237868908236,Yes,High
3100,0.4789408635700496,1,1,1,0,0.4976831,0.4508274524422367,Yes,High
3108,0.6659314350676422,1,1,1,1,0.7026213,0.6108966510474396,Yes,Very High
3128,0.4913656403435605,1,1,1,0,0.43245438,0.579732504937385,Yes,High
3129,0.4633295355911629,1,1,1,0,0.46355233,0.4629953500319465,Yes,High
3139,0.4070643542977568,1,1,1,0,0.3631954,0.4728677642276873,Yes,High
3142,0.4428254087213038,1,1,1,0,0.40509757,0.4994171533592935,Yes,High
3143,0.4467642667943499,1,1,1,0,0.48411465,0.3907386370137984,Yes,High
3150,0.4984691221147062,1,1,1,0,0.5078227,0.4844387070907356,Yes,High
3157,0.4526193193732674,1,1,1,0,0.44642034,0.4619177560356692,Yes,High
3158,0.4017509182996231,1,1,1,0,0.38033623,0.433872928397526,Yes,High
3163,0.4489427468460307,1,1,1,0,0.44666162,0.4523643755121792,Yes,High
3168,0.4693308005886379,1,1,1,0,0.4839523,0.4473985309792317,Yes,High
3182,0.4677718137611332,1,1,1,0,0.49378446,0.4287527886304711,Yes,High
3185,0.4740972948450684,1,1,1,0,0.50159836,0.4328456849800645,Yes,High
3189,0.5254938525844024,1,1,1,1,0.55299026,0.4842492001474912,Yes,High
3204,0.4126790126077316,1,1,1,0,0.45006767,0.3565960277895088,Yes,High
3212,0.4839749291615206,1,1,1,0,0.5119995,0.4419380314838187,Yes,High
3221,0.5065958125375098,1,1,1,1,0.4893112,0.5325227039511964,Yes,High
3224,0.4601072892671852,1,1,1,0,0.48257262,0.4264093004480077,Yes,High
3225,0.4699734248308878,1,1,1,0,0.46718988,0.4741487149369073,Yes,High
3234,0.5376216105742104,1,1,1,1,0.5932686,0.4541511665093021,Yes,High
3236,0.4026057148156615,1,1,1,0,0.43419895,0.3552158236945797,Yes,High
3237,0.4652035100130138,1,1,1,0,0.51477593,0.3908448325762891,Yes,High
3241,0.4608516919637064,1,1,1,0,0.4591865,0.4633494287789713,Yes,High
3243,0.4878726464993723,1,1,1,0,0.51773524,0.4430786923783442,Yes,High
3245,0.4120542267148256,1,1,1,0,0.4786032,0.3122307010453343,Yes,High
3256,0.4147017395461783,1,1,1,0,0.42234924,0.4032304376277291,Yes,High
3258,0.5396980305770259,1,1,1,1,0.6088353,0.4359920969255818,Yes,High
3259,0.4304271362699241,1,1,1,0,0.43629462,0.4216259028705881,Yes,High
3264,0.6605442305025386,1,1,1,1,0.60922194,0.737527643545699,Yes,Very High
3265,0.4040306392209201,1,1,1,0,0.39277422,0.4209152318280112,Yes,High
3266,0.4190014502410033,1,1,1,0,0.3286327,0.5545545496056326,Yes,High
3267,0.4536294876973765,1,1,1,0,0.50557095,0.3757172672552211,Yes,High
3270,0.541304303639262,1,1,1,1,0.5696365,0.4988059735127514,Yes,High
3280,0.5659452939554218,1,1,1,1,0.60009515,0.5147204460015307,Yes,Very High
3288,0.4821955553897181,1,1,1,0,0.49930584,0.456530077310393,Yes,High
3294,0.4302566758301009,1,1,1,0,0.40162283,0.4732074120407675,Yes,High
3296,0.4922222172143501,1,1,1,0,0.46438697,0.5339750585264071,Yes,High
3309,0.4553206924991586,1,1,1,0,0.4580247,0.4512646209192222,Yes,High
3316,0.4735121158869748,1,1,1,0,0.5497367,0.3591752122123254,Yes,High
3319,0.400878132269103,1,1,1,0,0.39792743,0.4053041733436751,Yes,High
3326,0.6326560454416508,1,1,1,1,0.6985521,0.5338119906306847,Yes,Very High
3329,0.4512000025705386,1,1,1,0,0.43108562,0.4813715669999244,Yes,High
3346,0.4349995633695349,1,1,1,0,0.43866128,0.4295069924825988,Yes,High
3347,0.4321032966979763,1,1,1,0,0.4265888,0.4403750364503317,Yes,High
3349,0.4494547430643825,1,1,1,0,0.4677207,0.4220557669722508,Yes,High
3352,0.403162991282428,1,1,1,0,0.378917,0.4395319279955941,Yes,High
3353,0.4788236205533004,1,1,1,0,0.5021235,0.4438738238699378,Yes,High
3362,0.4079691869531346,1,1,1,0,0.42334983,0.3848982111896756,Yes,High
3364,0.471637673979817,1,1,1,0,0.52214026,0.3958837881828798,Yes,High
3365,0.584036377085024,1,1,1,1,0.60599107,0.5511043146569874,Yes,Very High
3367,0.4052286504062246,1,1,1,0,0.4128365,0.3938168804725584,Yes,High
3369,0.4868958038354296,1,1,1,0,0.48861167,0.4843219474614605,Yes,High
3374,0.6322250896338284,1,1,1,1,0.6738838,0.5697370155760796,Yes,Very High
3383,0.4449666240622217,1,1,1,0,0.38040724,0.5418056867543893,Yes,High
3386,0.4754306851560009,1,1,1,0,0.5019577,0.4356401112512083,Yes,High
3398,0.4688363858026677,1,1,1,0,0.47081643,0.4658662994609311,Yes,High
3401,0.4738901005764813,1,1,1,0,0.46822006,0.4823951538850891,Yes,High
3403,0.4726183923518718,1,1,1,0,0.4785251,0.4637583127707396,Yes,High
3404,0.4821117140680512,1,1,1,0,0.51205134,0.4372022096887131,Yes,High
3406,0.4808611545580297,1,1,1,0,0.4847445,0.4750361228033078,Yes,High
3414,0.5479389583990488,1,1,1,1,0.5242582,0.583460071664431,Yes,High
3417,0.520815512823495,1,1,1,1,0.494306,0.5605797253236988,Yes,High
3419,0.4523198872204275,1,1,1,0,0.4610716,0.4391922725726294,Yes,High
3421,0.44205565759358,1,1,1,0,0.46473223,0.4080407696171897,Yes,High
3436,0.4313456580727196,1,1,1,0,0.4173705,0.4523083979112149,Yes,High
3443,0.5073371038062485,1,1,1,1,0.5381315,0.4611455165403863,Yes,High
3450,0.4451578494155214,1,1,1,0,0.46831572,0.4104210278003924,Yes,High
3452,0.4913845819543994,1,1,1,0,0.51101124,0.4619445309815795,Yes,High
3453,0.4493235265517156,1,1,1,0,0.4554378,0.4401520429312985,Yes,High
3460,0.415729623082869,1,1,1,0,0.42080277,0.4081198847383081,Yes,High
3466,0.5890121857392884,1,1,1,1,0.5818053,0.5998225013584138,Yes,Very High
3471,0.5013112434822186,1,1,1,1,0.5133411,0.4832664154663343,Yes,High
3473,0.4731339328264388,1,1,1,0,0.50776905,0.4211812001405142,Yes,High
3474,0.5553084301472502,1,1,1,1,0.5726099,0.5293562232257915,Yes,Very High
3475,0.5736518184608306,1,1,1,1,0.5689503,0.5807040582761379,Yes,Very High
3480,0.5927616120481785,1,1,1,1,0.57623434,0.617552489316537,Yes,Very High
3481,0.4389983484419328,1,1,1,0,0.4302393,0.4521369361063199,Yes,High
3490,0.6567315134812264,1,1,1,1,0.69447803,0.6001117014410267,Yes,Very High
3496,0.4011523318189892,1,1,1,0,0.4203862,0.3723015367732726,Yes,High
3501,0.5477720329954795,1,1,1,1,0.5804019,0.4988272065407464,Yes,High
3503,0.5234277131007969,1,1,1,1,0.5639375,0.4626629953202755,Yes,High
3504,0.4150604327669849,1,1,1,0,0.44299787,0.3731542130686616,Yes,High
3505,0.5219354231743846,1,1,1,1,0.54391354,0.4889682430994593,Yes,High
3510,0.449244469606343,1,1,1,0,0.4406949,0.4620687668608206,Yes,High
3514,0.4541488703103141,1,1,1,0,0.48344633,0.4102026214230249,Yes,High
3515,0.4638505968735448,1,1,1,0,0.46737,0.4585714869911054,Yes,High
3518,0.5186875120079782,1,1,1,1,0.56347823,0.4515013732702201,Yes,High
3520,0.4153387393987732,1,1,1,0,0.44951084,0.3640805548520279,Yes,High
3527,0.404423058682387,1,1,1,0,0.36595228,0.4621291921876494,Yes,High
3533,0.5519902345338661,1,1,1,1,0.57714844,0.5142529151835039,Yes,Very High
3539,0.4192963753123422,1,1,1,0,0.44439468,0.381648891662394,Yes,High
3555,0.4348149147118943,1,1,1,0,0.36882287,0.5338029554699404,Yes,High
3560,0.4178865004929326,1,1,1,0,0.4061954,0.4354231182119305,Yes,High
3569,0.4271323652148205,1,1,1,0,0.4091195,0.4541516604721443,Yes,High
3592,0.4943677538505017,1,1,1,0,0.47405386,0.524838580159053,Yes,High
3596,0.4311430005047704,1,1,1,0,0.41543943,0.4546983534629108,Yes,High
3597,0.4888926712924074,1,1,1,0,0.49860677,0.4743214617803272,Yes,High
3604,0.4022141178670874,1,1,1,0,0.33957258,0.4961763894119238,Yes,High
3607,0.409621894289061,1,1,1,0,0.42716002,0.3833146391535912,Yes,High
3610,0.441678870999375,1,1,1,0,0.47657406,0.3893360229421629,Yes,High
3619,0.5621680103036764,1,1,1,1,0.6114004,0.4883193429045384,Yes,Very High
3620,0.4406806384332324,1,1,1,0,0.4698437,0.3969360527414445,Yes,High
3624,0.6281277085952587,1,1,1,1,0.6944087,0.5287061248254347,Yes,Very High
3633,0.5149723712734084,1,1,1,1,0.5120098,0.5194162140617027,Yes,High
3640,0.5051253992284647,1,1,1,1,0.46839532,0.560220469525782,Yes,High
3643,0.4642595301113339,1,1,1,0,0.43228132,0.5122268075848151,Yes,High
3650,0.4950938337673323,1,1,1,0,0.5238836,0.4519091828737597,Yes,High
3654,0.5017193896726782,1,1,1,1,0.48806843,0.5221957820544677,Yes,High
3657,0.6116231335382997,1,1,1,1,0.6786335,0.5111075076414493,Yes,Very High
3664,0.40804785303869,1,1,1,0,0.41167915,0.4026008723328051,Yes,High
3666,0.4459829829493028,1,1,1,0,0.46617773,0.41569081504118,Yes,High
3667,0.5092116857020375,1,1,1,1,0.5437106,0.4574633301417817,Yes,High
3670,0.4553735595570866,1,1,1,0,0.41710803,0.5127718403008739,Yes,High
3674,0.4060273856720241,1,1,1,0,0.3931934,0.4252783434591969,Yes,High
3676,0.4913364322956071,1,1,1,0,0.46490407,0.530984916283604,Yes,High
3677,0.4120881970312967,1,1,1,0,0.4258884,0.3913878936536049,Yes,High
3680,0.4143040233103043,1,1,1,0,0.42888606,0.3924309594550745,Yes,High
3687,0.5411781480052628,1,1,1,1,0.50882435,0.5897087877339516,Yes,High
3691,0.6525759865220576,1,1,1,1,0.77256006,0.4725998315652683,Yes,Very High
3692,0.4450227896600169,1,1,1,0,0.45204854,0.4344841043723629,Yes,High
3703,0.6370867182517934,1,1,1,1,0.6898184,0.5579891775312245,Yes,Very High
3716,0.4307586991031951,1,1,1,0,0.413808,0.4561847431560323,Yes,High
3735,0.4585753362278384,1,1,1,0,0.46542025,0.4483079117785499,Yes,High
3736,0.4461370790906701,1,1,1,0,0.4623983,0.4217452021707975,Yes,High
3743,0.4520425982436387,1,1,1,0,0.49004352,0.3950411546133082,Yes,High
3745,0.4359260303526878,1,1,1,0,0.43120843,0.4430023835971354,Yes,High
3747,0.4655496992545083,1,1,1,0,0.42778125,0.5222023074519523,Yes,High
3764,0.4650999322699732,1,1,1,0,0.4571449,0.4770324416873919,Yes,High
3772,0.4712160031493201,1,1,1,0,0.4633082,0.4830777149636781,Yes,High
3775,0.4778175918434986,1,1,1,0,0.47383344,0.4837937574026308,Yes,High
3778,0.4460003879801238,1,1,1,0,0.39886963,0.5166965119877965,Yes,High
3781,0.4920275909648995,1,1,1,0,0.5285926,0.4371800529327644,Yes,High
3792,0.4239376680779622,1,1,1,0,0.42642614,0.4202048969090397,Yes,High
3798,0.4242983490038009,1,1,1,0,0.4728529,0.3514665439248312,Yes,High
3799,0.417778155816614,1,1,1,0,0.43067178,0.3984376579846425,Yes,High
3803,0.4749121524074445,1,1,1,0,0.4821397,0.4640707763976777,Yes,High
3804,0.4380113684170936,1,1,1,0,0.45225585,0.4166446385367451,Yes,High
3810,0.6083398335488215,1,1,1,1,0.6640133,0.5248295201141572,Yes,Very High
3822,0.4053158239023965,1,1,1,0,0.3687122,0.4602212646347984,Yes,High
3823,0.5051394038710626,1,1,1,1,0.53464365,0.4608829898917754,Yes,High
3827,0.6671510269108255,1,1,1,1,0.6784655,0.6501792942143577,Yes,Very High
3828,0.4038351660643886,1,1,1,0,0.4168077,0.3843763186720189,Yes,High
3831,0.4444694036597906,1,1,1,0,0.4277191,0.4695948497342314,Yes,High
3844,0.4156954954586412,1,1,1,0,0.48006868,0.319135653605557,Yes,High
3846,0.4451907716067407,1,1,1,0,0.41267446,0.4939652214129204,Yes,High
3860,0.5448204808625875,1,1,1,1,0.5726244,0.5031145943187918,Yes,High
3862,0.4641464887622848,1,1,1,0,0.4663609,0.4608248766670264,Yes,High
3865,0.5391787826415644,1,1,1,1,0.5673079,0.4969850777081512,Yes,High
3866,0.4764463095682423,1,1,1,0,0.4596092,0.5017019283815127,Yes,High
3867,0.5491877746931039,1,1,1,1,0.5378989,0.5661210299410726,Yes,High
3868,0.4311762902085287,1,1,1,0,0.4116192,0.4605119310181098,Yes,High
3870,0.4332921244422703,1,1,1,0,0.40876833,0.4700778145889711,Yes,High
3884,0.4490148096252546,1,1,1,0,0.43237546,0.4739738178673052,Yes,High
3891,0.4684331025451308,1,1,1,0,0.4882237,0.4387471590861394,Yes,High
3895,0.4439051112622137,1,1,1,0,0.52235526,0.326229845754831,Yes,High
3899,0.5090714353115818,1,1,1,1,0.5228492,0.4884047701436929,Yes,High
3901,0.4207925286536029,1,1,1,0,0.43579847,0.3982836223256119,Yes,High
3902,0.4302700166018246,1,1,1,0,0.4451645,0.4079282293993827,Yes,High
3903,0.4615280011503438,1,1,1,0,0.49259356,0.4149296083074162,Yes,High
3920,0.4119684209153882,1,1,1,0,0.43784988,0.3731461886877396,Yes,High
3924,0.4625923664245189,1,1,1,0,0.4731644,0.4467342870615872,Yes,High
3937,0.4737057595073658,1,1,1,0,0.47113925,0.4775555204896822,Yes,High
3942,0.4566694602508548,1,1,1,0,0.4426822,0.4776503406810768,Yes,High
3948,0.4418191503254911,1,1,1,0,0.4709009,0.398196476392036,Yes,High
3954,0.5363773509538068,1,1,1,1,0.5522509,0.5125669649928545,Yes,High
3963,0.430620312875717,1,1,1,0,0.42979568,0.4318572585438916,Yes,High
3967,0.4493154129235911,1,1,1,0,0.45078793,0.4471066198867976,Yes,High
3980,0.4673889373079121,1,1,1,0,0.40481216,0.5612540851869134,Yes,High
3982,0.4029960001367511,1,1,1,0,0.3626988,0.4634417878732536,Yes,High
3986,0.4146724297285926,1,1,1,0,0.4530371,0.3571253899934024,Yes,High
3989,0.5461382100697664,1,1,1,1,0.5640339,0.5192946219733128,Yes,High
4004,0.5474600190462523,1,1,1,1,0.6255956,0.4302565739904476,Yes,High
4016,0.4944945798250157,1,1,1,0,0.51298285,0.4667621667017835,Yes,High
4021,0.4315652578015332,1,1,1,0,0.4379865,0.4219333899366868,Yes,High
4026,0.4962707074553462,1,1,1,0,0.5449263,0.4232872804181507,Yes,High
4027,0.4132845370042322,1,1,1,0,0.47064063,0.3272503535121674,Yes,High
4029,0.4007305135581593,1,1,1,0,0.39158422,0.4144499277705204,Yes,High
4036,0.4360793125136347,1,1,1,0,0.43308783,0.4405665128190447,Yes,High
4039,0.4612636691515524,1,1,1,0,0.42728797,0.512227223859449,Yes,High
4043,0.5484036090638573,1,1,1,1,0.49746448,0.6248122907346325,Yes,High
4045,0.4140812748994769,1,1,1,0,0.38804853,0.4531303779101227,Yes,High
4047,0.5656425554961917,1,1,1,1,0.6062552,0.5047236133145684,Yes,Very High
4063,0.4712801038357574,1,1,1,0,0.46743453,0.477048471354683,Yes,High
4064,0.4062072977263659,1,1,1,0,0.3807655,0.4443699605362935,Yes,High
4071,0.4292371576282041,1,1,1,0,0.46824756,0.370721520297889,Yes,High
4074,0.4313845607287904,1,1,1,0,0.43980977,0.418746688129311,Yes,High
4079,0.4747616004460931,1,1,1,0,0.5147193,0.4148249952777922,Yes,High
4081,0.5909190575065673,1,1,1,1,0.59106016,0.5907073864793927,Yes,Very High
4085,0.4683657491336462,1,1,1,0,0.45665976,0.4859246820534759,Yes,High
4088,0.491460104770877,1,1,1,0,0.48996705,0.4936996598725964,Yes,High
4092,0.5366184605212215,1,1,1,1,0.5556831,0.5080215367305289,Yes,High
4095,0.4460034617225312,1,1,1,0,0.4671922,0.4142203053931352,Yes,High
4113,0.5647609095679764,1,1,1,1,0.62262774,0.4779606712130318,Yes,Very High
4134,0.550737116372737,1,1,1,1,0.55938977,0.5377581060830571,Yes,Very High
4135,0.6357845437554162,1,1,1,1,0.6704033,0.5838563472101194,Yes,Very High
4145,0.4640422637839614,1,1,1,0,0.39033666,0.5746006284106521,Yes,High
4147,0.436520145620217,1,1,1,0,0.376516,0.5265263127419105,Yes,High
4148,0.4212912417654814,1,1,1,0,0.38261956,0.4792987424146684,Yes,High
4154,0.6086625255275584,1,1,1,1,0.64982176,0.5469236019076944,Yes,Very High
4158,0.426080017678573,1,1,1,0,0.4800271,0.3451593205149826,Yes,High
4165,0.5476210046152586,1,1,1,1,0.5750736,0.5064420969139324,Yes,High
4177,0.4496397927663942,1,1,1,0,0.45742384,0.437963668322121,Yes,High
4184,0.4138743863229308,1,1,1,0,0.40500686,0.4271756449650609,Yes,High
4185,0.4608609891290134,1,1,1,0,0.5198895,0.3723182321475609,Yes,High
4203,0.4078810635012284,1,1,1,0,0.3905537,0.4338720745846369,Yes,High
4211,0.4660104361897599,1,1,1,0,0.4472375,0.4941698530629006,Yes,High
4216,0.4152337425392194,1,1,1,0,0.4161594,0.4138452468915095,Yes,High
4219,0.5709573007049749,1,1,1,1,0.60636336,0.5178482026911253,Yes,Very High
4220,0.4899199938893781,1,1,1,0,0.46935788,0.5207631081641878,Yes,High
4221,0.4087259358677652,1,1,1,0,0.4581104,0.3346492068254417,Yes,High
4225,0.5002187409846902,1,1,1,1,0.5300861,0.4554176874083579,Yes,High
4232,0.6236880625900556,1,1,1,1,0.71176773,0.4915684972248796,Yes,Very High
4235,0.4869102483943075,1,1,1,0,0.5381083,0.4101131722219213,Yes,High
4252,0.4718437223890865,1,1,1,0,0.4648176,0.4823828561254951,Yes,High
4261,0.5193547126725561,1,1,1,1,0.5474299,0.4772419028171018,Yes,High
4262,0.4542407588240337,1,1,1,0,0.46492353,0.4382166008345364,Yes,High
4267,0.5209404352233634,1,1,1,1,0.5358634,0.498555929195341,Yes,High
4269,0.4348934320294649,1,1,1,0,0.47160283,0.3798293391078192,Yes,High
4281,0.4347030836614354,1,1,1,0,0.4035043,0.4815012261947949,Yes,High
4289,0.5869335387467303,1,1,1,1,0.57044435,0.6116672988531386,Yes,Very High
4304,0.4339231525165765,1,1,1,0,0.45289597,0.4054638679581207,Yes,High
4305,0.4029162041512097,1,1,1,0,0.36756867,0.4559374879218553,Yes,High
4306,0.4081999937086594,1,1,1,0,0.4384999,0.3627501376940042,Yes,High
4318,0.4629996306296052,1,1,1,0,0.41482943,0.5352548973252031,Yes,High
4320,0.457523081155328,1,1,1,0,0.4926337,0.4048571076286537,Yes,High
4324,0.4905460724081033,1,1,1,0,0.49709222,0.480726795605181,Yes,High
4325,0.4093638552980461,1,1,1,0,0.44448322,0.3566847477746105,Yes,High
4333,0.581640591003084,1,1,1,1,0.6251987,0.516303379778027,Yes,Very High
4334,0.4292068060611913,1,1,1,0,0.41151112,0.4557503080306523,Yes,High
4338,0.5877138557746544,1,1,1,1,0.61552113,0.5460028804129696,Yes,Very High
4350,0.4889878000971069,1,1,1,0,0.5366559,0.4174856012454604,Yes,High
4362,0.4119801651160956,1,1,1,0,0.42550084,0.391699108163774,Yes,High
4364,0.4250244496267998,1,1,1,0,0.45041847,0.3869333858296185,Yes,High
4367,0.491560108618211,1,1,1,0,0.4608104,0.5376846521006804,Yes,High
4372,0.5278135632408583,1,1,1,1,0.58088595,0.448204973075023,Yes,High
4373,0.5735714514755471,1,1,1,1,0.61331624,0.5139542568979819,Yes,Very High
4375,0.4069618392722348,1,1,1,0,0.42059246,0.3865158827941964,Yes,High
4376,0.4176469798413732,1,1,1,0,0.37499171,0.4816298697212881,Yes,High
4377,0.4714955018274556,1,1,1,0,0.4650982,0.4810914214234973,Yes,High
4381,0.4561166277566543,1,1,1,0,0.4654754,0.4420784391559638,Yes,High
4394,0.4076469352911183,1,1,1,0,0.4300677,0.3740157462831013,Yes,High
4398,0.4663817383405664,1,1,1,0,0.45366445,0.4854576531939453,Yes,High
4399,0.4250555950585618,1,1,1,0,0.47424582,0.3512702182391322,Yes,High
4410,0.4462248014209676,1,1,1,0,0.4295148,0.471289810239774,Yes,High
4436,0.5273188710632485,1,1,1,1,0.48634946,0.5887729824638768,Yes,High
4462,0.4193153748774829,1,1,1,0,0.39918137,0.4495163807929314,Yes,High
4464,0.4249125941167869,1,1,1,0,0.45492166,0.3798989761796092,Yes,High
4469,0.4614589773162887,1,1,1,0,0.47632733,0.4391564335785026,Yes,High
4479,0.5258508776090227,1,1,1,1,0.52973974,0.5200175579542126,Yes,High
4494,0.4528053998850143,1,1,1,0,0.4650775,0.4343972354884832,Yes,High
4500,0.4343550560325179,1,1,1,0,0.43365696,0.4354021840914572,Yes,High
4506,0.4156979012208722,1,1,1,0,0.46171898,0.3466662734045442,Yes,High
4511,0.4188222186323211,1,1,1,0,0.44763887,0.3755972277512664,Yes,High
4515,0.4673061468883515,1,1,1,0,0.46697155,0.4678080476036073,Yes,High
4516,0.4994686881385459,1,1,1,0,0.42856038,0.6058311560954188,Yes,High
4518,0.4313161987160129,1,1,1,0,0.398882,0.4799674868818328,Yes,High
4551,0.4184860492297566,1,1,1,0,0.42930624,0.4022557051352055,Yes,High
4552,0.4747575979613283,1,1,1,0,0.47098216,0.4804207039830633,Yes,High
4558,0.4291665479023838,1,1,1,0,0.45521998,0.3900863787729501,Yes,High
4561,0.413807891081947,1,1,1,0,0.42232025,0.4010393278578369,Yes,High
4574,0.4452344269217557,1,1,1,0,0.48208168,0.3899634854648279,Yes,High
4580,0.4961166864547259,1,1,1,0,0.54122317,0.4284569337748306,Yes,High
4582,0.4306880043160996,1,1,1,0,0.41502377,0.4541843275755846,Yes,High
4583,0.4760541111296236,1,1,1,0,0.5205621,0.4092920795246509,Yes,High
4585,0.4013863178400956,1,1,1,0,0.46492195,0.3060828080546763,Yes,High
4598,0.5442200391627097,1,1,1,1,0.5929824,0.4710764659287393,Yes,High
4609,0.4718668132588846,1,1,1,0,0.50202614,0.4266277625077919,Yes,High
4612,0.5182863776270801,1,1,1,1,0.62076414,0.3645697246949508,Yes,High
4619,0.5302699543443123,1,1,1,1,0.5096615,0.5611825827277699,Yes,High
4623,0.5126845320080178,1,1,1,1,0.5357332,0.4781114508744222,Yes,High
4633,0.6164141994791785,1,1,1,1,0.6297645,0.5963886782719592,Yes,Very High
4661,0.7946961736525721,1,1,1,1,0.8586343,0.6987889647100434,Yes,Very High
4665,0.6455621425674523,1,1,1,1,0.6975283,0.5676128726120204,Yes,Very High
4667,0.4369122149642704,1,1,1,0,0.42886516,0.4489827310284968,Yes,High
4670,0.4403263190817904,1,1,1,0,0.47089425,0.3944743820607841,Yes,High
4675,0.5287808203418024,1,1,1,1,0.5330231,0.5224173574941773,Yes,High
4677,0.4395348248056303,1,1,1,0,0.4252864,0.4609073989519802,Yes,High
4679,0.4093849074700608,1,1,1,0,0.4219825,0.3904885083087122,Yes,High
4680,0.4672300279237958,1,1,1,0,0.4842181,0.4417479187493853,Yes,High
4682,0.4216634216022618,1,1,1,0,0.4243286,0.4176656609058696,Yes,High
4683,0.4203283596291546,1,1,1,0,0.47226262,0.3424269229805479,Yes,High
4685,0.6048691756248814,1,1,1,1,0.610229,0.5968294011355296,Yes,Very High
4691,0.5495390144926445,1,1,1,1,0.6283202,0.4313671956315975,Yes,High
4698,0.4460920311252816,1,1,1,0,0.4306438,0.4692643675308782,Yes,High
4706,0.4247318268083525,1,1,1,0,0.44580474,0.3931224495825648,Yes,High
4709,0.4904368459052555,1,1,1,0,0.4794602,0.5069018003510218,Yes,High
4711,0.4366170124796548,1,1,1,0,0.40399316,0.4855527620979942,Yes,High
4717,0.4461941754423359,1,1,1,0,0.4637894,0.4198013334479876,Yes,High
4719,0.4044223931149933,1,1,1,0,0.37864077,0.4430947966169051,Yes,High
4730,0.513738523795189,1,1,1,1,0.53889406,0.476005178873692,Yes,High
4736,0.4163526933305849,1,1,1,0,0.38853985,0.4580719498081478,Yes,High
4742,0.4109012613331535,1,1,1,0,0.44285238,0.362974586495573,Yes,High
4747,0.471980568829962,1,1,1,0,0.4671047,0.4792943523918299,Yes,High
4755,0.51691241345953,1,1,1,1,0.57032233,0.4367974718945981,Yes,High
4765,0.5861169202564182,1,1,1,1,0.5651302,0.617596979796395,Yes,Very High
4766,0.5535170845235867,1,1,1,1,0.54362404,0.5683566163096534,Yes,Very High
4768,0.5132035612954771,1,1,1,1,0.51910037,0.5043583363031535,Yes,High
4792,0.4382217460946973,1,1,1,0,0.4203159,0.4650804981779894,Yes,High
4795,0.4223393725613741,1,1,1,0,0.43076542,0.4097002564022909,Yes,High
4796,0.5967604300405708,1,1,1,1,0.6517702,0.5142457984452762,Yes,Very High
4799,0.4132747261205193,1,1,1,0,0.42715955,0.3924474637902966,Yes,High
4807,0.4187781367255295,1,1,1,0,0.40052512,0.446157642591259,Yes,High
4825,0.4353991613568738,1,1,1,0,0.43091658,0.4421230072234756,Yes,High
4830,0.4329363665446522,1,1,1,0,0.4958444,0.3385742658041123,Yes,High
4837,0.4017211967152116,1,1,1,0,0.48893398,0.2709019614859813,Yes,High
4866,0.4106592829510365,1,1,1,0,0.44350782,0.3613864619247103,Yes,High
4867,0.4740230341353827,1,1,1,0,0.5083073,0.4225966084993912,Yes,High
4871,0.6111113848607024,1,1,1,1,0.58126885,0.6558751618664164,Yes,Very High
4872,0.6266986651098986,1,1,1,1,0.6477491,0.5951229291350294,Yes,Very High
4874,0.4393867012093324,1,1,1,0,0.46607998,0.3993467381174014,Yes,High
4881,0.4445750947468306,1,1,1,0,0.43739775,0.4553410996180836,Yes,High
4890,0.6079480389994307,1,1,1,1,0.6573383,0.5338625709816626,Yes,Very High
4895,0.405861076418059,1,1,1,0,0.41741446,0.3885310061362807,Yes,High
4896,0.4955850993262054,1,1,1,0,0.4973127,0.4929937061335449,Yes,High
4897,0.4770973739571083,1,1,1,0,0.40834266,0.5802294158803194,Yes,High
4898,0.4650056182619957,1,1,1,0,0.46261373,0.4685934184186229,Yes,High
4902,0.4284722307416951,1,1,1,0,0.44031966,0.4107010610632985,Yes,High
4926,0.5584022059823998,1,1,1,1,0.6544109,0.4143891371254939,Yes,Very High
4929,0.5194737803222464,1,1,1,1,0.52779365,0.5069939522151469,Yes,High
4931,0.4252560056299466,1,1,1,0,0.4242056,0.4268315973506615,Yes,High
4936,0.415222580681664,1,1,1,0,0.42792326,0.3961714989205754,Yes,High
4957,0.4702887266349014,1,1,1,0,0.51035535,0.4101887418506583,Yes,High
4970,0.4203068688671212,1,1,1,0,0.42127234,0.4188586213093053,Yes,High
4973,0.508486780885629,1,1,1,1,0.48782644,0.5394772523735268,Yes,High
4978,0.4008333919588139,1,1,1,0,0.4296762,0.3575691427149897,Yes,High
4979,0.4726835513148069,1,1,1,0,0.52217096,0.3984524369322656,Yes,High
4986,0.4041704412766803,1,1,1,0,0.40857777,0.3975594109466942,Yes,High
4987,0.5444032177587446,1,1,1,1,0.6386898,0.4029732756962617,Yes,High
4988,0.5581492185164292,1,1,1,1,0.55388606,0.5645439027669029,Yes,Very High
4989,0.4794686181034217,1,1,1,0,0.48120102,0.4768699513588273,Yes,High
4991,0.4216403461361666,1,1,1,0,0.44412085,0.3879195692302633,Yes,High
4995,0.5114412299398481,1,1,1,1,0.5490606,0.4550121703753618,Yes,High
4998,0.4547498649064319,1,1,1,0,0.4747382,0.4247673168042342,Yes,High
5003,0.5589293750245078,1,1,1,1,0.55495656,0.5648885449068506,Yes,Very High
5004,0.462752190430203,1,1,1,0,0.42708826,0.5162480403960718,Yes,High
5012,0.4210458853516108,1,1,1,0,0.4756495,0.3391404098950639,Yes,High
5014,0.4308007439606869,1,1,1,0,0.4507143,0.4009303650839834,Yes,High
5035,0.5432844599982131,1,1,1,1,0.5294581,0.5640239618470342,Yes,High
5036,0.5528025636836029,1,1,1,1,0.55664545,0.5470381701400224,Yes,Very High
5045,0.4337785474476292,1,1,1,0,0.45318517,0.4046685824833994,Yes,High
5056,0.4395248128550237,1,1,1,0,0.4360804,0.4446914378744824,Yes,High
5059,0.4369544428333224,1,1,1,0,0.50658315,0.3325113757810448,Yes,High
5065,0.474110836306241,1,1,1,0,0.46664783,0.4853053254858326,Yes,High
5066,0.5082115540570045,1,1,1,1,0.6239372,0.334623085872835,Yes,High
5067,0.5028036875181087,1,1,1,1,0.5702517,0.4016316042971333,Yes,High
5070,0.733983176945828,1,1,1,1,0.73852587,0.7271691113690102,Yes,Very High
5072,0.5194186919963845,1,1,1,1,0.49780703,0.5518361315221806,Yes,High
5077,0.5054396883609092,1,1,1,1,0.5299185,0.4687214384382457,Yes,High
5105,0.5013751618783182,1,1,1,1,0.47618142,0.5391657185357079,Yes,High
5115,0.4270606685614785,1,1,1,0,0.43762556,0.4112132760227223,Yes,High
5125,0.4894009070313591,1,1,1,0,0.5340001,0.4225021195204601,Yes,High
5131,0.4581975700647756,1,1,1,0,0.4541081,0.464331746645551,Yes,High
5133,0.5042140640933167,1,1,1,1,0.49612474,0.5163479989068833,Yes,High
5136,0.4190575393208401,1,1,1,0,0.39389062,0.4568078895828467,Yes,High
5138,0.462042989567433,1,1,1,0,0.48121464,0.4332854654280201,Yes,High
5144,0.5136676888209382,1,1,1,1,0.56030345,0.4437140029027558,Yes,High
5146,0.4795872406514659,1,1,1,0,0.43216634,0.550718564875964,Yes,High
5147,0.4035697854998065,1,1,1,0,0.41389742,0.3880783114439132,Yes,High
5150,0.6934016107155665,1,1,1,1,0.7047879,0.6763221469108721,Yes,Very High
5154,0.476657641225831,1,1,1,0,0.48219648,0.468349338307421,Yes,High
5166,0.5513585119554965,1,1,1,1,0.6433616,0.4133537931018987,Yes,Very High
5168,0.5607580327586519,1,1,1,1,0.6099878,0.4869133441637425,Yes,Very High
5170,0.4666614159536033,1,1,1,0,0.48665616,0.4366692713379038,Yes,High
5171,0.4008568184540536,1,1,1,0,0.41090503,0.3857844588572447,Yes,High
5177,0.4395919786300496,1,1,1,0,0.4688925,0.3956411149119922,Yes,High
5185,0.4583542449018828,1,1,1,0,0.48510206,0.418232481365768,Yes,High
5186,0.4357624859377879,1,1,1,0,0.4444631,0.4227114992253824,Yes,High
5191,0.4599052461812518,1,1,1,0,0.48525083,0.4218868396753129,Yes,High
5192,0.4639347778149845,1,1,1,0,0.47257388,0.4509761150649193,Yes,High
5193,0.4231141551117134,1,1,1,0,0.4313857,0.4107067842731954,Yes,High
5201,0.4600194004544043,1,1,1,0,0.5398872,0.3402177014371813,Yes,High
5203,0.5067359708014262,1,1,1,1,0.51879823,0.4886425788857371,Yes,High
5209,0.454780188586286,1,1,1,0,0.44559175,0.4685628349233948,Yes,High
5212,0.4386181683246839,1,1,1,0,0.4338553,0.4457624631386369,Yes,High
5214,0.4662850395815406,1,1,1,0,0.45856187,0.4778697828394259,Yes,High
5226,0.4384531443851845,1,1,1,0,0.46655166,0.396305338923548,Yes,High
5228,0.4247093042835663,1,1,1,0,0.38626847,0.4823705531917687,Yes,High
5230,0.4001362117561176,1,1,1,0,0.40897784,0.3868737673840112,Yes,High
5232,0.4372763735751813,1,1,1,0,0.43352133,0.4429088787984118,Yes,High
5240,0.4546788660081997,1,1,1,0,0.52074057,0.3555862673602439,Yes,High
5241,0.4610245221355568,1,1,1,0,0.51978356,0.3728859110422458,Yes,High
5255,0.4521417046267212,1,1,1,0,0.4540485,0.4492814900175781,Yes,High
5260,0.594456897507075,1,1,1,1,0.64550525,0.5178843099126308,Yes,Very High
5265,0.4068316185367783,1,1,1,0,0.38503096,0.4395325764747161,Yes,High
5268,0.6536437215388129,1,1,1,1,0.65005434,0.6590277557522827,Yes,Very High
5269,0.5037583684382256,1,1,1,1,0.495607,0.5159854082905789,Yes,High
5273,0.4229579527621026,1,1,1,0,0.4114082,0.4402825880658018,Yes,High
5278,0.4042066530194781,1,1,1,0,0.3637687,0.4648635650194936,Yes,High
5289,0.4154592029369653,1,1,1,0,0.3991607,0.4399069081040178,Yes,High
5300,0.4937493409272462,1,1,1,0,0.5182264,0.4570337150386049,Yes,High
5301,0.4306168591042053,1,1,1,0,0.46664166,0.3765796212006835,Yes,High
5307,0.5598365795593133,1,1,1,1,0.6125552,0.480758580560652,Yes,Very High
5313,0.4233255124942496,1,1,1,0,0.37082922,0.5020699369053133,Yes,High
5320,0.464747454742378,1,1,1,0,0.50654644,0.4020489653442948,Yes,High
5327,0.479539901744361,1,1,1,0,0.5158678,0.4250479507720353,Yes,High
5332,0.4547643653832146,1,1,1,0,0.43064412,0.490944681635069,Yes,High
5333,0.5160938349567927,1,1,1,1,0.52192026,0.5073541768399571,Yes,High
5346,0.4820751534349148,1,1,1,0,0.49435267,0.4636588659004432,Yes,High
5348,0.5979748944987613,1,1,1,1,0.6143641,0.5733910899732902,Yes,Very High
5351,0.4256740388621628,1,1,1,0,0.43138698,0.4171046310041694,Yes,High
5353,0.4280361820138422,1,1,1,0,0.47034833,0.3645679327043213,Yes,High
5356,0.7770043428559748,1,1,1,1,0.7645191,0.795732169305197,Yes,Very High
5359,0.4090699541956186,1,1,1,0,0.4077125,0.4111061216369272,Yes,High
5361,0.5048532799423647,1,1,1,1,0.4747348,0.5500309207888724,Yes,High
5363,0.4987441357385972,1,1,1,0,0.53248537,0.4481322458415873,Yes,High
5380,0.4183367931434919,1,1,1,0,0.39458704,0.4539614154868845,Yes,High
5391,0.5109327882104651,1,1,1,1,0.58015686,0.4070966317190566,Yes,High
5398,0.6120143972999017,1,1,1,1,0.5977745,0.6333741901234192,Yes,Very High
5408,0.5452070187413229,1,1,1,1,0.53276443,0.5638708797304665,Yes,High
5419,0.6192904075594359,1,1,1,1,0.65118426,0.5714496127296519,Yes,Very High
5427,0.431753187599054,1,1,1,0,0.36756763,0.5280315111633913,Yes,High
5435,0.4290477143868083,1,1,1,0,0.42122042,0.4407885936757611,Yes,High
5442,0.4811356912641166,1,1,1,0,0.4550257,0.5203006293844279,Yes,High
5467,0.4473851173832934,1,1,1,0,0.41058865,0.5025798081643683,Yes,High
5472,0.6138480533825046,1,1,1,1,0.6362832,0.5801952455606775,Yes,Very High
5473,0.4280662661776988,1,1,1,0,0.4103313,0.4546686947311085,Yes,High
5477,0.4513695166010126,1,1,1,0,0.42235073,0.4948976450906359,Yes,High
5481,0.4387576364929939,1,1,1,0,0.42493117,0.4594972936946812,Yes,High
5482,0.4621524920129892,1,1,1,0,0.45122662,0.4785412823319727,Yes,High
5493,0.4314563062955965,1,1,1,0,0.46197578,0.3856770910744938,Yes,High
5502,0.4275197635044081,1,1,1,0,0.4011187,0.4671213279042201,Yes,High
5505,0.4446125569387361,1,1,1,0,0.42625627,0.4721469289173894,Yes,High
5515,0.5534739613311025,1,1,1,1,0.54955155,0.5593575834672979,Yes,Very High
5518,0.454151091328003,1,1,1,0,0.47247988,0.4266578638323596,Yes,High
5528,0.4142719026736139,1,1,1,0,0.45926222,0.3467864087054429,Yes,High
5556,0.4118896798403605,1,1,1,0,0.40622178,0.4203915039975305,Yes,High
5558,0.5032954304173785,1,1,1,1,0.53920734,0.4494275373109175,Yes,High
5565,0.5098330088011078,1,1,1,1,0.5417262,0.4619932193437346,Yes,High
5580,0.4369213475297276,1,1,1,0,0.43137428,0.4452419016536036,Yes,High
5603,0.4677460227032186,1,1,1,0,0.4983159,0.4218911463071112,Yes,High
5610,0.4787010496180982,1,1,1,0,0.5347196,0.3946731848820375,Yes,High
5630,0.409730098643269,1,1,1,0,0.39511004,0.4316601703523742,Yes,High
5634,0.4946510452827486,1,1,1,0,0.478143,0.5194130437574468,Yes,High
5670,0.4934438957831649,1,1,1,0,0.5188551,0.4553270821922492,Yes,High
5671,0.5640293188191702,1,1,1,1,0.581185,0.5382957625630621,Yes,Very High
5701,0.4152739833985179,1,1,1,0,0.41146317,0.4209901867296323,Yes,High
5708,0.4126123732348977,1,1,1,0,0.41922158,0.4026985034397985,Yes,High
5709,0.4442565747206742,1,1,1,0,0.49746966,0.3644368817670481,Yes,High
5717,0.4237512500626917,1,1,1,0,0.4383476,0.4018567133801867,Yes,High
5725,0.4462114548348962,1,1,1,0,0.49430093,0.3740771799444106,Yes,High
5732,0.4695204835450934,1,1,1,0,0.5348957,0.3714575721115586,Yes,High
5734,0.5594953374668944,1,1,1,1,0.51010424,0.6335819702856212,Yes,Very High
5735,0.4427315285349979,1,1,1,0,0.41547334,0.4836187860730027,Yes,High
5743,0.4093600027648753,1,1,1,0,0.47419557,0.3121066373805567,Yes,High
5744,0.6075929141158793,1,1,1,1,0.5884225,0.6363485098170574,Yes,Very High
5761,0.42790078466039,1,1,1,0,0.43698514,0.4142742441321685,Yes,High
5770,0.4192357417863607,1,1,1,0,0.4312311,0.4012426875337957,Yes,High
5780,0.4799920855606252,1,1,1,0,0.4865257,0.4701915976019337,Yes,High
5787,0.4169072738438982,1,1,1,0,0.37683132,0.477021170444821,Yes,High
5788,0.6810720634034789,1,1,1,1,0.70156497,0.6503326623567731,Yes,Very High
5790,0.4654693385168046,1,1,1,0,0.44240522,0.5000654807200358,Yes,High
5791,0.5147873570053559,1,1,1,1,0.49380904,0.5462547663670734,Yes,High
5795,0.415380433951352,1,1,1,0,0.41343305,0.4183014873527834,Yes,High
5796,0.5117915281327235,1,1,1,1,0.60397536,0.3735157868940799,Yes,High
5813,0.4092676933636908,1,1,1,0,0.35991216,0.4833009829199921,Yes,High
5817,0.4127774561995662,1,1,1,0,0.4237812,0.3962718013809115,Yes,High
5818,0.4054126711283057,1,1,1,0,0.41548863,0.3902986947680336,Yes,High
5821,0.4291779724685025,1,1,1,0,0.43090904,0.4265813598850548,Yes,High
5823,0.6169889209119722,1,1,1,1,0.63071805,0.5963951938967518,Yes,Very High
5824,0.4562976060887609,1,1,1,0,0.4881866,0.4084640737822736,Yes,High
5828,0.5622037496019168,1,1,1,1,0.52778566,0.6138308708490836,Yes,Very High
5829,0.4143928195515538,1,1,1,0,0.40419555,0.4296887058713201,Yes,High
5831,0.4797085574954496,1,1,1,0,0.51727676,0.4233562329634394,Yes,High
5834,0.558181199084959,1,1,1,1,0.59797084,0.4984966731350658,Yes,Very High
5847,0.4194068209930502,1,1,1,0,0.38240755,0.4749057185163705,Yes,High
5852,0.4541552370285887,1,1,1,0,0.44642824,0.4657457037508236,Yes,High
5854,0.429332516413381,1,1,1,0,0.41074628,0.4572118615643438,Yes,High
5856,0.4663597636794689,1,1,1,0,0.4590313,0.4773524387120315,Yes,High
5859,0.6269268725759006,1,1,1,1,0.6690436,0.5637517656997384,Yes,Very High
5868,0.5088203636524271,1,1,1,1,0.5415769,0.4596854964189705,Yes,High
5877,0.4750267038833278,1,1,1,0,0.46178535,0.4948887403039081,Yes,High
5883,0.474324569875553,1,1,1,0,0.5235615,0.400469193296022,Yes,High
5892,0.5702743593835958,1,1,1,1,0.59548616,0.5324566523194633,Yes,Very High
5895,0.409672245734163,1,1,1,0,0.42339942,0.3890814268420832,Yes,High
5896,0.531637484085248,1,1,1,1,0.60142183,0.4269609457544637,Yes,High
5903,0.607167729790991,1,1,1,1,0.62200546,0.5849111305077508,Yes,Very High
5904,0.4543563339092948,1,1,1,0,0.46183488,0.4431384585744684,Yes,High
5906,0.4670485216844378,1,1,1,0,0.48735183,0.436593507346585,Yes,High
5913,0.4267601808157988,1,1,1,0,0.44566795,0.39839852359082,Yes,High
5915,0.4713099439149749,1,1,1,0,0.47235584,0.4697410362972944,Yes,High
5923,0.4594885126497784,1,1,1,0,0.45289353,0.4693809935814239,Yes,High
5924,0.6161755418410378,1,1,1,1,0.6824633,0.5167439072406486,Yes,Very High
5928,0.5325227934208883,1,1,1,1,0.61555225,0.4079785838940176,Yes,High
5934,0.4302043074843211,1,1,1,0,0.42159486,0.443118451654147,Yes,High
5940,0.5337651437503812,1,1,1,1,0.5897618,0.4497701093511573,Yes,High
5947,0.4268874662238813,1,1,1,0,0.46658647,0.3673389149503054,Yes,High
5949,0.5094510545535904,1,1,1,1,0.4846701,0.5466224824895516,Yes,High
5957,0.5064131212908642,1,1,1,1,0.5869821,0.3855596961276273,Yes,High
5964,0.442139534592469,1,1,1,0,0.47724706,0.3894782027598208,Yes,High
5966,0.408310183736068,1,1,1,0,0.42284262,0.3865114819317609,Yes,High
5972,0.5450624649052577,1,1,1,1,0.59469765,0.4706096212875734,Yes,High
5973,0.4172787977133282,1,1,1,0,0.42946237,0.399003404595973,Yes,High
5976,0.4116332633967943,1,1,1,0,0.38319978,0.4542834569205212,Yes,High
5983,0.7098045638253179,1,1,1,1,0.7224977,0.6907647825901424,Yes,Very High
5989,0.5249953805317779,1,1,1,1,0.5680422,0.4604250785982357,Yes,High
6022,0.4317966105438692,1,1,1,0,0.42996445,0.4345448319855884,Yes,High
6053,0.4215492063888731,1,1,1,0,0.4076769,0.4423576355300404,Yes,High
6060,0.4103458988019998,1,1,1,0,0.40065867,0.4248767389230863,Yes,High
6061,0.5787628300211078,1,1,1,1,0.5615043,0.6046506035380677,Yes,Very High
6064,0.4070976455850594,1,1,1,0,0.44587603,0.3489300061869604,Yes,High
6066,0.4201255995819051,1,1,1,0,0.42541626,0.4121895777158636,Yes,High
6071,0.4819698775513631,1,1,1,0,0.526679,0.4149061800796942,Yes,High
6073,0.5122033011088345,1,1,1,1,0.5413233,0.4685232667052678,Yes,High
6074,0.4561875679518476,1,1,1,0,0.48510823,0.4128065502707399,Yes,High
6078,0.4094909438019487,1,1,1,0,0.41482985,0.4014825469567112,Yes,High
6079,0.496848332462679,1,1,1,0,0.50465345,0.4851406504163409,Yes,High
6080,0.633429691413114,1,1,1,1,0.6799752,0.5636113514976441,Yes,Very High
6085,0.4724478755428937,1,1,1,0,0.43890092,0.5227682824021942,Yes,High
6092,0.5950584701730468,1,1,1,1,0.6391896,0.5288617293123548,Yes,Very High
6096,0.4207463229591773,1,1,1,0,0.4382358,0.3945121081906375,Yes,High
6097,0.4007565313380716,1,1,1,0,0.3836718,0.4263836353524917,Yes,High
6099,0.50299406180994,1,1,1,1,0.52500516,0.4699774118814936,Yes,High
6102,0.4118896793701211,1,1,1,0,0.50997,0.2647691397314171,Yes,High
6116,0.4123730775319638,1,1,1,0,0.41872948,0.4028384677080069,Yes,High
6122,0.4588456534492997,1,1,1,0,0.48448047,0.4203933683902093,Yes,High
6123,0.4239487077820108,1,1,1,0,0.45502788,0.3773298924237007,Yes,High
6125,0.5254518729212588,1,1,1,1,0.5560508,0.4795535012490318,Yes,High
6128,0.4635057512329686,1,1,1,0,0.46372873,0.4631712445136579,Yes,High
6143,0.4447393013846755,1,1,1,0,0.49301222,0.3723299239605366,Yes,High
6149,0.4722516894404813,1,1,1,0,0.5305754,0.3847661018532327,Yes,High
6155,0.6315221553065162,1,1,1,1,0.62755096,0.6374789190833222,Yes,Very High
6159,0.4033108838537133,1,1,1,0,0.4344639,0.3565813323206692,Yes,High
6162,0.4151047010019056,1,1,1,0,0.44285935,0.3734726803488115,Yes,High
6167,0.5027333103517228,1,1,1,1,0.5594725,0.4176244643577767,Yes,High
6172,0.4058701459057525,1,1,1,0,0.4444377,0.3480187961179504,Yes,High
6180,0.5833386736852112,1,1,1,1,0.60169744,0.5558004870370484,Yes,Very High
6182,0.4212205034420553,1,1,1,0,0.48729625,0.3221068337375083,Yes,High
6188,0.5157206668346805,1,1,1,1,0.5204712,0.5085948144122172,Yes,High
6191,0.4240812517252741,1,1,1,0,0.46732774,0.3592114540555026,Yes,High
6192,0.4691592770511175,1,1,1,0,0.52193564,0.3899946852759184,Yes,High
6196,0.4742280110198137,1,1,1,0,0.5248375,0.3983137420013241,Yes,High
6198,0.4590259901449336,1,1,1,0,0.44326985,0.4826601872258517,Yes,High
6199,0.5830593989814092,1,1,1,1,0.62531585,0.5196747150333646,Yes,Very High
6203,0.6580214477068194,1,1,1,1,0.68699276,0.6145644129529614,Yes,Very High
6205,0.4222549428540831,1,1,1,0,0.39419627,0.4643429269389227,Yes,High
6208,0.5136618671084576,1,1,1,1,0.5456805,0.4656338833930921,Yes,High
6217,0.4557068059627791,1,1,1,0,0.52534235,0.3512534523468663,Yes,High
6223,0.4043603149256124,1,1,1,0,0.42433542,0.3743976124130224,Yes,High
6225,0.4478900313922637,1,1,1,0,0.45753905,0.433416485922752,Yes,High
6239,0.5529016756981744,1,1,1,1,0.5818209,0.5095228314325544,Yes,Very High
6246,0.4658042584458026,1,1,1,0,0.4652185,0.4666828599073074,Yes,High
6250,0.4574352733579254,1,1,1,0,0.46976686,0.4389379005350113,Yes,High
6257,0.4903649292642501,1,1,1,0,0.49906042,0.477321645184017,Yes,High
6283,0.4428891914846741,1,1,1,0,0.42718354,0.4664476408964004,Yes,High
6287,0.4814613966657484,1,1,1,0,0.48956054,0.4693126451258274,Yes,High
6289,0.4075158877329418,1,1,1,0,0.40057448,0.4179279985915594,Yes,High
6307,0.4528104851615003,1,1,1,0,0.45097375,0.4555655742614397,Yes,High
6322,0.4217606506145596,1,1,1,0,0.37467182,0.4923938640446958,Yes,High
6329,0.4206058859921678,1,1,1,0,0.40166116,0.4490229562166296,Yes,High
6332,0.5354829288816709,1,1,1,1,0.5566901,0.503672176921432,Yes,High
6355,0.5675943474197924,1,1,1,1,0.58927274,0.5350767026902586,Yes,Very High
6364,0.4878711657062086,1,1,1,0,0.50192696,0.4667874317206224,Yes,High
6365,0.4345525757259422,1,1,1,0,0.48712385,0.3556956240997447,Yes,High
6383,0.5051106463491462,1,1,1,1,0.4984783,0.5150591459422167,Yes,High
6405,0.436658281282377,1,1,1,0,0.43996617,0.4316964452360863,Yes,High
6406,0.4013363775111368,1,1,1,0,0.3908859,0.4170121020319885,Yes,High
6412,0.4592419933980162,1,1,1,0,0.45235735,0.4695689111216503,Yes,High
6416,0.4026175856541372,1,1,1,0,0.3758217,0.4428113922354521,Yes,High
6417,0.4208736181110737,1,1,1,0,0.45744994,0.3660091161356861,Yes,High
6426,0.5015619776489838,1,1,1,1,0.5321544,0.4556733573085328,Yes,High
6433,0.5323727302669854,1,1,1,1,0.5332921,0.5309936088620054,Yes,High
6443,0.4016463739925644,1,1,1,0,0.43558875,0.3507327991858177,Yes,High
6446,0.4282151555591503,1,1,1,0,0.46426833,0.3741353987588682,Yes,High
6448,0.427413237349028,1,1,1,0,0.45027414,0.3931218690073357,Yes,High
6460,0.4203088158795375,1,1,1,0,0.44368577,0.3852433399431752,Yes,High
6469,0.4135993464225858,1,1,1,0,0.42271852,0.3999205786571725,Yes,High
6470,0.4609026503604256,1,1,1,0,0.50336015,0.3972163528307286,Yes,High
6475,0.4375244468580483,1,1,1,0,0.43668023,0.4387907162633536,Yes,High
6482,0.4359625670678095,1,1,1,0,0.5098698,0.3251016371862781,Yes,High
6483,0.5461393858702226,1,1,1,1,0.54934245,0.5413347397524225,Yes,High
6484,0.5460140583733475,1,1,1,1,0.56034106,0.5245235258886605,Yes,High
6486,0.4082936644838062,1,1,1,0,0.39702418,0.4251978547090805,Yes,High
6487,0.4927412118477762,1,1,1,0,0.51715606,0.456118917952761,Yes,High
6494,0.446114722847989,1,1,1,0,0.41963083,0.4858405241371462,Yes,High
6530,0.4970798834522785,1,1,1,0,0.4997985,0.4930019488831911,Yes,High
6532,0.4100991589325699,1,1,1,0,0.4364025,0.3706441329166375,Yes,High
6544,0.4161216148725318,1,1,1,0,0.4031359,0.4356001637854097,Yes,High
6545,0.5064557153243218,1,1,1,1,0.47213528,0.5579363451049709,Yes,High
6546,0.4088313489508826,1,1,1,0,0.40836108,0.4095367489636437,Yes,High
6573,0.4116418172912859,1,1,1,0,0.42918056,0.3853336994839368,Yes,High
6574,0.4627651065170436,1,1,1,0,0.50920534,0.3931047244816196,Yes,High
6577,0.5961888878342254,1,1,1,1,0.63403195,0.5394242328397293,Yes,Very High
6582,0.52512279071102,1,1,1,1,0.54740274,0.4917028525891267,Yes,High
6585,0.5856526161149563,1,1,1,1,0.6049017,0.5567789735683356,Yes,Very High
6590,0.4817957818356344,1,1,1,0,0.47986564,0.4846909492828421,Yes,High
6595,0.425646671333419,1,1,1,0,0.3755189,0.5008383310797481,Yes,High
6599,0.4626799760886835,1,1,1,0,0.4533772,0.4766341146401581,Yes,High
6601,0.5844518379209427,1,1,1,1,0.59660274,0.5662254581446418,Yes,Very High
6604,0.4278680684931941,1,1,1,0,0.43401873,0.4186420149524676,Yes,High
6605,0.45519555364106,1,1,1,0,0.4765897,0.4231042602174954,Yes,High
6608,0.5231649239356567,1,1,1,1,0.5329328,0.5085130680340652,Yes,High
6622,0.5174669965586269,1,1,1,1,0.50185835,0.5408799013697118,Yes,High
6627,0.4628848615048835,1,1,1,0,0.45614445,0.4729954607184999,Yes,High
6644,0.4103698418731131,1,1,1,0,0.43572494,0.3723371739672219,Yes,High
6659,0.5268634244456266,1,1,1,1,0.57999766,0.4471620134150918,Yes,High
6660,0.6179444216417154,1,1,1,1,0.6229336,0.6104605701384148,Yes,Very High
6662,0.4180471214737269,1,1,1,0,0.3904597,0.4594282590065829,Yes,High
6667,0.4553606818777138,1,1,1,0,0.44754428,0.4670852449193134,Yes,High
6669,0.4025481015898378,1,1,1,0,0.41646576,0.381671592706837,Yes,High
6678,0.4838423699391285,1,1,1,0,0.48838544,0.4770277366668978,Yes,High
6679,0.5523841152884327,1,1,1,1,0.53570855,0.5773974384610262,Yes,Very High
6680,0.4046934872474383,1,1,1,0,0.448702,0.3386806770180937,Yes,High
6683,0.5433419651927789,1,1,1,1,0.60410786,0.4521930980538923,Yes,High
6689,0.5357169452061783,1,1,1,1,0.5435572,0.523956478325161,Yes,High
6702,0.4672838154260478,1,1,1,0,0.4889255,0.4348212487558925,Yes,High
6707,0.4794690305015152,1,1,1,0,0.5064892,0.4389387354306144,Yes,High
6708,0.4813705631124639,1,1,1,0,0.53198934,0.4054424037604688,Yes,High
6715,0.48003376004241,1,1,1,0,0.48145202,0.4779063283687357,Yes,High
6720,0.638631921259893,1,1,1,1,0.66561127,0.5981628876138055,Yes,Very High
6722,0.427880196857744,1,1,1,0,0.4413166,0.4077255703218121,Yes,High
6723,0.6427455570462994,1,1,1,1,0.6939496,0.5659394776234162,Yes,Very High
6733,0.594577795244083,1,1,1,1,0.72430825,0.3999820500036708,Yes,Very High
6738,0.778727369757795,1,1,1,1,0.79551244,0.7535497527626746,Yes,Very High
6740,0.4834575897291701,1,1,1,0,0.5543366,0.3771390631386142,Yes,High
6747,0.4002199012677823,1,1,1,0,0.3514167,0.4734246777099753,Yes,High
6748,0.4115803825939735,1,1,1,0,0.38459346,0.4520607337566815,Yes,High
6749,0.4390716252980962,1,1,1,0,0.4007674,0.4965279619540609,Yes,High
6760,0.5931913536894539,1,1,1,1,0.6545998,0.5010786608130283,Yes,Very High
6770,0.4125562301164965,1,1,1,0,0.3833862,0.4563112534299742,Yes,High
6772,0.4990281733453921,1,1,1,0,0.5284575,0.4548840901704261,Yes,High
6774,0.4634660329252068,1,1,1,0,0.48233354,0.4351647560371915,Yes,High
6777,0.5122196801563137,1,1,1,1,0.5010255,0.5290109237184211,Yes,High
6779,0.4434040731584696,1,1,1,0,0.43755755,0.452173860469378,Yes,High
6784,0.7419876070158378,1,1,1,1,0.8346254,0.6030308235031108,Yes,Very High
6788,0.4513290794706888,1,1,1,0,0.458704,0.4402666469456123,Yes,High
6789,0.4208658784101692,1,1,1,0,0.44923702,0.3783091528888263,Yes,High
6800,0.4862193938888554,1,1,1,0,0.5027904,0.4613628677520762,Yes,High
6811,0.4249315708983618,1,1,1,0,0.43934196,0.4033159837396639,Yes,High
6815,0.4228223301346133,1,1,1,0,0.4978114,0.3103386703568276,Yes,High
6819,0.4601441660766605,1,1,1,0,0.45873117,0.4622636087846765,Yes,High
6831,0.5520868774325187,1,1,1,1,0.62298495,0.4457397451178568,Yes,Very High
6833,0.4219387671156995,1,1,1,0,0.37027058,0.499441040258674,Yes,High
6835,0.5119327898823012,1,1,1,1,0.57689846,0.4144842912760347,Yes,High
6850,0.4520697979500144,1,1,1,0,0.49520335,0.387369416249357,Yes,High
6857,0.5046276697027672,1,1,1,1,0.48317778,0.5368024727970334,Yes,High
6863,0.4486838680846626,1,1,1,0,0.43379423,0.47101828017412,Yes,High
6865,0.4522213168704965,1,1,1,0,0.47330427,0.4205968548269218,Yes,High
6867,0.452322843788411,1,1,1,0,0.47868216,0.4127838540036126,Yes,High
6871,0.6281760477556508,1,1,1,1,0.6473145,0.5994683115516409,Yes,Very High
6879,0.4739805469629191,1,1,1,0,0.49598616,0.4409720772795434,Yes,High
6892,0.4093555785720532,1,1,1,0,0.42302483,0.3888516817254285,Yes,High
6894,0.4381295895422025,1,1,1,0,0.43537077,0.442267769536506,Yes,High
6905,0.4694759993236976,1,1,1,0,0.44350594,0.5084310840769901,Yes,High
6906,0.4513095027905365,1,1,1,0,0.43588457,0.4744468646003952,Yes,High
6907,0.4800390843408703,1,1,1,0,0.4727226,0.491013810996562,Yes,High
6917,0.4491731394596523,1,1,1,0,0.45262307,0.4439982447196112,Yes,High
6920,0.6223263409834956,1,1,1,1,0.67222583,0.5474770732476946,Yes,Very High
6921,0.520304430825903,1,1,1,1,0.49820083,0.5534597965662531,Yes,High
6941,0.4412192280422831,1,1,1,0,0.41680372,0.4778424340812326,Yes,High
6943,0.4173549186891335,1,1,1,0,0.35351762,0.5131108491882728,Yes,High
6950,0.498515434396252,1,1,1,0,0.52454835,0.4594659987389667,Yes,High
6955,0.5261764841603622,1,1,1,1,0.51053065,0.5496452046750449,Yes,High
6959,0.4076667157837618,1,1,1,0,0.35659397,0.4842758248321384,Yes,High
6960,0.5415864802449131,1,1,1,1,0.54751486,0.532693916819787,Yes,High
6967,0.5283963338282571,1,1,1,1,0.5844995,0.4442416021592581,Yes,High
6992,0.4726499707958402,1,1,1,0,0.5220867,0.3984948474817728,Yes,High
6993,0.5789303718210677,1,1,1,1,0.6334778,0.4971092040840335,Yes,Very High
6997,0.4266567724015488,1,1,1,0,0.44433767,0.4001354170506633,Yes,High
7004,0.6456581363056235,1,1,1,1,0.66673636,0.6140407197113169,Yes,Very High
7005,0.4569628029368247,1,1,1,0,0.52731115,0.3514402581507774,Yes,High
7010,0.4321719056260777,1,1,1,0,0.41897357,0.451969416412759,Yes,High
7012,0.4235181254434528,1,1,1,0,0.42159957,0.4263959185004089,Yes,High
7016,0.4274838564522871,1,1,1,0,0.49243793,0.3300527477581821,Yes,High
7035,0.4078206686849282,1,1,1,0,0.39050275,0.4337975305008108,Yes,High
7056,0.4293607083575304,1,1,1,0,0.4667424,0.3732881465594906,Yes,High
7065,0.4080730904417727,1,1,1,0,0.39566535,0.4266846749378974,Yes,High
7068,0.5186729658367388,1,1,1,1,0.53579116,0.4929956616764645,Yes,High
7075,0.4248211915668916,1,1,1,0,0.45242983,0.3834082025729297,Yes,High
7087,0.4554717617260947,1,1,1,0,0.44512728,0.4709884715645349,Yes,High
7090,0.5268835472420554,1,1,1,1,0.5651714,0.4694517074415339,Yes,High
7093,0.5357505918105413,1,1,1,1,0.5500485,0.5143037290771727,Yes,High
7097,0.452147700866177,1,1,1,0,0.52323383,0.3455184610687552,Yes,High
7106,0.4158252276659779,1,1,1,0,0.40708104,0.4289414976241122,Yes,High
7113,0.4599632566576571,1,1,1,0,0.45731336,0.46393810346856,Yes,High
7117,0.6792768296571865,1,1,1,1,0.6957672,0.6545411936869956,Yes,Very High
7130,0.4360149766635263,1,1,1,0,0.43277073,0.4408813182590812,Yes,High
7132,0.4493231342830319,1,1,1,0,0.3955524,0.5299792107438194,Yes,High
7134,0.4007122329592597,1,1,1,0,0.4298913,0.3569436350762576,Yes,High
7140,0.4079947207284196,1,1,1,0,0.40801442,0.4079651544273456,Yes,High
7143,0.6355445405465258,1,1,1,1,0.68608344,0.5597361228421063,Yes,Very High
7154,0.5493544587590742,1,1,1,1,0.6180174,0.4463600240892288,Yes,High
7163,0.4325778732492673,1,1,1,0,0.46959177,0.3770570332294075,Yes,High
7170,0.4449296863606933,1,1,1,0,0.4388181,0.4540970106252441,Yes,High
7181,0.4244804894476874,1,1,1,0,0.41909906,0.4325525997950991,Yes,High
7195,0.4495744508614953,1,1,1,0,0.46999973,0.4189364865697462,Yes,High
7202,0.4272729822114988,1,1,1,0,0.4650194,0.3706532885918724,Yes,High
7203,0.441292873906842,1,1,1,0,0.4429105,0.4388664461368101,Yes,High
7208,0.4520429681806138,1,1,1,0,0.44117156,0.4683500555824168,Yes,High
7210,0.4303904508355199,1,1,1,0,0.41602302,0.4519415733225493,Yes,High
7214,0.4078009291017777,1,1,1,0,0.39895386,0.4210715029450074,Yes,High
7219,0.4066666052188082,1,1,1,0,0.39114594,0.4299475589011123,Yes,High
7222,0.4788453413297301,1,1,1,0,0.50224495,0.4437458846096112,Yes,High
7224,0.4028195341104255,1,1,1,0,0.39769742,0.4105026770815217,Yes,High
7228,0.5150102332112918,1,1,1,1,0.51625943,0.5131363756651007,Yes,High
7232,0.4095246428298933,1,1,1,0,0.42609704,0.3846660092592197,Yes,High
7242,0.4132323814231919,1,1,1,0,0.4409295,0.3716866554813501,Yes,High
7248,0.630417214389234,1,1,1,1,0.57958406,0.7066668981204163,Yes,Very High
7251,0.4283820272968788,1,1,1,0,0.4571887,0.3851719651337909,Yes,High
7253,0.6718821048883963,1,1,1,1,0.6843847,0.6531281322609306,Yes,Very High
7260,0.5680201955153283,1,1,1,1,0.5612813,0.5781284738366148,Yes,Very High
7264,0.4224543689058161,1,1,1,0,0.464384,0.3595599081034302,Yes,High
7265,0.5110107950795735,1,1,1,1,0.5563669,0.442976577189824,Yes,High
7269,0.5898635297945835,1,1,1,1,0.6235953,0.5392658486792686,Yes,Very High
7271,0.4735167142627757,1,1,1,0,0.43223643,0.5354371212120159,Yes,High
7275,0.4078935715951951,1,1,1,0,0.4070206,0.4092029937601168,Yes,High
7276,0.4780943392694375,1,1,1,0,0.49856278,0.4473916438669912,Yes,High
7283,0.4975126194680141,1,1,1,0,0.49596545,0.4998333274633702,Yes,High
7284,0.461575709175246,1,1,1,0,0.4546045,0.4720324833968705,Yes,High
7288,0.4070182882973295,1,1,1,0,0.47207445,0.3094340471498027,Yes,High
7296,0.4626350981973045,1,1,1,0,0.47857714,0.4387219952996654,Yes,High
7301,0.4626803888944647,1,1,1,0,0.5081159,0.3945271407733016,Yes,High
7305,0.4909688041921324,1,1,1,0,0.5124603,0.4587315286983714,Yes,High
7320,0.4788294105579745,1,1,1,0,0.4723046,0.4886165928965539,Yes,High
7323,0.4327612611063069,1,1,1,0,0.50920314,0.3180983892102407,Yes,High
7326,0.5558889936609401,1,1,1,1,0.60088325,0.4883975861478186,Yes,Very High
7334,0.4003721420636133,1,1,1,0,0.42191473,0.3680582207119355,Yes,High
7341,0.440243905907392,1,1,1,0,0.47036722,0.3950589302319275,Yes,High
7351,0.4428041183661064,1,1,1,0,0.48017862,0.3867423295256101,Yes,High
7352,0.4572646100801616,1,1,1,0,0.45866957,0.4551571059928311,Yes,High
7353,0.481958149944337,1,1,1,0,0.46351278,0.509626192536433,Yes,High
7355,0.4528757659334653,1,1,1,0,0.4606745,0.441177643273948,Yes,High
7356,0.4642361939144068,1,1,1,0,0.49024537,0.4252224267005754,Yes,High
7366,0.4997596820354041,1,1,1,0,0.5285873,0.4565182527302643,Yes,High
7372,0.4356209119943728,1,1,1,0,0.43553242,0.4357536337743078,Yes,High
7377,0.481661492873856,1,1,1,0,0.4846366,0.477198795203439,Yes,High
7378,0.4239737552596885,1,1,1,0,0.39587152,0.4661271006350115,Yes,High
7380,0.4335527466257713,1,1,1,0,0.4179107,0.4570157941481229,Yes,High
7382,0.5676531577451536,1,1,1,1,0.5540499,0.5880580306906273,Yes,Very High
7385,0.6110888229218542,1,1,1,1,0.6448672,0.5604212250330595,Yes,Very High
7392,0.4561906758926815,1,1,1,0,0.44788536,0.4686485985871418,Yes,High
7393,0.4209809658766092,1,1,1,0,0.42709497,0.4118099207282816,Yes,High
7400,0.5296945419076592,1,1,1,1,0.5585591,0.486397630513586,Yes,High
7401,0.5293014857230662,1,1,1,1,0.5677437,0.471638121470332,Yes,High
7410,0.4921790977048492,1,1,1,0,0.5288232,0.4372128893255233,Yes,High
7412,0.4304075871939323,1,1,1,0,0.39311594,0.4863450390683764,Yes,High
7423,0.5320984139905978,1,1,1,1,0.5551641,0.497499857064736,Yes,High
7434,0.4050124312747253,1,1,1,0,0.38841558,0.4299077081950339,Yes,High
7438,0.4334167665698537,1,1,1,0,0.435051,0.430965380484464,Yes,High
7439,0.4098012547753393,1,1,1,0,0.3992754,0.4255900410468726,Yes,High
7440,0.4399470825407522,1,1,1,0,0.38907954,0.5162483799988075,Yes,High
7448,0.5037297916652501,1,1,1,1,0.53204817,0.4612521857623607,Yes,High
7453,0.5975436383766177,1,1,1,1,0.58406895,0.6177556053504951,Yes,Very High
7454,0.541105907468793,1,1,1,1,0.53979963,0.5430653227090766,Yes,High
7459,0.4499341575655849,1,1,1,0,0.46080902,0.4336218606316823,Yes,High
7468,0.5824850379471047,1,1,1,1,0.5656405,0.6077518013725834,Yes,Very High
7473,0.4278266188848275,1,1,1,0,0.38319185,0.4947787293166563,Yes,High
7475,0.4667415614864549,1,1,1,0,0.5086139,0.4039330770426296,Yes,High
7479,0.4978388595528754,1,1,1,0,0.4911811,0.5078254759180926,Yes,High
7485,0.4085656215192533,1,1,1,0,0.43067968,0.3753944758180919,Yes,High
7486,0.4220229697695078,1,1,1,0,0.431545,0.4077398807979379,Yes,High
7488,0.4082560866823538,1,1,1,0,0.36644176,0.4709775447226425,Yes,High
7490,0.5974071110022419,1,1,1,1,0.6512698,0.5166130723387881,Yes,Very High
7501,0.408416521931641,1,1,1,0,0.4112033,0.404236347439271,Yes,High
7509,0.4167593350282513,1,1,1,0,0.4088279,0.4286564713396635,Yes,High
7511,0.5625194651122772,1,1,1,1,0.5460485,0.5872258648862152,Yes,Very High
7516,0.5280480273824351,1,1,1,1,0.52645034,0.5304445048822503,Yes,High
7517,0.530465010004623,1,1,1,1,0.5634476,0.4809910883441152,Yes,High
7521,0.4004172814733459,1,1,1,0,0.41567034,0.3775376783923987,Yes,High
7522,0.5098391307262359,1,1,1,1,0.5105398,0.5087880375156248,Yes,High
7525,0.5125250959799752,1,1,1,1,0.534222,0.4799796999509297,Yes,High
7526,0.7672349280397897,1,1,1,1,0.7224727,0.8343781695467246,Yes,Very High
7531,0.5133573993135448,1,1,1,1,0.57254654,0.4245736410441388,Yes,High
7532,0.752501258500485,1,1,1,1,0.7375562,0.7749187430939782,Yes,Very High
7541,0.4939781570563845,1,1,1,0,0.4717683,0.5272928983296286,Yes,High
7548,0.4201810829900697,1,1,1,0,0.4440933,0.3843127620873339,Yes,High
7567,0.5948295327875441,1,1,1,1,0.5616562,0.6445895216995046,Yes,Very High
7570,0.5709109648923891,1,1,1,1,0.5891767,0.543512340600495,Yes,Very High
7572,0.5137435114941206,1,1,1,1,0.50239533,0.5307657809459185,Yes,High
7577,0.5341464570116052,1,1,1,1,0.58747655,0.4541512556252501,Yes,High
7583,0.4764502830499471,1,1,1,0,0.52009857,0.4109777975067646,Yes,High
7585,0.4340849570663356,1,1,1,0,0.4943694,0.3436582665223834,Yes,High
7587,0.5355994760787783,1,1,1,1,0.5464116,0.5193813293666389,Yes,High
7590,0.4220914772785634,1,1,1,0,0.4289648,0.4117815026732608,Yes,High
7606,0.4099819921747698,1,1,1,0,0.39872396,0.4268690107504164,Yes,High
7609,0.4883342565172813,1,1,1,0,0.5331189,0.4211572262331599,Yes,High
7610,0.4016417061210531,1,1,1,0,0.40550128,0.3958523136677487,Yes,High
7619,0.4171186310039289,1,1,1,0,0.4381049,0.3856392011012453,Yes,High
7631,0.5377976977952874,1,1,1,1,0.5591389,0.5057858884653836,Yes,High
7632,0.5296951318773236,1,1,1,1,0.54230696,0.5107773306450761,Yes,High
7636,0.5656432429332505,1,1,1,1,0.5909021,0.5277549275206949,Yes,Very High
7643,0.5661474073907833,1,1,1,1,0.60408527,0.5092406036906195,Yes,Very High
7644,0.4440096312522726,1,1,1,0,0.4534098,0.4299093767404152,Yes,High
7647,0.4018066328241529,1,1,1,0,0.4167979,0.3793196632152056,Yes,High
7648,0.5102263658085241,1,1,1,1,0.521587,0.493185363421533,Yes,High
7652,0.4697333877143046,1,1,1,0,0.51563394,0.4008825135372034,Yes,High
7654,0.4039437603188825,1,1,1,0,0.405384,0.4017833573702158,Yes,High
7657,0.4666306081544101,1,1,1,0,0.47376445,0.4559297867444008,Yes,High
7661,0.4022083702228424,1,1,1,0,0.4022583,0.4021334579939535,Yes,High
7670,0.4285520870217393,1,1,1,0,0.41099796,0.4548832671663935,Yes,High
7673,0.4153989094373271,1,1,1,0,0.44517183,0.3707395091346614,Yes,High
7674,0.5495475466927884,1,1,1,1,0.56790674,0.5220087458394463,Yes,High
7677,0.4403746205049823,1,1,1,0,0.445654,0.43245548443945,Yes,High
7683,0.6236647182340573,1,1,1,1,0.71494156,0.4867494388508676,Yes,Very High
7690,0.5713936286536805,1,1,1,1,0.50443554,0.6718307478646316,Yes,Very High
7694,0.4338674241015839,1,1,1,0,0.44285598,0.4203845544928132,Yes,High
7696,0.4391377972967519,1,1,1,0,0.4381882,0.4405621705966924,Yes,High
7698,0.5008633126203202,1,1,1,1,0.527624,0.4607222202877162,Yes,High
7702,0.6186343110960799,1,1,1,1,0.6670184,0.5460581127211646,Yes,Very High
7705,0.4056906915142481,1,1,1,0,0.41502556,0.3916883633619409,Yes,High
7708,0.5180837450552065,1,1,1,1,0.5868873,0.4148784126162723,Yes,High
7709,0.492682615696298,1,1,1,0,0.5664867,0.3819764648350747,Yes,High
7710,0.4373812267033222,1,1,1,0,0.43316758,0.4437016419688769,Yes,High
7725,0.4518831277582709,1,1,1,0,0.45828304,0.4422832043701568,Yes,High
7731,0.4165978783293188,1,1,1,0,0.46009433,0.3513531520773024,Yes,High
7734,0.688589999425415,1,1,1,1,0.67203414,0.7134237372577286,Yes,Very High
7738,0.6732041699701852,1,1,1,1,0.7115149,0.6157380747333929,Yes,Very High
7743,0.4168692355338957,1,1,1,0,0.44795588,0.3702392739515071,Yes,High
7749,0.4998922468352883,1,1,1,0,0.5354456,0.4465622010649663,Yes,High
7754,0.4092471028529094,1,1,1,0,0.38281736,0.448891713013869,Yes,High
7759,0.48954766422459,1,1,1,0,0.5516487,0.3963961310671895,Yes,High
7763,0.5346317924307984,1,1,1,1,0.55443585,0.5049257072923584,Yes,High
7766,0.7963598179807717,1,1,1,1,0.8258911,0.7520628988719121,Yes,Very High
7770,0.5407612501026715,1,1,1,1,0.5988772,0.4535872932378263,Yes,High
7772,0.6132578899172834,1,1,1,1,0.6936624,0.49265110237099,Yes,Very High
7773,0.4671453113001834,1,1,1,0,0.4674658,0.4666645513579872,Yes,High
7777,0.4277176292280313,1,1,1,0,0.39062706,0.4833534810791306,Yes,High
7781,0.5845224608363139,1,1,1,1,0.64412147,0.495123875484225,Yes,Very High
7784,0.4663680786072477,1,1,1,0,0.5596832,0.3263953313676675,Yes,High
7789,0.4583918137500715,1,1,1,0,0.53383857,0.3452216791982531,Yes,High
7799,0.6500334045224059,1,1,1,1,0.62957203,0.6807254008781582,Yes,Very High
7801,0.4141907614710668,1,1,1,0,0.40988958,0.4206425130970128,Yes,High
7809,0.4623529168565784,1,1,1,0,0.4837038,0.430326574196347,Yes,High
7822,0.4436618358395662,1,1,1,0,0.44040242,0.4485509471352313,Yes,High
7826,0.54580214104532,1,1,1,1,0.5545255,0.5327170958488882,Yes,High
7828,0.4766662873866019,1,1,1,0,0.45803946,0.5046064799134574,Yes,High
7836,0.4256808337450125,1,1,1,0,0.42641255,0.4245832256675009,Yes,High
7837,0.4561360563766409,1,1,1,0,0.47736058,0.4242992614536108,Yes,High
7838,0.4536390088268346,1,1,1,0,0.42960492,0.4896901007166073,Yes,High
7843,0.4217277163268432,1,1,1,0,0.44481182,0.3871015444401169,Yes,High
7845,0.4016442537180469,1,1,1,0,0.39395165,0.4131831451932304,Yes,High
7860,0.4732909749251746,1,1,1,0,0.4773193,0.4672484721497056,Yes,High
7870,0.4440930399213413,1,1,1,0,0.512131,0.3420360915149699,Yes,High
7874,0.462461453037596,1,1,1,0,0.48871005,0.4230885489710574,Yes,High
7876,0.4503306429386676,1,1,1,0,0.46424726,0.4294557076693923,Yes,High
7878,0.4331334395680392,1,1,1,0,0.44473124,0.4157367009603888,Yes,High
7880,0.4274088249805849,1,1,1,0,0.4072234,0.4576869200178191,Yes,High
7885,0.4718357959577154,1,1,1,0,0.47384775,0.4688178100160537,Yes,High
7888,0.4485772155879123,1,1,1,0,0.46366045,0.4259523508842247,Yes,High
7889,0.4440601249666697,1,1,1,0,0.47677043,0.3949946364094035,Yes,High
7892,0.4582309509477713,1,1,1,0,0.41985738,0.5157912734055764,Yes,High
7898,0.477782148724804,1,1,1,0,0.49241826,0.4558279827386381,Yes,High
7899,0.5720372705225651,1,1,1,1,0.62661415,0.4901718866240246,Yes,Very High
7904,0.505256517688615,1,1,1,1,0.5463861,0.4435620803638867,Yes,High
7908,0.4808229445367976,1,1,1,0,0.4995861,0.4526781884208132,Yes,High
7923,0.4244202993995963,1,1,1,0,0.4217513,0.4284238126593378,Yes,High
7927,0.5387700437942731,1,1,1,1,0.56031394,0.5064541696110337,Yes,High
7930,0.5846346665132266,1,1,1,1,0.5290764,0.6679720552534415,Yes,Very High
7933,0.7647711733377858,1,1,1,1,0.7593781,0.7728607454391527,Yes,Very High
7942,0.4184874153330835,1,1,1,0,0.36628208,0.4967954025156579,Yes,High
7954,0.5333545066104274,1,1,1,1,0.5754292,0.4702424648369205,Yes,High
7967,0.70325685152382,1,1,1,1,0.6724634,0.7494469883285548,Yes,Very High
7968,0.4780275487975469,1,1,1,0,0.46428537,0.4986407518576064,Yes,High
7973,0.4081738910404441,1,1,1,0,0.4576549,0.3339523875036828,Yes,High
7982,0.4031304089370545,1,1,1,0,0.42584628,0.3690566043414613,Yes,High
7985,0.4112867565630868,1,1,1,0,0.39335516,0.4381841425297147,Yes,High
7991,0.4095843923793095,1,1,1,0,0.4106064,0.4080513225758716,Yes,High
7995,0.5899380732962354,1,1,1,1,0.70915264,0.4111161801688034,Yes,Very High
7996,0.4026249923727417,1,1,1,0,0.4204264,0.3759228384548186,Yes,High
7997,0.4031301537197833,1,1,1,0,0.4139968,0.3868301831290138,Yes,High
8000,0.6018093315042919,1,1,1,1,0.6878832,0.4726984568630323,Yes,Very High
8007,0.6121746254387264,1,1,1,1,0.6273952,0.5893436701155614,Yes,Very High
8012,0.6249797395018878,1,1,1,1,0.71640086,0.4878480114410674,Yes,Very High
8018,0.434731365426132,1,1,1,0,0.41536286,0.4637840792133134,Yes,High
8023,0.5966390230749188,1,1,1,1,0.60458165,0.5847250318761016,Yes,Very High
8028,0.5024537835148183,1,1,1,1,0.5772065,0.3903246903487063,Yes,High
8031,0.4036989683899398,1,1,1,0,0.47348058,0.2990264880143394,Yes,High
8038,0.4142270437922416,1,1,1,0,0.35932985,0.4965728278076495,Yes,High
8040,0.5127075892393199,1,1,1,1,0.50411963,0.5255895062546947,Yes,High
8046,0.4008110652028276,1,1,1,0,0.4652789,0.3041092777398114,Yes,High
8055,0.4171553977991933,1,1,1,0,0.46096846,0.3514357975785421,Yes,High
8057,0.4706054670054915,1,1,1,0,0.45933083,0.4875174270170933,Yes,High
8062,0.5159153085567327,1,1,1,1,0.51223505,0.5214356734399428,Yes,High
8065,0.4438894106555497,1,1,1,0,0.4850611,0.3821318630398602,Yes,High
8075,0.4617609320055557,1,1,1,0,0.45188573,0.4765736902681769,Yes,High
8077,0.4264604407062732,1,1,1,0,0.39178672,0.4784709854698684,Yes,High
8081,0.4063948388115541,1,1,1,0,0.43141282,0.3688678133527378,Yes,High
8097,0.4664816119894455,1,1,1,0,0.5014405,0.4140431827865714,Yes,High
8098,0.4056864019479331,1,1,1,0,0.43067384,0.3682052185748956,Yes,High
8103,0.4164849572228567,1,1,1,0,0.3892196,0.4573829603312354,Yes,High
8108,0.4159358891638266,1,1,1,0,0.4469862,0.3693604103704658,Yes,High
8109,0.5059097204151193,1,1,1,1,0.53090024,0.4684239113187886,Yes,High
8111,0.4305389746897207,1,1,1,0,0.4422226,0.4130135290008749,Yes,High
8113,0.5574434730355561,1,1,1,1,0.5650494,0.546034508184746,Yes,Very High
8115,0.5065832086777267,1,1,1,1,0.5167125,0.4913892468749426,Yes,High
8126,0.4306306938072137,1,1,1,0,0.44087842,0.415259102915747,Yes,High
8129,0.402899738311897,1,1,1,0,0.42778334,0.3655742758515734,Yes,High
8134,0.4311429814055478,1,1,1,0,0.44301942,0.4133283236510843,Yes,High
8135,0.5247541561985137,1,1,1,1,0.55672586,0.4767966010332412,Yes,High
8136,0.4099196743313443,1,1,1,0,0.3962957,0.4303556187311738,Yes,High
8137,0.4332677998175177,1,1,1,0,0.45342287,0.403035128620752,Yes,High
8140,0.4103440185660896,1,1,1,0,0.37231928,0.4673811024116419,Yes,High
8141,0.4845971216602008,1,1,1,0,0.53076464,0.4153458152817888,Yes,High
8151,0.402346171953238,1,1,1,0,0.34325323,0.4909855698991739,Yes,High
8157,0.5511593585965823,1,1,1,1,0.5810942,0.5062570586199042,Yes,Very High
8158,0.4356613194039452,1,1,1,0,0.3748171,0.5269276065357001,Yes,High
8179,0.463768631562152,1,1,1,0,0.4639623,0.4634781190369489,Yes,High
8180,0.4883809676894386,1,1,1,0,0.5463568,0.4014171637914677,Yes,High
8185,0.5384768886249675,1,1,1,1,0.5524397,0.517532687108073,Yes,High
8211,0.5068578215723206,1,1,1,1,0.51695824,0.4917071988892976,Yes,High
8216,0.4793192619258049,1,1,1,0,0.4608587,0.507010041220457,Yes,High
8217,0.5190309262715679,1,1,1,1,0.52224565,0.5142088175919904,Yes,High
8228,0.4776426612019205,1,1,1,0,0.46279362,0.4999161657392145,Yes,High
8229,0.5300037927588126,1,1,1,1,0.52581847,0.5362817811867349,Yes,High
8231,0.4828561820835849,1,1,1,0,0.46340877,0.5120272880422524,Yes,High
8232,0.5716183076547549,1,1,1,1,0.5368316,0.6237983431038671,Yes,Very High
8234,0.425161905620516,1,1,1,0,0.42779583,0.4212109931658225,Yes,High
8236,0.6009812901175325,1,1,1,1,0.5649032,0.6550983959824604,Yes,Very High
8241,0.427898084405228,1,1,1,0,0.36005643,0.5296605584103974,Yes,High
8248,0.4370682033752288,1,1,1,0,0.43056127,0.4468285522994611,Yes,High
8250,0.431604130206538,1,1,1,0,0.4613197,0.3870307235370893,Yes,High
8253,0.4987800089116528,1,1,1,0,0.5054656,0.4887515225995666,Yes,High
8254,0.4032100095275416,1,1,1,0,0.4319261,0.3601358716496264,Yes,High
8257,0.6074991733713201,1,1,1,1,0.67234665,0.5102278815913327,Yes,Very High
8259,0.5314647425218146,1,1,1,1,0.5272245,0.5378251197446687,Yes,High
8281,0.4130875091313565,1,1,1,0,0.4140315,0.4116714920995741,Yes,High
8286,0.4440118807416806,1,1,1,0,0.4404597,0.4493401541962349,Yes,High
8292,0.4840639228282253,1,1,1,0,0.43606353,0.5560644702757102,Yes,High
8294,0.5394853481087056,1,1,1,1,0.56800586,0.4967045357905248,Yes,High
8299,0.4614547071278524,1,1,1,0,0.4499317,0.4787391864807486,Yes,High
8300,0.5477537102262975,1,1,1,1,0.56964433,0.5149177180629972,Yes,High
8302,0.5625724280984503,1,1,1,1,0.58449423,0.529689660944368,Yes,Very High
8305,0.4398546856639859,1,1,1,0,0.4588694,0.4113325580949774,Yes,High
8307,0.4037893302974282,1,1,1,0,0.37038654,0.4538934771560575,Yes,High
8308,0.4025292334263618,1,1,1,0,0.43828246,0.3488993489009874,Yes,High
8309,0.4339595080236436,1,1,1,0,0.3776111,0.5184820892462734,Yes,High
8311,0.4153336680856996,1,1,1,0,0.39258283,0.4494599121132626,Yes,High
8318,0.4626850639043163,1,1,1,0,0.46102506,0.4651750262225445,Yes,High
8322,0.4390421922757704,1,1,1,0,0.41542533,0.4744674552864033,Yes,High
8333,0.4724686754314556,1,1,1,0,0.40170968,0.5786071376424169,Yes,High
8334,0.4703062547095237,1,1,1,0,0.5284198,0.3831359179932916,Yes,High
8338,0.5694014292085551,1,1,1,1,0.6102943,0.5080621344656703,Yes,Very High
8340,0.476328544427603,1,1,1,0,0.49226215,0.4524280692379909,Yes,High
8345,0.5188964817647725,1,1,1,1,0.53702945,0.491697021753736,Yes,High
8352,0.4020532370360273,1,1,1,0,0.4322194,0.3568039836365924,Yes,High
8354,0.467292576593842,1,1,1,0,0.42275178,0.5341037351953137,Yes,High
8358,0.4490873181224196,1,1,1,0,0.48882964,0.3894738017023426,Yes,High
8360,0.7233727771268891,1,1,1,1,0.74632174,0.6889492765631791,Yes,Very High
8368,0.5393262853189362,1,1,1,1,0.5918629,0.4605212931742403,Yes,High
8374,0.4807905870020026,1,1,1,0,0.5300075,0.4069652451424882,Yes,High
8376,0.4852623680528928,1,1,1,0,0.49442416,0.4715196140847924,Yes,High
8382,0.4345283476432282,1,1,1,0,0.46894783,0.3828991124828949,Yes,High
8384,0.4250926378189115,1,1,1,0,0.40999603,0.4477375380244325,Yes,High
8385,0.4664709398214232,1,1,1,0,0.49332276,0.4261932097534861,Yes,High
8387,0.4535914490863418,1,1,1,0,0.4225285,0.5001858200243949,Yes,High
8395,0.4159098561184778,1,1,1,0,0.44711208,0.3691064555389619,Yes,High
8399,0.5481351712233766,1,1,1,1,0.56102014,0.5288076646345219,Yes,High
8408,0.4244654424442422,1,1,1,0,0.4270978,0.4205168653164237,Yes,High
8413,0.514558512647304,1,1,1,1,0.5819683,0.4134437905732619,Yes,High
8415,0.4084857653506216,1,1,1,0,0.42988837,0.3763818618972145,Yes,High
8421,0.4194400187274648,1,1,1,0,0.37806398,0.4815040593199018,Yes,High
8426,0.4351723915357646,1,1,1,0,0.42391893,0.4520525351214549,Yes,High
8427,0.4006743123641004,1,1,1,0,0.39887694,0.4033703705942605,Yes,High
8437,0.4526127451436259,1,1,1,0,0.4754038,0.4184261395972315,Yes,High
8442,0.4455421988285198,1,1,1,0,0.5078267,0.3521154384107923,Yes,High
8466,0.4047074463723656,1,1,1,0,0.42151225,0.379500202029585,Yes,High
8476,0.4309874326049153,1,1,1,0,0.43261936,0.428539477303342,Yes,High
8483,0.492161014594138,1,1,1,0,0.5177091,0.4538388771750041,Yes,High
8486,0.4989164368276688,1,1,1,0,0.5183997,0.469691504032635,Yes,High
8487,0.4627079346212355,1,1,1,0,0.5288745,0.3634580171189229,Yes,High
8493,0.4255412036794419,1,1,1,0,0.4313146,0.4168810980066644,Yes,High
8505,0.4007953475854549,1,1,1,0,0.37481746,0.4397621554488324,Yes,High
8506,0.4390120321689246,1,1,1,0,0.47046188,0.3918372378195817,Yes,High
8514,0.5622434754588752,1,1,1,1,0.5700603,0.5505182195252551,Yes,Very High
8530,0.5349835360326014,1,1,1,1,0.523887,0.5516283721421267,Yes,High
8534,0.46208798925056,1,1,1,0,0.5257393,0.3666109601650125,Yes,High
8538,0.4613101206199863,1,1,1,0,0.5088749,0.3899629468660897,Yes,High
8539,0.4820303633912176,1,1,1,0,0.49279773,0.4658792950470671,Yes,High
8541,0.4043441045604996,1,1,1,0,0.35600534,0.4768522278276215,Yes,High
8549,0.41240518589475,1,1,1,0,0.36049628,0.4902685259694418,Yes,High
8550,0.5927745676547381,1,1,1,1,0.6000725,0.5818276048973434,Yes,Very High
8551,0.4442352766729469,1,1,1,0,0.41761217,0.4841698991599367,Yes,High
8553,0.4920097834312804,1,1,1,0,0.512287,0.461593927553268,Yes,High
8556,0.5058471479873305,1,1,1,1,0.508432,0.5019698835562781,Yes,High
8563,0.4899680444390757,1,1,1,0,0.5132243,0.4550836555141169,Yes,High
8571,0.4228884966529759,1,1,1,0,0.43455294,0.4053917754087229,Yes,High
8580,0.5566536619169092,1,1,1,1,0.5640446,0.5455672328428866,Yes,Very High
8581,0.4117938068925667,1,1,1,0,0.44423983,0.3631247797159672,Yes,High
8582,0.4759844536757481,1,1,1,0,0.50820553,0.4276528197467357,Yes,High
8598,0.4706470144105574,1,1,1,0,0.48145068,0.4544414759458652,Yes,High
8600,0.4544130472176331,1,1,1,0,0.4347624,0.4838890353423997,Yes,High
8605,0.4071409170570172,1,1,1,0,0.42546675,0.3796521735047791,Yes,High
8614,0.4800532445450239,1,1,1,0,0.5169603,0.4246926270772052,Yes,High
8621,0.5651778882098848,1,1,1,1,0.60343236,0.5077961845578389,Yes,Very High
8624,0.4426672803728153,1,1,1,0,0.48244107,0.3830065695862894,Yes,High
8630,0.4995712106186999,1,1,1,0,0.52975506,0.454295442690167,Yes,High
8633,0.4256564062986349,1,1,1,0,0.4861578,0.3349042639517721,Yes,High
8637,0.6762632647371941,1,1,1,1,0.72966343,0.5961629547716809,Yes,Very High
8640,0.4717742811942851,1,1,1,0,0.505994,0.4204446105422467,Yes,High
8642,0.4380430660284741,1,1,1,0,0.41000837,0.4800950938555556,Yes,High
8647,0.4368436436385039,1,1,1,0,0.45242006,0.4134790103957364,Yes,High
8649,0.5269132228851964,1,1,1,1,0.5457667,0.4986329307557766,Yes,High
8652,0.4769407858804689,1,1,1,0,0.44424063,0.5259909605870213,Yes,High
8655,0.4183488715464318,1,1,1,0,0.4310059,0.399363321258238,Yes,High
8656,0.5991629092604053,1,1,1,1,0.6506902,0.5218719017282455,Yes,Very High
8658,0.4207959061297561,1,1,1,0,0.48044333,0.3313247574947242,Yes,High
8666,0.5223861894061738,1,1,1,1,0.518078,0.528848385078354,Yes,High
8671,0.5234873938313032,1,1,1,1,0.60019916,0.4084196805335343,Yes,High
8676,0.4110831572160742,1,1,1,0,0.45837364,0.3401473794245774,Yes,High
8682,0.4077143502416374,1,1,1,0,0.45094514,0.3428681523060206,Yes,High
8683,0.6186164994339669,1,1,1,1,0.68662447,0.5166045028220921,Yes,Very High
8687,0.6143540139340556,1,1,1,1,0.67712724,0.5201940971968563,Yes,Very High
8688,0.4190419607232659,1,1,1,0,0.37762287,0.4811705631193143,Yes,High
8697,0.4309816822201883,1,1,1,0,0.41689682,0.4521089456456091,Yes,High
8698,0.4419345810517996,1,1,1,0,0.4158225,0.4811026788019463,Yes,High
8704,0.4002852029498652,1,1,1,0,0.40687743,0.3903968351324984,Yes,High
8707,0.570021168932071,1,1,1,1,0.61642206,0.500419776997841,Yes,Very High
8711,0.565532795354398,1,1,1,1,0.5287785,0.6206641886747676,Yes,Very High
8722,0.4337368342678681,1,1,1,0,0.4137677,0.4636905052763559,Yes,High
8723,0.4332241278670958,1,1,1,0,0.46646354,0.3833649709281156,Yes,High
8728,0.4453111050261954,1,1,1,0,0.43269536,0.4642346644734093,Yes,High
8735,0.5590170916601276,1,1,1,1,0.60970986,0.4829779259076354,Yes,Very High
8737,0.4137778021768137,1,1,1,0,0.38710728,0.4537835438736786,Yes,High
8741,0.4674761647747144,1,1,1,0,0.47539735,0.4555943744297289,Yes,High
8742,0.478707977265344,1,1,1,0,0.5230787,0.4121519082045205,Yes,High
8744,0.5718268817210862,1,1,1,1,0.6459183,0.4606896801652185,Yes,Very High
8748,0.4223136756184059,1,1,1,0,0.42648262,0.4160602026587619,Yes,High
8750,0.4075184087106518,1,1,1,0,0.3476727,0.4972869332007894,Yes,High
8755,0.4668365433657201,1,1,1,0,0.45271853,0.4880135543257078,Yes,High
8758,0.5056225432296397,1,1,1,1,0.4876969,0.5325109693755214,Yes,High
8764,0.4112858749266973,1,1,1,0,0.45556083,0.3448734374931729,Yes,High
8776,0.4112536519161205,1,1,1,0,0.38615635,0.4488995818772266,Yes,High
8783,0.4936435212490389,1,1,1,0,0.48192444,0.5112221066647344,Yes,High
8784,0.4067479787676498,1,1,1,0,0.42444968,0.3801954086643866,Yes,High
8792,0.4480093336492827,1,1,1,0,0.4086386,0.5070654095187909,Yes,High
8793,0.4239046811234113,1,1,1,0,0.46205527,0.3666787443486742,Yes,High
8796,0.587677362765507,1,1,1,1,0.6208053,0.5379854222278697,Yes,Very High
8797,0.5485773175458342,1,1,1,1,0.5757244,0.5078566296647564,Yes,High
8802,0.4692411956428269,1,1,1,0,0.4376102,0.5166876160201381,Yes,High
8803,0.5020109205172687,1,1,1,1,0.49297473,0.5155651491697204,Yes,High
8805,0.471887137342202,1,1,1,0,0.4739485,0.4687950657027644,Yes,High
8814,0.5582159295809239,1,1,1,1,0.63493896,0.4431313611894771,Yes,Very High
8818,0.680456487301081,1,1,1,1,0.6333287,0.7511481592135867,Yes,Very High
8819,0.5021479191830034,1,1,1,1,0.527695,0.4638272678976939,Yes,High
8820,0.4518188976376588,1,1,1,0,0.45158798,0.4521652666552203,Yes,High
8825,0.5807456927881963,1,1,1,1,0.59086126,0.5655722959305661,Yes,Very High
8830,0.413661280347614,1,1,1,0,0.41914722,0.4054323064131253,Yes,High
8831,0.4126257593695795,1,1,1,0,0.41301692,0.4120390105407625,Yes,High
8839,0.4593908769552645,1,1,1,0,0.4561893,0.4641932206016622,Yes,High
8856,0.5342395176870764,1,1,1,1,0.5582709,0.4981924271541686,Yes,High
8864,0.4729137760041116,1,1,1,0,0.4265877,0.5424028738434015,Yes,High
8868,0.4188333336422944,1,1,1,0,0.43532878,0.3940901616985859,Yes,High
8876,0.427393698739054,1,1,1,0,0.38292137,0.4941021875715308,Yes,High
8879,0.412333858802749,1,1,1,0,0.4393999,0.3717347552250656,Yes,High
8892,0.4122310678020159,1,1,1,0,0.42082486,0.399340341452519,Yes,High
8894,0.4091036819713494,1,1,1,0,0.38233992,0.4492493106169454,Yes,High
8904,0.5101227962460548,1,1,1,1,0.530341,0.4797953872597294,Yes,High
8905,0.5122488169343036,1,1,1,1,0.50002605,0.5305829714911087,Yes,High
8909,0.4177250370448089,1,1,1,0,0.43029606,0.3988684974772871,Yes,High
8915,0.4362011716964717,1,1,1,0,0.42883798,0.4472459520406713,Yes,High
8932,0.4205825118125531,1,1,1,0,0.4062664,0.4420566777142516,Yes,High
8934,0.5591693971762668,1,1,1,1,0.5684446,0.5452565486753013,Yes,Very High
8943,0.4118689492110619,1,1,1,0,0.39686212,0.4343791789720974,Yes,High
8948,0.4847745569770711,1,1,1,0,0.50814205,0.4497232964200718,Yes,High
8952,0.5511978425390451,1,1,1,1,0.5927461,0.4888754729943794,Yes,Very High
8954,0.6681945919453738,1,1,1,1,0.6921796,0.6322170047610097,Yes,Very High
8956,0.5503799452169,1,1,1,1,0.6083603,0.4634093825477507,Yes,Very High
8957,0.5485565959699813,1,1,1,1,0.494643,0.6294269858022191,Yes,High
8962,0.6235304694892215,1,1,1,1,0.7084273,0.4961851789358375,Yes,Very High
8967,0.4161510800161613,1,1,1,0,0.43726107,0.3844860282636317,Yes,High
8968,0.4023130896408219,1,1,1,0,0.40334818,0.4007604501443253,Yes,High
8971,0.4165031456718,1,1,1,0,0.48438722,0.3146770208500704,Yes,High
8973,0.4863036301650985,1,1,1,0,0.5469833,0.3952840782499273,Yes,High
8976,0.4238134616682951,1,1,1,0,0.437823,0.4027990982110362,Yes,High
8993,0.8111862248687138,1,1,1,1,0.79484046,0.8357048050831233,Yes,Very High
8997,0.4165911750075951,1,1,1,0,0.37249103,0.4827413524383642,Yes,High
8998,0.5814031819517107,1,1,1,1,0.61576515,0.5298602233366896,Yes,Very High
9002,0.4529103249620704,1,1,1,0,0.41817045,0.5050200746236513,Yes,High
9005,0.6445333564937662,1,1,1,1,0.66983557,0.6065799804182229,Yes,Very High
9007,0.4944054552204484,1,1,1,0,0.52698547,0.4455354234295771,Yes,High
9008,0.5328481457109401,1,1,1,1,0.5800086,0.4621074253010623,Yes,High
9011,0.5049910744546369,1,1,1,1,0.5437182,0.446900328129161,Yes,High
9013,0.4404647712709931,1,1,1,0,0.4730113,0.39164492607177,Yes,High
9018,0.4474768409623764,1,1,1,0,0.42801476,0.4766699099277609,Yes,High
9020,0.4188109207540049,1,1,1,0,0.38277662,0.4728623525275026,Yes,High
9032,0.4673963071238621,1,1,1,0,0.53909385,0.3598499748437664,Yes,High
9033,0.4956595640742856,1,1,1,0,0.5123974,0.4705527527541113,Yes,High
9039,0.4436173688273908,1,1,1,0,0.49548075,0.3658223030222657,Yes,High
9054,0.5380806789076051,1,1,1,1,0.63811815,0.3880244158893132,Yes,High
9055,0.5441606604775056,1,1,1,1,0.6113696,0.4433472364446185,Yes,High
9066,0.4564249854171007,1,1,1,0,0.41931543,0.5120892924278302,Yes,High
9067,0.4170318325138985,1,1,1,0,0.4531752,0.3628167708160726,Yes,High
9070,0.4174124543824314,1,1,1,0,0.49856123,0.2956892413294612,Yes,High
9092,0.5760975263794509,1,1,1,1,0.5561208,0.6060625817080953,Yes,Very High
9101,0.4747970309678621,1,1,1,0,0.46354583,0.4916737742284702,Yes,High
9119,0.4143985412726971,1,1,1,0,0.48518106,0.3082247580613129,Yes,High
9126,0.4255589916679163,1,1,1,0,0.43276626,0.4147480612925934,Yes,High
9127,0.4983191525908313,1,1,1,0,0.47787663,0.5289828866650667,Yes,High
9137,0.5960841048689426,1,1,1,1,0.6141143,0.5690388055969627,Yes,Very High
9145,0.4149585872217115,1,1,1,0,0.39338538,0.4473183823933444,Yes,High
9147,0.4163495484406921,1,1,1,0,0.4144019,0.4192710005778007,Yes,High
9153,0.4102710498601207,1,1,1,0,0.4086952,0.4126348006799838,Yes,High
9159,0.4310680665593743,1,1,1,0,0.4236978,0.4421234225286542,Yes,High
9163,0.530714964869585,1,1,1,1,0.57167727,0.469271481044507,Yes,High
9194,0.4230621034247144,1,1,1,0,0.4069665,0.4472054601566155,Yes,High
9195,0.5349583233819939,1,1,1,1,0.57037556,0.4818324509825649,Yes,High
9197,0.4913342005997234,1,1,1,0,0.5168726,0.4530265944672955,Yes,High
9201,0.5724233179359378,1,1,1,1,0.59639466,0.5364662630033349,Yes,Very High
9205,0.4968696147532425,1,1,1,0,0.5573216,0.4061916247832679,Yes,High
9207,0.4054299256992993,1,1,1,0,0.443956,0.347640802908107,Yes,High
9208,0.5137679101046367,1,1,1,1,0.54316795,0.469667792572688,Yes,High
9209,0.4022479608953477,1,1,1,0,0.47280028,0.2964194753022196,Yes,High
9214,0.6751766646480512,1,1,1,1,0.6982441,0.640575474643695,Yes,Very High
9215,0.4004836219828154,1,1,1,0,0.41199052,0.3832232550484005,Yes,High
9217,0.4390327560023946,1,1,1,0,0.47295085,0.3881555614661383,Yes,High
9223,0.4612643312920493,1,1,1,0,0.49203983,0.4151010243866251,Yes,High
9230,0.568557546140269,1,1,1,1,0.64438826,0.454811418060252,Yes,Very High
9242,0.6258738032234207,1,1,1,1,0.6526192,0.5857557036609686,Yes,Very High
9247,0.640066083893762,1,1,1,1,0.60792166,0.6882826900124202,Yes,Very High
9248,0.4538292496081471,1,1,1,0,0.47426748,0.4231718700816927,Yes,High
9250,0.4298973538408027,1,1,1,0,0.44744807,0.4035712425731982,Yes,High
9254,0.5909754217883334,1,1,1,1,0.6252807,0.5395175221613014,Yes,Very High
9255,0.4048264006564444,1,1,1,0,0.38065854,0.4410781661146445,Yes,High
9265,0.4453978567425296,1,1,1,0,0.43853033,0.4556991232196204,Yes,High
9268,0.4078967249266194,1,1,1,0,0.37478063,0.45757084485687,Yes,High
9269,0.4295998933652458,1,1,1,0,0.46387532,0.3781867332109355,Yes,High
9274,0.5622280789151091,1,1,1,1,0.57755923,0.53923128861544,Yes,Very High
9278,0.5205414097108013,1,1,1,1,0.57169664,0.4438085358832197,Yes,High
9282,0.6188293005296033,1,1,1,1,0.70933425,0.4830718550255996,Yes,Very High
9285,0.5311976839819001,1,1,1,1,0.5493898,0.5039094809985277,Yes,High
9286,0.4232565806452917,1,1,1,0,0.40229228,0.454703022078794,Yes,High
9295,0.4418655870690141,1,1,1,0,0.42330062,0.4697129722272838,Yes,High
9298,0.4559449684843851,1,1,1,0,0.42510712,0.5022017241084161,Yes,High
9301,0.5629571892647653,1,1,1,1,0.57129675,0.5504478310119882,Yes,Very High
9302,0.4009349321232088,1,1,1,0,0.34195998,0.4893973407412191,Yes,High
9304,0.7888854817853651,1,1,1,1,0.82577395,0.7335527430738711,Yes,Very High
9307,0.4149754461051927,1,1,1,0,0.42699417,0.3969472935800519,Yes,High
9313,0.7060124378757395,1,1,1,1,0.6875829,0.7336566848945412,Yes,Very High
9323,0.4585539563878834,1,1,1,0,0.45517018,0.4636295548042803,Yes,High
9325,0.4174073093453209,1,1,1,0,0.46059376,0.3526275737382869,Yes,High
9338,0.4671679340216115,1,1,1,0,0.45534772,0.4848982151380666,Yes,High
9340,0.4377678665438486,1,1,1,0,0.42137825,0.4623522691227975,Yes,High
9347,0.4659193794568405,1,1,1,0,0.5288847,0.3714713555177114,Yes,High
9351,0.4807758770295238,1,1,1,0,0.5116617,0.4344471151402234,Yes,High
9358,0.5613936475444047,1,1,1,1,0.6150224,0.4809504726350824,Yes,Very High
9359,0.4258058091377005,1,1,1,0,0.46431458,0.3680425932940804,Yes,High
9360,0.4976084950744882,1,1,1,0,0.5714398,0.386861518815104,Yes,High
9365,0.436248952798179,1,1,1,0,0.40696403,0.4801763088805754,Yes,High
9369,0.4851451688820313,1,1,1,0,0.49176234,0.4752193822995302,Yes,High
9377,0.5167691995549738,1,1,1,1,0.57303363,0.4323725377143768,Yes,High
9378,0.5007877123267321,1,1,1,1,0.5067771,0.4918036043422591,Yes,High
9385,0.595859844610036,1,1,1,1,0.62224823,0.5562772331757859,Yes,Very High
9388,0.7856045719003666,1,1,1,1,0.7796204,0.794580741727349,Yes,Very High
9394,0.4618307919438151,1,1,1,0,0.5081651,0.3923292386371562,Yes,High
9395,0.4218742661454652,1,1,1,0,0.44851887,0.3819073271697694,Yes,High
9404,0.5886256753932069,1,1,1,1,0.6061193,0.5623852609422381,Yes,Very High
9405,0.4648698860993255,1,1,1,0,0.53024894,0.3668012456571732,Yes,High
9411,0.5631005413884016,1,1,1,1,0.5574408,0.5715901274368397,Yes,Very High
9416,0.5605159486265763,1,1,1,1,0.6139806,0.4803189846207163,Yes,Very High
9419,0.405024374566902,1,1,1,0,0.3988954,0.4142178099414439,Yes,High
9420,0.5109903072553696,1,1,1,1,0.5368207,0.4722446588769112,Yes,High
9428,0.4255945857846246,1,1,1,0,0.49838564,0.3164079478590453,Yes,High
9431,0.4133942938526899,1,1,1,0,0.4151189,0.4108073727986291,Yes,High
9435,0.4090830767116921,1,1,1,0,0.41344568,0.4025391325260145,Yes,High
9446,0.8060759105941211,1,1,1,1,0.8354841,0.7619635260752227,Yes,Very High
9449,0.4051244884481644,1,1,1,0,0.4382288,0.3554680272317468,Yes,High
9453,0.4388544267697455,1,1,1,0,0.52556336,0.3087910280335253,Yes,High
9454,0.4236725690962005,1,1,1,0,0.43408808,0.4080492563548505,Yes,High
9456,0.5216009946418005,1,1,1,1,0.51415974,0.5327628631771104,Yes,High
9460,0.5862962300367043,1,1,1,1,0.6145135,0.5439702408479863,Yes,Very High
9467,0.7147067598853869,1,1,1,1,0.7509326,0.6603680085029112,Yes,Very High
9468,0.4693896959171274,1,1,1,0,0.48108435,0.4518476600313135,Yes,High
9473,0.49595557175498,1,1,1,0,0.4758455,0.5261207004989386,Yes,High
9474,0.4334971661824286,1,1,1,0,0.4416445,0.4212761808083206,Yes,High
9477,0.5328910755661145,1,1,1,1,0.56740063,0.4811267076797819,Yes,High
9484,0.4520616679370794,1,1,1,0,0.44415924,0.4639152807445312,Yes,High
9485,0.4701681991887798,1,1,1,0,0.49817634,0.4281559488357876,Yes,High
9487,0.5520128837930883,1,1,1,1,0.5726293,0.5210883000760589,Yes,Very High
9488,0.4149186090992831,1,1,1,0,0.4026685,0.4332937489864585,Yes,High
9493,0.4475199316937522,1,1,1,0,0.45582372,0.435064220179815,Yes,High
9495,0.578782898980697,1,1,1,1,0.6487635,0.4738119562425216,Yes,Very High
9496,0.4018121088647107,1,1,1,0,0.39858174,0.4066576498506616,Yes,High
9498,0.4043132769191428,1,1,1,0,0.38844702,0.4281126601308993,Yes,High
9505,0.4605508730599555,1,1,1,0,0.50675917,0.3912384027712726,Yes,High
9509,0.4747871395828732,1,1,1,0,0.43702957,0.5314234487420341,Yes,High
9510,0.5268839157978787,1,1,1,1,0.5831656,0.4424614105026161,Yes,High
9522,0.40547805413417,1,1,1,0,0.43930942,0.354730993132094,Yes,High
9525,0.4656092127231271,1,1,1,0,0.4792678,0.4451212783822196,Yes,High
9536,0.4475556933169353,1,1,1,0,0.48563632,0.3904347179543942,Yes,High
9538,0.5440956017083544,1,1,1,1,0.5178662,0.5834396830962644,Yes,High
9541,0.4681322675666441,1,1,1,0,0.52092797,0.3889386608504329,Yes,High
9542,0.6271644503022277,1,1,1,1,0.6088499,0.6546362415316311,Yes,Very High
9548,0.4515874354845675,1,1,1,0,0.45389295,0.4481291693464896,Yes,High
9550,0.5412711746173239,1,1,1,1,0.56684,0.5029179023397803,Yes,High
9552,0.4666181598966055,1,1,1,0,0.4703467,0.4610253361028266,Yes,High
9554,0.5388489266705008,1,1,1,1,0.5138601,0.5763321122704672,Yes,High
9555,0.4220924376530829,1,1,1,0,0.42742282,0.4140968618500686,Yes,High
9556,0.4177943567311455,1,1,1,0,0.43321836,0.3946583221047344,Yes,High
9564,0.4093804296540797,1,1,1,0,0.42322928,0.3886071435331257,Yes,High
9566,0.5956814651690101,1,1,1,1,0.63390297,0.5383491677547929,Yes,Very High
9572,0.6862099677802136,1,1,1,1,0.8107722,0.4993665741088515,Yes,Very High
9573,0.4929809840054756,1,1,1,0,0.5032901,0.4775172401297702,Yes,High
9575,0.4359403076820423,1,1,1,0,0.46651554,0.3900774128866319,Yes,High
9580,0.4910638665625363,1,1,1,0,0.5154553,0.4544767080418542,Yes,High
9583,0.4228287414769325,1,1,1,0,0.39684704,0.4618012721488855,Yes,High
9585,0.4953941204860587,1,1,1,0,0.5270319,0.4479374236650215,Yes,High
9586,0.5338857194357077,1,1,1,1,0.5269563,0.5442798188758294,Yes,High
9587,0.4614034014069985,1,1,1,0,0.52259356,0.3696181667655585,Yes,High
9593,0.458930326767372,1,1,1,0,0.4537373,0.4667198242436023,Yes,High
9594,0.5422277750177893,1,1,1,1,0.52184653,0.5727995936085067,Yes,High
9597,0.6180642605805426,1,1,1,1,0.6709891,0.5386769923031404,Yes,Very High
9599,0.4298749096496589,1,1,1,0,0.4626866,0.380657346870424,Yes,High
9601,0.4294785634567982,1,1,1,0,0.41502836,0.4511538336402789,Yes,High
9606,0.4076042231683283,1,1,1,0,0.44279182,0.3548228136609865,Yes,High
9609,0.4283830482852001,1,1,1,0,0.45875478,0.3828254240481901,Yes,High
9610,0.4024975343765428,1,1,1,0,0.4254214,0.3681117406044428,Yes,High
9611,0.4311387848985833,1,1,1,0,0.47091603,0.3714729130597518,Yes,High
9613,0.683719007561052,1,1,1,1,0.7189379,0.630890648537487,Yes,Very High
9615,0.4567851881767413,1,1,1,0,0.4547368,0.4598577719393127,Yes,High
9618,0.599067456946101,1,1,1,1,0.6228545,0.5633869206540938,Yes,Very High
9620,0.4101435194219589,1,1,1,0,0.4370334,0.3698086613926886,Yes,High
9621,0.4022684223321628,1,1,1,0,0.46929675,0.3017258959182978,Yes,High
9625,0.4347131244097739,1,1,1,0,0.4879325,0.3548840412881449,Yes,High
9629,0.4009975216676587,1,1,1,0,0.42831743,0.3600176478151961,Yes,High
9640,0.4569530158759743,1,1,1,0,0.48378843,0.4166998638514655,Yes,High
9644,0.4803738933891253,1,1,1,0,0.50084955,0.449660356365193,Yes,High
9646,0.409448153388417,1,1,1,0,0.43971258,0.3640514776406593,Yes,High
9653,0.479051050313836,1,1,1,0,0.50148433,0.445401064476683,Yes,High
9655,0.5674192354591874,1,1,1,1,0.5972515,0.5226708316584895,Yes,Very High
9656,0.5457847516179888,1,1,1,1,0.5552892,0.531528021007977,Yes,High
9657,0.5833255523980767,1,1,1,1,0.5740953,0.5971708582195416,Yes,Very High
9661,0.4468641702055466,1,1,1,0,0.4248494,0.4798863390384941,Yes,High
9662,0.4014675609199563,1,1,1,0,0.41177496,0.3860064203362562,Yes,High
9663,0.4029144799683641,1,1,1,0,0.41416225,0.3860428199107823,Yes,High
9672,0.4299707148596404,1,1,1,0,0.38992426,0.4900403778068121,Yes,High
9678,0.4971315646018258,1,1,1,0,0.47555837,0.5294913261745552,Yes,High
9686,0.4720297785769507,1,1,1,0,0.50308836,0.425441869142305,Yes,High
9691,0.4479632960269276,1,1,1,0,0.46345946,0.4247190024727145,Yes,High
9692,0.5009827370173741,1,1,1,1,0.5017602,0.4998165504949809,Yes,High
9694,0.4979644799173975,1,1,1,0,0.53357846,0.4445434570166232,Yes,High
9696,0.4264735384556432,1,1,1,0,0.402879,0.461865316771661,Yes,High
9700,0.4292448047008093,1,1,1,0,0.45751965,0.386832476458444,Yes,High
9708,0.4265490089904213,1,1,1,0,0.40462306,0.4594379079965116,Yes,High
9709,0.4380275827203768,1,1,1,0,0.4768676,0.3797675474371954,Yes,High
9712,0.4695793062349662,1,1,1,0,0.50755876,0.4126100912443063,Yes,High
9713,0.4154482213030992,1,1,1,0,0.42345214,0.4034423151042903,Yes,High
9718,0.5935683004610699,1,1,1,1,0.61381066,0.5632047485691711,Yes,Very High
9725,0.5340348786425122,1,1,1,1,0.5930814,0.4454650745569489,Yes,High
9735,0.4645080904537187,1,1,1,0,0.46480346,0.4640650104417767,Yes,High
9742,0.4079765296791908,1,1,1,0,0.41381568,0.3992177711960964,Yes,High
9746,0.4104887665605247,1,1,1,0,0.431606,0.3788128796457499,Yes,High
9748,0.4511369110295107,1,1,1,0,0.42816484,0.4855950030557637,Yes,High
9759,0.4143427882823864,1,1,1,0,0.43814617,0.3786376799726286,Yes,High
9761,0.602597244406297,1,1,1,1,0.61604017,0.5824328408255035,Yes,Very High
9765,0.575424001954199,1,1,1,1,0.62840277,0.4959558356359628,Yes,Very High
9768,0.439062749654172,1,1,1,0,0.47324482,0.3877896202358558,Yes,High
9783,0.4343264257378478,1,1,1,0,0.4247809,0.4486446468698727,Yes,High
9787,0.4579118397723111,1,1,1,0,0.43215635,0.4965450383450767,Yes,High
9793,0.4501962161964242,1,1,1,0,0.4425148,0.4617183151111168,Yes,High
9794,0.4227447918779403,1,1,1,0,0.41840318,0.4292571822123603,Yes,High
9795,0.4893249108758847,1,1,1,0,0.49926236,0.4744187331118386,Yes,High
9797,0.4667445023119271,1,1,1,0,0.47143304,0.4597116756587775,Yes,High
9800,0.4389726086167062,1,1,1,0,0.42749578,0.456187840230158,Yes,High
9801,0.486694203871277,1,1,1,0,0.4851538,0.4890048182452396,Yes,High
9802,0.4697048654396005,1,1,1,0,0.46212664,0.4810721402959695,Yes,High
9803,0.4532440039028059,1,1,1,0,0.48594365,0.4041945269975391,Yes,High
9804,0.4780200008783481,1,1,1,0,0.48069584,0.4740062068486565,Yes,High
9807,0.4645901117424126,1,1,1,0,0.49889606,0.4131311410913753,Yes,High
9811,0.4444195346446915,1,1,1,0,0.44871724,0.4379729222287942,Yes,High
9812,0.4620857557504666,1,1,1,0,0.4562101,0.4708991996569663,Yes,High
9813,0.4033832058090101,1,1,1,0,0.46335718,0.3134221843824114,Yes,High
9822,0.5976833960197154,1,1,1,1,0.64806795,0.522106503641055,Yes,Very High
9824,0.4364236071123799,1,1,1,0,0.41721806,0.4652319288288851,Yes,High
9829,0.4559890033063238,1,1,1,0,0.47713533,0.4242695126078888,Yes,High
9834,0.4087640352401429,1,1,1,0,0.38738775,0.4408284294985964,Yes,High
9852,0.4817567342586453,1,1,1,0,0.49041536,0.4687687441873388,Yes,High
9857,0.5246134293826678,1,1,1,1,0.5342488,0.5101603003224378,Yes,High
9858,0.4086430282890109,1,1,1,0,0.44242743,0.3579664010552832,Yes,High
9869,0.5620741887035097,1,1,1,1,0.5686385,0.5522276568269046,Yes,Very High
9872,0.4011682622277549,1,1,1,0,0.40200928,0.3999067228644618,Yes,High
9873,0.4313707230723491,1,1,1,0,0.46428272,0.3820027108581342,Yes,High
9874,0.6342950465177126,1,1,1,1,0.6490939,0.6120967124637532,Yes,Very High
9878,0.4383400651398463,1,1,1,0,0.4639138,0.3999794206478108,Yes,High
9886,0.5023163577041012,1,1,1,1,0.5024943,0.5020494809053793,Yes,High
9891,0.4459322255808203,1,1,1,0,0.46096045,0.4233898624673707,Yes,High
9895,0.7019759505648258,1,1,1,1,0.8047811,0.5477681978689735,Yes,Very High
9907,0.4153025905744077,1,1,1,0,0.46014705,0.3480358820298915,Yes,High
9912,0.4748616140924604,1,1,1,0,0.43516862,0.5344010695424455,Yes,High
9916,0.4861468809769702,1,1,1,0,0.48113242,0.493668575566548,Yes,High
9924,0.4241991184401755,1,1,1,0,0.43605047,0.4064220543325554,Yes,High
9926,0.4326566940719938,1,1,1,0,0.47344595,0.3714728072720408,Yes,High
9932,0.4120391282548278,1,1,1,0,0.4269575,0.3896615587447506,Yes,High
9945,0.4015804186217963,1,1,1,0,0.3900637,0.4188554621619431,Yes,High
9946,0.4571868380464585,1,1,1,0,0.42975962,0.4983276626858789,Yes,High
9947,0.4313095375135973,1,1,1,0,0.460954,0.386842828054089,Yes,High
9955,0.4292613702842867,1,1,1,0,0.40262547,0.4692152112298397,Yes,High
9962,0.6701390140506697,1,1,1,1,0.69445103,0.6336709095172762,Yes,Very High
9966,0.4351183470486387,1,1,1,0,0.42726934,0.4468918582794032,Yes,High
9972,0.4540096260958161,1,1,1,0,0.46454683,0.4382038210464632,Yes,High
9982,0.5868852494114308,1,1,1,1,0.65080166,0.4910105610772144,Yes,Very High
9986,0.4973412081655611,1,1,1,0,0.5459917,0.4243653826556478,Yes,High
9990,0.5295581548673068,1,1,1,1,0.5346541,0.5219142211631325,Yes,High
9992,0.5078024565050444,1,1,1,1,0.57205087,0.4114297774606548,Yes,High
9993,0.4686904752960564,1,1,1,0,0.49152422,0.4344398291684096,Yes,High
9997,0.4320678628176216,1,1,1,0,0.48616084,0.3509283603950749,Yes,High
9999,0.4369263362891777,1,1,1,0,0.47079396,0.3861248523015043,Yes,High
10005,0.4234322072637732,1,1,1,0,0.40663698,0.4486250285239654,Yes,High
10008,0.4225973879747446,1,1,1,0,0.4576629,0.3699990598988671,Yes,High
10010,0.4501373366724253,1,1,1,0,0.46818954,0.4230589906898141,Yes,High
10014,0.6207303725871217,1,1,1,1,0.67952496,0.5325384495637744,Yes,Very High
10017,0.4534489416532903,1,1,1,0,0.51859087,0.355735993249513,Yes,High
10021,0.4152230002739709,1,1,1,0,0.45272455,0.3589706813938125,Yes,High
10028,0.5058872616859635,1,1,1,1,0.53531873,0.4617400260200998,Yes,High
10030,0.437085531796486,1,1,1,0,0.44625288,0.4233344461656383,Yes,High
10031,0.4351416067818537,1,1,1,0,0.47406882,0.3767507862398364,Yes,High
10038,0.4589169716144817,1,1,1,0,0.47087446,0.4409807412090941,Yes,High
10039,0.5181333235349532,1,1,1,1,0.50086075,0.5440421679234199,Yes,High
10043,0.7322581432248122,1,1,1,1,0.78127617,0.6587310935022846,Yes,Very High
10044,0.418062864855909,1,1,1,0,0.41800493,0.4181497522095433,Yes,High
10055,0.4959071603060425,1,1,1,0,0.5596103,0.4003524101378174,Yes,High
10058,0.536783375564991,1,1,1,1,0.56995493,0.4870259966050052,Yes,High
10062,0.5267736252633123,1,1,1,1,0.50970864,0.5523710540154051,Yes,High
10067,0.6217276084884868,1,1,1,1,0.6590055,0.5658107073269452,Yes,Very High
10070,0.6259998798440207,1,1,1,1,0.63907146,0.6063924282963846,Yes,Very High
10071,0.6113778280246251,1,1,1,1,0.6124274,0.6098034051626905,Yes,Very High
10081,0.5411642982712394,1,1,1,1,0.6004181,0.4522835945464684,Yes,High
10086,0.4522674922421758,1,1,1,0,0.50092804,0.3792766343243877,Yes,High
10088,0.4674380502092011,1,1,1,0,0.45326638,0.4886955223945695,Yes,High
10090,0.4476459331419665,1,1,1,0,0.41503575,0.4965611937410132,Yes,High
10091,0.4734162408596754,1,1,1,0,0.51643014,0.4088953928367496,Yes,High
10095,0.4417465382163398,1,1,1,0,0.4691719,0.4006084187191408,Yes,High
10098,0.8044156430561733,1,1,1,1,0.78745246,0.8298603441316363,Yes,Very High
10103,0.5243055540233273,1,1,1,1,0.5579603,0.4738234773053276,Yes,High
10109,0.6131711826335786,1,1,1,1,0.63119453,0.5861361140041049,Yes,Very High
10111,0.4563684542584578,1,1,1,0,0.450678,0.4649041045725744,Yes,High
10114,0.4202025270303742,1,1,1,0,0.41218796,0.4322243570885698,Yes,High
10118,0.5133860225249219,1,1,1,1,0.50748575,0.5222364055039705,Yes,High
10119,0.4596069399375908,1,1,1,0,0.4911325,0.4123185435581187,Yes,High
10120,0.6170770838405932,1,1,1,1,0.65561754,0.5592663622265671,Yes,Very High
10133,0.434506215018534,1,1,1,0,0.45238823,0.407683197067438,Yes,High
10134,0.5277384908037484,1,1,1,1,0.4986307,0.5714001732660083,Yes,High
10145,0.4117110617472336,1,1,1,0,0.46834072,0.3267665077034646,Yes,High
10147,0.4315529613905077,1,1,1,0,0.4415347,0.4165803266597104,Yes,High
10148,0.4117380502511483,1,1,1,0,0.48049453,0.3086033023122503,Yes,High
10149,0.426100474976628,1,1,1,0,0.47512364,0.3525656769254035,Yes,High
10150,0.4144754510464848,1,1,1,0,0.4642045,0.3398818774378749,Yes,High
10154,0.4870377912154779,1,1,1,0,0.5458814,0.3987723921813036,Yes,High
10156,0.4585272813017892,1,1,1,0,0.34300286,0.63181388978554,Yes,High
10158,0.4025781819784108,1,1,1,0,0.42086014,0.3751552277712679,Yes,High
10160,0.4112739403944895,1,1,1,0,0.3843285,0.4516920422270111,Yes,High
10162,0.5375768327041613,1,1,1,1,0.53699327,0.5384521393289535,Yes,High
10163,0.5468285509047931,1,1,1,1,0.61953145,0.437774168475972,Yes,High
10169,0.4070485632902292,1,1,1,0,0.3676079,0.4662095634355911,Yes,High
10177,0.4655323810805473,1,1,1,0,0.5000744,0.413719313201704,Yes,High
10178,0.4608100141971031,1,1,1,0,0.45534074,0.4690139208954373,Yes,High
10182,0.4145723856145418,1,1,1,0,0.407952,0.4245029331878515,Yes,High
10194,0.5836255558725447,1,1,1,1,0.53036094,0.6635224840035665,Yes,Very High
10207,0.4527204365201458,1,1,1,0,0.4669124,0.4314325080980025,Yes,High
10210,0.4169041676635687,1,1,1,0,0.44763613,0.3708061981487137,Yes,High
10223,0.4564196759510941,1,1,1,0,0.44491872,0.4736711070062981,Yes,High
10226,0.534232861962488,1,1,1,1,0.5558379,0.5018252312306828,Yes,High
10236,0.4687080555057417,1,1,1,0,0.44131768,0.5097935778140749,Yes,High
10241,0.4169986340983662,1,1,1,0,0.46227884,0.3490782761533939,Yes,High
10255,0.5227939081568705,1,1,1,1,0.4925571,0.5681490630853144,Yes,High
10258,0.4110735087934316,1,1,1,0,0.3905247,0.4418967364587338,Yes,High
10259,0.4598402091632348,1,1,1,0,0.47973803,0.4299934230173782,Yes,High
10261,0.4113928022817755,1,1,1,0,0.43102267,0.3819479651341798,Yes,High
10264,0.4698152890950196,1,1,1,0,0.49291882,0.4351599641516191,Yes,High
10266,0.4316163625911707,1,1,1,0,0.45963746,0.3895846671352372,Yes,High
10268,0.6377848263635266,1,1,1,1,0.63331354,0.6444917311405212,Yes,Very High
10269,0.4923306472323007,1,1,1,0,0.5091563,0.46709218800606,Yes,High
10270,0.4388724642299578,1,1,1,0,0.48953757,0.3628748102245146,Yes,High
10276,0.5828541060555925,1,1,1,1,0.59771013,0.5605700215371823,Yes,Very High
10277,0.4658944135581012,1,1,1,0,0.46151635,0.4724614634301652,Yes,High
10280,0.4120178791273852,1,1,1,0,0.4101432,0.4148298805925299,Yes,High
10288,0.4107528673988956,1,1,1,0,0.41135985,0.4098423688069925,Yes,High
10289,0.4422881384228615,1,1,1,0,0.43708077,0.4500991303560505,Yes,High
10291,0.408607934177531,1,1,1,0,0.3960027,0.4275157408431501,Yes,High
10293,0.4408772405836334,1,1,1,0,0.42907858,0.4585752181344605,Yes,High
10295,0.4492829072353768,1,1,1,0,0.45995224,0.4332788854533253,Yes,High
10296,0.4809031574797257,1,1,1,0,0.47904474,0.4836907458483238,Yes,High
10298,0.4376510628825889,1,1,1,0,0.42241034,0.4605121038274133,Yes,High
10299,0.4834897640973488,1,1,1,0,0.44498008,0.541254238195757,Yes,High
10300,0.5014636025937895,1,1,1,1,0.5443394,0.4371498788675916,Yes,High
10303,0.4138255278849028,1,1,1,0,0.38422433,0.458227324133968,Yes,High
10308,0.5788768441419508,1,1,1,1,0.6430503,0.4826166259598498,Yes,Very High
10310,0.4066542000248494,1,1,1,0,0.398716,0.4185614885574734,Yes,High
10314,0.4745504571104185,1,1,1,0,0.44131407,0.5244050207496028,Yes,High
10315,0.4885108702710413,1,1,1,0,0.5190278,0.4427353872187792,Yes,High
10316,0.5754342102407903,1,1,1,1,0.58453774,0.561778849214189,Yes,Very High
10317,0.4786052940312716,1,1,1,0,0.41551358,0.573242850110852,Yes,High
10318,0.4231178303675631,1,1,1,0,0.40424615,0.4514253114950605,Yes,High
10319,0.4232369211553561,1,1,1,0,0.3894218,0.4739595942792862,Yes,High
10324,0.4231208145738145,1,1,1,0,0.41053858,0.441994152993088,Yes,High
10329,0.5067204221767088,1,1,1,1,0.5045637,0.5099555066928019,Yes,High
10333,0.4608322337686657,1,1,1,0,0.48916852,0.4183277377038298,Yes,High
10334,0.4770839131276126,1,1,1,0,0.45451003,0.5109447033207407,Yes,High
10339,0.4093747068962267,1,1,1,0,0.44382074,0.3577056352100797,Yes,High
10342,0.5448661868987392,1,1,1,1,0.5070362,0.6016110939825352,Yes,High
10343,0.4376413993395243,1,1,1,0,0.43969047,0.4345677476020836,Yes,High
10346,0.5616142549280648,1,1,1,1,0.56598514,0.5550579225431693,Yes,Very High
10347,0.4722170087412358,1,1,1,0,0.43707818,0.5249252549597027,Yes,High
10349,0.4443180278203187,1,1,1,0,0.48207742,0.3876788952105486,Yes,High
10352,0.5396980406967862,1,1,1,1,0.5791028,0.4805908506433325,Yes,High
10357,0.409247497795876,1,1,1,0,0.37525323,0.460238891539117,Yes,High
10359,0.4320765985457525,1,1,1,0,0.47413796,0.368984553567674,Yes,High
10361,0.5726134922341914,1,1,1,1,0.56297237,0.58707516546955,Yes,Very High
10370,0.5220856098702596,1,1,1,1,0.48792332,0.5733290385134634,Yes,High
10371,0.4690350495050548,1,1,1,0,0.45901835,0.4840600992913539,Yes,High
10372,0.6233444509791788,1,1,1,1,0.5834236,0.6832256907938561,Yes,Very High
10381,0.4333885867392532,1,1,1,0,0.41692054,0.4580905931680182,Yes,High
10382,0.4157918077253286,1,1,1,0,0.41732326,0.4134946270642141,Yes,High
10389,0.5001651585677724,1,1,1,1,0.53426856,0.4490100444802297,Yes,High
10397,0.5425780533880937,1,1,1,1,0.52158093,0.5740736720787853,Yes,High
10398,0.4090302874198258,1,1,1,0,0.4044177,0.4159491483248026,Yes,High
10399,0.4065639259802314,1,1,1,0,0.3848952,0.4390669694510629,Yes,High
10401,0.4109654796323185,1,1,1,0,0.43084958,0.3811393112443401,Yes,High
10402,0.5224066315777088,1,1,1,1,0.5552513,0.4731395688372317,Yes,High
10407,0.5585819828917117,1,1,1,1,0.5324003,0.5978544921699989,Yes,Very High
10411,0.4136223034980257,1,1,1,0,0.39994973,0.4341311347788473,Yes,High
10412,0.5586853547011029,1,1,1,1,0.610396,0.4811192858006087,Yes,Very High
10416,0.4073324523287145,1,1,1,0,0.436743,0.3632166291070799,Yes,High
10417,0.4294392406629188,1,1,1,0,0.42221937,0.4402690231021899,Yes,High
10418,0.4109327109901138,1,1,1,0,0.43996474,0.3673846056679954,Yes,High
10419,0.4407750344626662,1,1,1,0,0.4398892,0.4421037376802555,Yes,High
10420,0.4796806877628629,1,1,1,0,0.45711505,0.5135291084090036,Yes,High
10423,0.4325210109266721,1,1,1,0,0.4432201,0.4164723194919734,Yes,High
10424,0.4780731833408191,1,1,1,0,0.41384098,0.5744214818949288,Yes,High
10425,0.4361891500260584,1,1,1,0,0.42752385,0.449187097973166,Yes,High
10433,0.4179876651698441,1,1,1,0,0.4073006,0.4340182384684907,Yes,High
10435,0.4986402031825364,1,1,1,0,0.47525886,0.533712192636326,Yes,High
10443,0.4363003709793087,1,1,1,0,0.40496942,0.4832967839837065,Yes,High
10449,0.4990193046306022,1,1,1,0,0.5574781,0.4113311561878642,Yes,High
10450,0.469088015581207,1,1,1,0,0.43619004,0.5184349358703608,Yes,High
10452,0.4486866078990332,1,1,1,0,0.52169317,0.3391767497404496,Yes,High
10456,0.5258325406784137,1,1,1,1,0.4783487,0.5970582537040909,Yes,High
10457,0.4061497322518707,1,1,1,0,0.3832603,0.4404838437336386,Yes,High
10458,0.5515366018992226,1,1,1,1,0.54456395,0.5619955363823872,Yes,Very High
10465,0.4123488159081908,1,1,1,0,0.42461985,0.3939422446244884,Yes,High
10482,0.5527084866511282,1,1,1,1,0.52526885,0.5938679226605733,Yes,Very High
10484,0.4594863843816877,1,1,1,0,0.4529351,0.4693133115516008,Yes,High
10485,0.4165154305296252,1,1,1,0,0.4871722,0.3105302669597441,Yes,High
10491,0.4915172134561394,1,1,1,0,0.45816645,0.541543358247244,Yes,High
10493,0.4887771464440631,1,1,1,0,0.51169497,0.4544003697865724,Yes,High
10501,0.5315619386997501,1,1,1,1,0.54374313,0.5132900868273476,Yes,High
10502,0.7982447610648806,1,1,1,1,0.818576,0.7677478756388859,Yes,Very High
10503,0.4120074905328112,1,1,1,0,0.41386798,0.4092167187164618,Yes,High
10507,0.5314600571214242,1,1,1,1,0.5284463,0.5359806379226553,Yes,High
10508,0.5742375948936772,1,1,1,1,0.6531532,0.4558641709166346,Yes,Very High
10511,0.6527798440035022,1,1,1,1,0.7013967,0.5798545395274551,Yes,Very High
10516,0.5485932099614296,1,1,1,1,0.5785312,0.5036861866200351,Yes,High
10520,0.4223565423957388,1,1,1,0,0.47294945,0.3464671881178719,Yes,High
10530,0.4812421201505347,1,1,1,0,0.48066655,0.4821054634546447,Yes,High
10535,0.4213467509567997,1,1,1,0,0.42515472,0.4156348037273339,Yes,High
10536,0.5184405145097251,1,1,1,1,0.5293523,0.5020727954925285,Yes,High
10540,0.5189788619552104,1,1,1,1,0.50639945,0.5378479460562388,Yes,High
10542,0.4965644932533651,1,1,1,0,0.48887044,0.5081055702630056,Yes,High
10544,0.4053407517169126,1,1,1,0,0.44298455,0.3488750525052867,Yes,High
10546,0.4848310973988242,1,1,1,0,0.4821334,0.488877601113485,Yes,High
10548,0.6268357459294642,1,1,1,1,0.5784428,0.699425146874747,Yes,Very High
10549,0.5860209787058281,1,1,1,1,0.59306186,0.5754596054969847,Yes,Very High
10550,0.4478510871275788,1,1,1,0,0.44031987,0.4591479040047839,Yes,High
10552,0.4044681238612507,1,1,1,0,0.3810184,0.4396426795624134,Yes,High
10554,0.4835623761173844,1,1,1,0,0.49908033,0.460285385488659,Yes,High
10560,0.4467252778512559,1,1,1,0,0.43881023,0.4585978357747995,Yes,High
10564,0.488766988762313,1,1,1,0,0.47430828,0.5104550487004069,Yes,High
10566,0.4195612851201638,1,1,1,0,0.4283033,0.4064482160953541,Yes,High
10575,0.4363417737078426,1,1,1,0,0.45873338,0.402754349607169,Yes,High
10579,0.439329851841958,1,1,1,0,0.4306247,0.4523875295520616,Yes,High
10588,0.4577759426469786,1,1,1,0,0.47027725,0.4390239520955043,Yes,High
10591,0.4786118240161369,1,1,1,0,0.48793727,0.4646236377466791,Yes,High
10593,0.496520283310483,1,1,1,0,0.49375725,0.5006647916855169,Yes,High
10594,0.6375956500680524,1,1,1,1,0.6182935,0.6665488245862916,Yes,Very High
10596,0.4813903730318191,1,1,1,0,0.4896658,0.4689772082381552,Yes,High
10604,0.4731312803337678,1,1,1,0,0.48095575,0.4613945166045687,Yes,High
10609,0.4443340333767205,1,1,1,0,0.43848622,0.4531057259607984,Yes,High
10610,0.4433625776570262,1,1,1,0,0.4495548,0.4340742128593776,Yes,High
10612,0.4380736739699489,1,1,1,0,0.34132433,0.5831976834099605,Yes,High
10613,0.4436919639293663,1,1,1,0,0.48274907,0.3851062679748515,Yes,High
10614,0.4257489582485501,1,1,1,0,0.40040115,0.4637706628905096,Yes,High
10618,0.408165506933374,1,1,1,0,0.34881172,0.4971961861209145,Yes,High
10626,0.4323151009197736,1,1,1,0,0.40463892,0.473829370467788,Yes,High
10627,0.4572675717854324,1,1,1,0,0.46975496,0.4385364534914054,Yes,High
10628,0.5050604296961239,1,1,1,1,0.48335162,0.5376236024595328,Yes,High
10629,0.5121192613297227,1,1,1,1,0.4793271,0.5613074399663814,Yes,High
10634,0.4565407939790427,1,1,1,0,0.4236129,0.5059326460060327,Yes,High
10635,0.4312230843077818,1,1,1,0,0.4331457,0.428339143040458,Yes,High
10636,0.4401401677468602,1,1,1,0,0.48514313,0.372635672176675,Yes,High
10645,0.4852635943521827,1,1,1,0,0.5011169,0.4614836185251099,Yes,High
10650,0.4239271749967561,1,1,1,0,0.42453983,0.4230081711993183,Yes,High
10652,0.5151939668376686,1,1,1,1,0.48251778,0.564208248784006,Yes,High
10653,0.4773208041955573,1,1,1,0,0.46907097,0.4896955539707202,Yes,High
10654,0.5532836201834851,1,1,1,1,0.5335137,0.582938463252826,Yes,Very High
10655,0.5451900471761376,1,1,1,1,0.5868716,0.4826676372474806,Yes,High
10656,0.452448316833043,1,1,1,0,0.4686587,0.4281327337539788,Yes,High
10657,0.4593410535408181,1,1,1,0,0.4732635,0.4384573657694265,Yes,High
10665,0.4651764384614107,1,1,1,0,0.451421,0.4858096072342688,Yes,High
10666,0.5942673996154891,1,1,1,1,0.5801387,0.6154604293566015,Yes,Very High
10669,0.4260755982105149,1,1,1,0,0.40214446,0.4619722952704164,Yes,High
10670,0.4085783919853504,1,1,1,0,0.3570537,0.4858654268489616,Yes,High
10672,0.5270659447574696,1,1,1,1,0.54624456,0.4982979895830355,Yes,High
10674,0.6323964576030362,1,1,1,1,0.67550516,0.5677333424748451,Yes,Very High
10678,0.4652815667185785,1,1,1,0,0.4845483,0.4363814511382585,Yes,High
10679,0.4654435880951739,1,1,1,0,0.48711672,0.4329338838588836,Yes,High
10683,0.4342808769382672,1,1,1,0,0.40554234,0.4773886616621505,Yes,High
10691,0.4560204596876458,1,1,1,0,0.43872437,0.4819645363984892,Yes,High
10694,0.4513518963701435,1,1,1,0,0.4464291,0.458736085506009,Yes,High
10696,0.4119617651109888,1,1,1,0,0.3980712,0.4327975983930115,Yes,High
10698,0.59635073506552,1,1,1,1,0.6265275,0.5510855606128282,Yes,Very High
10706,0.5304661922809287,1,1,1,1,0.58885103,0.4428888691357783,Yes,High
10708,0.4652973977261192,1,1,1,0,0.45627794,0.478826529665144,Yes,High
10709,0.6083413270466221,1,1,1,1,0.6073066,0.6098934032898876,Yes,Very High
10711,0.7779316157679625,1,1,1,1,0.8417794,0.6821599231612849,Yes,Very High
10713,0.4548460263258255,1,1,1,0,0.4597194,0.447535966397831,Yes,High
10714,0.4450305444930029,1,1,1,0,0.44406894,0.4464729236895918,Yes,High
10715,0.44575831462573,1,1,1,0,0.4410566,0.4528108281302201,Yes,High
10716,0.4434710414973884,1,1,1,0,0.4317406,0.4610666562537325,Yes,High
10718,0.405352711859765,1,1,1,0,0.4040071,0.4073711116696953,Yes,High
10721,0.7377355143215862,1,1,1,1,0.72864354,0.7513734064466278,Yes,Very High
10723,0.4013031132797345,1,1,1,0,0.45426056,0.3218669463644287,Yes,High
10725,0.4000000694183496,1,1,1,0,0.38924628,0.4161307312021621,Yes,High
10729,0.6265501104779124,1,1,1,1,0.65146554,0.5891769436466396,Yes,Very High
10732,0.4422637391525063,1,1,1,0,0.47012806,0.4004672588004552,Yes,High
10735,0.4509768168249249,1,1,1,0,0.4778594,0.4106529007649719,Yes,High
10740,0.4459345162262853,1,1,1,0,0.46566218,0.416343018499597,Yes,High
10742,0.4873185439045359,1,1,1,0,0.49216837,0.480043809397799,Yes,High
10743,0.8028213485182881,1,1,1,1,0.8600716,0.7169458528611957,Yes,Very High
10748,0.4778366780581122,1,1,1,0,0.4581909,0.5073053628956391,Yes,High
10760,0.5220842184817194,1,1,1,1,0.6160142,0.3811892425505813,Yes,High
10768,0.4461571354868425,1,1,1,0,0.44786593,0.4435938793426786,Yes,High
10769,0.5539780414137299,1,1,1,1,0.55870694,0.5468846500001983,Yes,Very High
10773,0.5674021588161096,1,1,1,1,0.60398287,0.5125310387200377,Yes,Very High
10779,0.4394435650607994,1,1,1,0,0.4046066,0.4916989595942325,Yes,High
10780,0.7094650940014064,1,1,1,1,0.7076757,0.7121491620722263,Yes,Very High
10782,0.5262033062560297,1,1,1,1,0.48793757,0.5836018963115754,Yes,High
10783,0.4951972424413311,1,1,1,0,0.49166337,0.5004980562690763,Yes,High
10784,0.4781420048699502,1,1,1,0,0.4520642,0.5172586730683156,Yes,High
10791,0.4245479477861745,1,1,1,0,0.4481119,0.3892020318456548,Yes,High
10794,0.4283120291784517,1,1,1,0,0.4300765,0.4256652934737781,Yes,High
10796,0.4522462666785636,1,1,1,0,0.42247394,0.4969047458857096,Yes,High
10797,0.5435498195027777,1,1,1,1,0.53743327,0.5527246338962188,Yes,High
10798,0.494739264949035,1,1,1,0,0.51533276,0.4638490098314268,Yes,High
10807,0.5534318215453082,1,1,1,1,0.59819406,0.4862884001939132,Yes,Very High
10808,0.476982902420683,1,1,1,0,0.44852802,0.5196652087895157,Yes,High
10811,0.5103828011902252,1,1,1,1,0.5605708,0.4351007935782468,Yes,High
10813,0.5828006378395441,1,1,1,1,0.57183367,0.5992510446864074,Yes,Very High
10814,0.4173164467788613,1,1,1,0,0.44223887,0.3799327713193687,Yes,High
10816,0.7411413661240518,1,1,1,1,0.78221834,0.6795258501169531,Yes,Very High
10819,0.6170134099909765,1,1,1,1,0.57771224,0.6759651384227234,Yes,Very High
10820,0.5699602888952161,1,1,1,1,0.59638524,0.5303228465046647,Yes,Very High
10822,0.5862177868191727,1,1,1,1,0.6233356,0.5305410075943489,Yes,Very High
10837,0.4777934145577157,1,1,1,0,0.4974555,0.4483002155143532,Yes,High
10839,0.4684764940582994,1,1,1,0,0.49058834,0.4353087144700893,Yes,High
10841,0.4719487643835303,1,1,1,0,0.50609004,0.4207367987924211,Yes,High
10843,0.610682630166814,1,1,1,1,0.6060117,0.6176890274519854,Yes,Very High
10844,0.4390156999375341,1,1,1,0,0.4477624,0.4258956350748533,Yes,High
10846,0.4716596621028534,1,1,1,0,0.47082627,0.4729097380618134,Yes,High
10847,0.435822771393386,1,1,1,0,0.4106224,0.4736233164944437,Yes,High
10850,0.4167471385167723,1,1,1,0,0.4204789,0.4111494511779859,Yes,High
10851,0.4383552937575102,1,1,1,0,0.43747747,0.439672015326202,Yes,High
10853,0.4975344070149233,1,1,1,0,0.5285547,0.4510039409877784,Yes,High
10854,0.4045857619695883,1,1,1,0,0.4277757,0.3698008088899208,Yes,High
10859,0.4112720572058502,1,1,1,0,0.41930503,0.3992225436131515,Yes,High
10863,0.4973822973259358,1,1,1,0,0.5010347,0.491903683068372,Yes,High
10864,0.4187193491866312,1,1,1,0,0.41400054,0.4257975466077828,Yes,High
10867,0.631392904758759,1,1,1,1,0.6545527,0.59665316999035,Yes,Very High
10868,0.4054515594496514,1,1,1,0,0.4272961,0.3726847306525175,Yes,High
10869,0.5511967461443177,1,1,1,1,0.5695992,0.5235930336356738,Yes,Very High
10872,0.5170214894313382,1,1,1,1,0.51761216,0.5161354250954505,Yes,High
10877,0.4420637872598368,1,1,1,0,0.41360506,0.484751857017924,Yes,High
10878,0.4488839100435425,1,1,1,0,0.44842717,0.449568974632782,Yes,High
10886,0.4908940130139506,1,1,1,0,0.48001525,0.5072121157410532,Yes,High
10888,0.4982935419601759,1,1,1,0,0.57088757,0.3894024915800891,Yes,High
10894,0.457077555398941,1,1,1,0,0.45125392,0.4658129626035689,Yes,High
10895,0.4943455835026575,1,1,1,0,0.48269013,0.5118287552997651,Yes,High
10896,0.4260367605213411,1,1,1,0,0.4588411,0.3768302135477681,Yes,High
10901,0.4096222399977516,1,1,1,0,0.4233026,0.3891016988226947,Yes,High
10906,0.5194192122212229,1,1,1,1,0.50193393,0.5456471171953226,Yes,High
10908,0.4434661861723284,1,1,1,0,0.429473,0.4644559315009963,Yes,High
10919,0.4026488411665944,1,1,1,0,0.4475353,0.3353191286923955,Yes,High
10925,0.4362402392200345,1,1,1,0,0.42507657,0.4529857220182106,Yes,High
10926,0.5514878550952729,1,1,1,1,0.594781,0.486548150526001,Yes,Very High
10929,0.4229440584681639,1,1,1,0,0.42780218,0.4156568385417782,Yes,High
10933,0.5318399661459752,1,1,1,1,0.5240361,0.5435457064902356,Yes,High
10934,0.4410316628852606,1,1,1,0,0.4761969,0.3882837997474075,Yes,High
10936,0.4868577597823853,1,1,1,0,0.4768719,0.5018365080870972,Yes,High
10938,0.5077203465746841,1,1,1,1,0.52451724,0.4825249943253898,Yes,High
10941,0.4635999134755805,1,1,1,0,0.49133554,0.4219964721740968,Yes,High
10942,0.4048838419651918,1,1,1,0,0.41403568,0.3911560656964611,Yes,High
10951,0.4088533068047143,1,1,1,0,0.42672077,0.3820520997907164,Yes,High
10952,0.4157272561708156,1,1,1,0,0.41070923,0.4232542550362806,Yes,High
10956,0.5560519654073148,1,1,1,1,0.49826333,0.642734904715873,Yes,Very High
10964,0.5204188390037136,1,1,1,1,0.5475845,0.4796703565768192,Yes,High
10965,0.6179499096482322,1,1,1,1,0.6150682,0.6222724335415476,Yes,Very High
10967,0.5304573767290675,1,1,1,1,0.4765588,0.6113052350546326,Yes,High
10969,0.4572235813318726,1,1,1,0,0.45415688,0.4618236101118316,Yes,High
10974,0.5084596875149197,1,1,1,1,0.48533955,0.5431398756400214,Yes,High
10978,0.4698987122453958,1,1,1,0,0.48010698,0.454586251596041,Yes,High
10980,0.5809718493319092,1,1,1,1,0.67396253,0.4414857486130142,Yes,Very High
10984,0.6510189571896774,1,1,1,1,0.64646477,0.6578502304652291,Yes,Very High
10985,0.5647870218000257,1,1,1,1,0.5938485,0.5211947647833438,Yes,Very High
10987,0.4781801162299434,1,1,1,0,0.49427745,0.4540340746782521,Yes,High
10988,0.5163117030888407,1,1,1,1,0.50520563,0.5329707959367852,Yes,High
10992,0.5673023698976705,1,1,1,1,0.6264752,0.4785430278010837,Yes,Very High
10993,0.6605092921794713,1,1,1,1,0.6634311,0.656126523748353,Yes,Very High
10996,0.5249802026376238,1,1,1,1,0.5634646,0.4672535889409757,Yes,High
10997,0.4942171347206293,1,1,1,0,0.52506727,0.4479418873949493,Yes,High
11001,0.4672047952707341,1,1,1,0,0.47579503,0.4543193826813825,Yes,High
11008,0.4773250777351805,1,1,1,0,0.4979323,0.4464141922265163,Yes,High
11010,0.4893601579698505,1,1,1,0,0.51628065,0.4489793735823489,Yes,High
11011,0.4534402099526698,1,1,1,0,0.45923465,0.4447485276253955,Yes,High
11016,0.6452226103976333,1,1,1,1,0.6609927,0.6215674583204002,Yes,Very High
11019,0.4790006244958009,1,1,1,0,0.48853424,0.464700153663895,Yes,High
11020,0.4334942418100863,1,1,1,0,0.4030509,0.4791592478162124,Yes,High
11023,0.462475501685769,1,1,1,0,0.46343648,0.4610340128079817,Yes,High
11024,0.4595846938311038,1,1,1,0,0.49447381,0.4072509972301565,Yes,High
11028,0.4212638263713491,1,1,1,0,0.3886504,0.4701839697388739,Yes,High
11030,0.5182050057815896,1,1,1,1,0.52517563,0.5077490678845311,Yes,High
11041,0.4235104978272683,1,1,1,0,0.42559522,0.4203833789103643,Yes,High
11044,0.4844209128547483,1,1,1,0,0.52353173,0.4257546797217859,Yes,High
11045,0.4556595195156427,1,1,1,0,0.5000554,0.3890656950131286,Yes,High
11053,0.4288777482281707,1,1,1,0,0.40350294,0.4669399365212973,Yes,High
11060,0.4241758921964063,1,1,1,0,0.38872486,0.4773524128454658,Yes,High
11061,0.4891122121558701,1,1,1,0,0.4739168,0.5119052874411432,Yes,High
11065,0.5866968010331347,1,1,1,1,0.5868548,0.5864597793581969,Yes,Very High
11073,0.4568126352772066,1,1,1,0,0.47260582,0.4331228514872364,Yes,High
11075,0.4601029391716121,1,1,1,0,0.44345126,0.4850804645891484,Yes,High
11077,0.4965025554772196,1,1,1,0,0.50315905,0.4865177896310831,Yes,High
11079,0.4286328943552897,1,1,1,0,0.39434835,0.4800596689140611,Yes,High
11083,0.60729680216182,1,1,1,1,0.6181974,0.5909458735552612,Yes,Very High
11088,0.5455427078059255,1,1,1,1,0.5927337,0.4747561881072667,Yes,High
11089,0.5051623173812902,1,1,1,1,0.50240767,0.5092942437181563,Yes,High
11091,0.4203119818823494,1,1,1,0,0.41766885,0.4242766510588321,Yes,High
11092,0.4989078236365137,1,1,1,0,0.49159312,0.5098798604666736,Yes,High
11093,0.4196642852796304,1,1,1,0,0.36590976,0.5002960729035706,Yes,High
11095,0.5458779403818005,1,1,1,1,0.5501671,0.539444180640666,Yes,High
11100,0.564615188841506,1,1,1,1,0.5486249,0.5886006325594686,Yes,Very High
11104,0.5750471074391201,1,1,1,1,0.5972231,0.5417830544235298,Yes,Very High
11106,0.4510933594534732,1,1,1,0,0.4485998,0.4548336904818656,Yes,High
11108,0.4508162839005309,1,1,1,0,0.49232808,0.3885485487157896,Yes,High
11111,0.4097314384112213,1,1,1,0,0.45097074,0.3478724277341004,Yes,High
11112,0.4042119034564848,1,1,1,0,0.40423605,0.4041756561488797,Yes,High
11116,0.4768231268355193,1,1,1,0,0.5127292,0.4229639608733213,Yes,High
11121,0.4690816707935237,1,1,1,0,0.4582245,0.4853674043035265,Yes,High
11125,0.4891894194418663,1,1,1,0,0.49207783,0.484856747819601,Yes,High
11129,0.5588756477919057,1,1,1,1,0.5667522,0.5470608115411884,Yes,Very High
11132,0.470143702179424,1,1,1,0,0.3936728,0.5848500419413846,Yes,High
11133,0.4512168172147174,1,1,1,0,0.42191553,0.4951687164968003,Yes,High
11134,0.4301146412396439,1,1,1,0,0.4288309,0.4320402057230492,Yes,High
11137,0.4022437211336606,1,1,1,0,0.390743,0.4194948142920716,Yes,High
11140,0.5095909967321318,1,1,1,1,0.50880855,0.5107646023974224,Yes,High
11142,0.5998398760661565,1,1,1,1,0.61635315,0.5750699588917403,Yes,Very High
11146,0.5029593956693008,1,1,1,1,0.5950814,0.3647763908465689,Yes,High
11148,0.4578711260026186,1,1,1,0,0.50280434,0.3904712619050067,Yes,High
11149,0.4022454082767571,1,1,1,0,0.39684144,0.4103513583045217,Yes,High
11153,0.5661670005936736,1,1,1,1,0.64399344,0.449427300845413,Yes,Very High
11157,0.5184500915516693,1,1,1,1,0.5372602,0.4902349667522506,Yes,High
11158,0.7654223100068598,1,1,1,1,0.8056405,0.7050949225133729,Yes,Very High
11159,0.444447464477249,1,1,1,0,0.42411736,0.4749425667803188,Yes,High
11162,0.5171591632428609,1,1,1,1,0.5713819,0.4358249884999899,Yes,High
11163,0.4393778816176737,1,1,1,0,0.4462115,0.429127458560786,Yes,High
11164,0.5401636480163361,1,1,1,1,0.5481586,0.5281712410029831,Yes,High
11165,0.6378345035336054,1,1,1,1,0.61588144,0.6707640346938462,Yes,Very High
11166,0.4292289302199157,1,1,1,0,0.45764855,0.3865994476897199,Yes,High
11173,0.524513344099172,1,1,1,1,0.51997876,0.5313151581338248,Yes,High
11174,0.5022891845322568,1,1,1,1,0.5338122,0.4550045942308799,Yes,High
11175,0.5365608819348429,1,1,1,1,0.5355461,0.5380829890625711,Yes,High
11176,0.4328462684261058,1,1,1,0,0.4340677,0.4310141265658673,Yes,High
11179,0.4293343074359539,1,1,1,0,0.43664563,0.418367298254878,Yes,High
11180,0.5672149844539431,1,1,1,1,0.5880652,0.5359396059245537,Yes,Very High
11183,0.401141224261157,1,1,1,0,0.43274072,0.3537419387599635,Yes,High
11187,0.4382588287225134,1,1,1,0,0.4424093,0.4320330967582184,Yes,High
11190,0.5357483157989089,1,1,1,1,0.61355215,0.4190425151280324,Yes,High
11192,0.4322567801087467,1,1,1,0,0.38929847,0.4966942395789842,Yes,High
11194,0.5983668800612002,1,1,1,1,0.6740626,0.4848232707430197,Yes,Very High
11196,0.4612386896749045,1,1,1,0,0.464199,0.4567981696475809,Yes,High
11197,0.5134490231019779,1,1,1,1,0.5028752,0.5293096848682872,Yes,High
11198,0.4946971876454508,1,1,1,0,0.5162393,0.4623840111077217,Yes,High
11201,0.5187480957425152,1,1,1,1,0.5403179,0.4863933998138992,Yes,High
11205,0.6276491514677286,1,1,1,1,0.664424,0.5724868009076715,Yes,Very High
11207,0.4698395266225706,1,1,1,0,0.46088132,0.4832768028206554,Yes,High
11208,0.4037615179940734,1,1,1,0,0.40401614,0.40337956694878,Yes,High
11211,0.4685492268224091,1,1,1,0,0.4673716,0.4703156031716691,Yes,High
11212,0.6386289432057666,1,1,1,1,0.7321193,0.498393360378575,Yes,Very High
11213,0.5196652869521925,1,1,1,1,0.53232706,0.5006725738791994,Yes,High
11214,0.5915753761598463,1,1,1,1,0.5777107,0.612372363524883,Yes,Very High
11215,0.4641952602089733,1,1,1,0,0.5126305,0.391542337343417,Yes,High
11217,0.5540904927577062,1,1,1,1,0.5724514,0.5265490532729733,Yes,Very High
11219,0.4299950272229212,1,1,1,0,0.42725107,0.4341109023459001,Yes,High
11223,0.4059392450322117,1,1,1,0,0.39895743,0.4164119283530627,Yes,High
11225,0.5313562589501322,1,1,1,1,0.5585671,0.4905399276850073,Yes,High
11232,0.6268514736535932,1,1,1,1,0.68187416,0.5443173756308319,Yes,Very High
11235,0.4347274835025376,1,1,1,0,0.4434779,0.4216018157986568,Yes,High
11237,0.5336171878407165,1,1,1,1,0.5222354,0.5506898197108916,Yes,High
11240,0.5733588202329092,1,1,1,1,0.58957684,0.549031760178907,Yes,Very High
11241,0.4767177991189012,1,1,1,0,0.47777483,0.4751322398874783,Yes,High
11244,0.6257209367691543,1,1,1,1,0.64866316,0.5913075524417227,Yes,Very High
11245,0.4176846691320169,1,1,1,0,0.41498813,0.4217294475311609,Yes,High
11249,0.4001660850730142,1,1,1,0,0.3857399,0.4218053586996101,Yes,High
11252,0.7637354271763532,1,1,1,1,0.77106756,0.752737183658771,Yes,Very High
11253,0.5646077170397574,1,1,1,1,0.5547812,0.5793474799458521,Yes,Very High
11255,0.4636499446365473,1,1,1,0,0.45539904,0.4760262771778397,Yes,High
11256,0.5394569169818946,1,1,1,1,0.5689974,0.495146173074739,Yes,High
11259,0.7875344224412869,1,1,1,1,0.83777905,0.7121674884457465,Yes,Very High
11261,0.4125320277915875,1,1,1,0,0.42264512,0.3973623271550934,Yes,High
11262,0.4087587010515026,1,1,1,0,0.38909522,0.4382539196939001,Yes,High
11264,0.584506365633364,1,1,1,1,0.5845356,0.5844625159510858,Yes,Very High
11265,0.541405625867938,1,1,1,1,0.5179935,0.5765237851145242,Yes,High
11266,0.5787419112927857,1,1,1,1,0.62710845,0.5061920812743761,Yes,Very High
11268,0.5089885018975766,1,1,1,1,0.5559573,0.4385352191108542,Yes,High
11269,0.4006648109206702,1,1,1,0,0.3938446,0.4108950982116525,Yes,High
11273,0.5563501819021504,1,1,1,1,0.6171202,0.4651951303201416,Yes,Very High
11274,0.4834499056564859,1,1,1,0,0.46393144,0.5127275723782906,Yes,High
11275,0.5945386498354281,1,1,1,1,0.6110497,0.5697720272298668,Yes,Very High
11281,0.4805413626651294,1,1,1,0,0.50350535,0.44609535312164,Yes,High
11282,0.5769762799998683,1,1,1,1,0.61506003,0.519850652878623,Yes,Very High
11283,0.4556652391646472,1,1,1,0,0.47505775,0.4265764565999724,Yes,High
11286,0.543929347253207,1,1,1,1,0.5814373,0.4876674186596365,Yes,High
11288,0.6561246717851594,1,1,1,1,0.706342,0.580798661927689,Yes,Very High
11290,0.5485667538020933,1,1,1,1,0.5319235,0.5735316751832574,Yes,High
11291,0.4675257847408117,1,1,1,0,0.4396763,0.5092999452600036,Yes,High
11293,0.4747045056750995,1,1,1,0,0.5499754,0.3617981117791489,Yes,High
11294,0.4223615013654249,1,1,1,0,0.4137972,0.4352079165715023,Yes,High
11297,0.4028935711264719,1,1,1,0,0.3681942,0.4549426164925372,Yes,High
11299,0.420795571606259,1,1,1,0,0.37327188,0.4920810754122844,Yes,High
11302,0.5778289036815457,1,1,1,1,0.63189733,0.4967262339753638,Yes,Very High
11303,0.5302305115806424,1,1,1,1,0.60011756,0.4253998879460899,Yes,High
11304,0.4906620918971018,1,1,1,0,0.5322202,0.4283249227359187,Yes,High
11305,0.4587366849387925,1,1,1,0,0.46840745,0.4442305043849451,Yes,High
11306,0.4450238448878608,1,1,1,0,0.43790343,0.4557044313600862,Yes,High
11307,0.4947832025742631,1,1,1,0,0.49182174,0.4992253575861705,Yes,High
11308,0.625316422967605,1,1,1,1,0.6726797,0.5542714441530214,Yes,Very High
11312,0.611873205668638,1,1,1,1,0.57096916,0.6732292378120367,Yes,Very High
11315,0.5093614250342872,1,1,1,1,0.47016358,0.5681581273478334,Yes,High
11316,0.449539009118625,1,1,1,0,0.46792608,0.4219583506001741,Yes,High
11317,0.582006235553037,1,1,1,1,0.6040703,0.5489101003438503,Yes,Very High
11324,0.4448954076669335,1,1,1,0,0.4634286,0.4170956241840421,Yes,High
11329,0.420701887886357,1,1,1,0,0.45440495,0.3701472945030323,Yes,High
11330,0.554506810821457,1,1,1,1,0.5334759,0.5860532132719042,Yes,Very High
11331,0.4313467367086683,1,1,1,0,0.46000263,0.3883628357434954,Yes,High
11333,0.4833261813385681,1,1,1,0,0.44488975,0.5409808073598632,Yes,High
11336,0.4847846543748404,1,1,1,0,0.49521983,0.4691318958896462,Yes,High
11338,0.5904914148537301,1,1,1,1,0.596144,0.5820124615947365,Yes,Very High
11341,0.4938401159815264,1,1,1,0,0.48926678,0.5007000707517744,Yes,High
11344,0.520790527031105,1,1,1,1,0.5393399,0.4929664228491017,Yes,High
11346,0.5765637860667582,1,1,1,1,0.55837685,0.6038441772192407,Yes,Very High
11350,0.4634278652696455,1,1,1,0,0.47320285,0.4487653666805835,Yes,High
11354,0.5733594059353784,1,1,1,1,0.61994773,0.5034768728926069,Yes,Very High
11359,0.4214829941269524,1,1,1,0,0.4374805,0.3974867213956435,Yes,High
11360,0.4555875335625241,1,1,1,0,0.44050366,0.4782133486100609,Yes,High
11361,0.5187130580127104,1,1,1,1,0.55598766,0.4628011608570476,Yes,High
11363,0.5163595949748128,1,1,1,1,0.5248905,0.5035632041938526,Yes,High
11367,0.4442244346440385,1,1,1,0,0.4521527,0.4323319781572992,Yes,High
11368,0.57095321295715,1,1,1,1,0.5847295,0.5502887635940469,Yes,Very High
11370,0.4293276796114894,1,1,1,0,0.42774522,0.4317013495595386,Yes,High
11374,0.5631113439793907,1,1,1,1,0.60372084,0.5021970942605343,Yes,Very High
11375,0.5690501739504266,1,1,1,1,0.58960307,0.5382208054071486,Yes,Very High
11382,0.5620193162313638,1,1,1,1,0.58912,0.5213683045783486,Yes,Very High
11384,0.6100542945030345,1,1,1,1,0.6329449,0.5757183835811945,Yes,Very High
11389,0.6804070224739166,1,1,1,1,0.7558826,0.5671935653629531,Yes,Very High
11393,0.6460624536940711,1,1,1,1,0.63282067,0.6659251205795151,Yes,Very High
11398,0.513959914563561,1,1,1,1,0.51860183,0.5069970342478767,Yes,High
11399,0.4393524649773995,1,1,1,0,0.47546694,0.3851807423022788,Yes,High
11404,0.6572498562823693,1,1,1,1,0.7344376,0.5414682335880796,Yes,Very High
11409,0.4186688686863429,1,1,1,0,0.4096848,0.4321449313203114,Yes,High
11411,0.6748158343791233,1,1,1,1,0.7020993,0.6338905563352668,Yes,Very High
11415,0.5353943565685054,1,1,1,1,0.5454912,0.5202490486697605,Yes,High
11419,0.4772067348358558,1,1,1,0,0.47985676,0.4732316683226643,Yes,High
11428,0.4262692832711872,1,1,1,0,0.42668724,0.4256423323759278,Yes,High
11430,0.4645305591772702,1,1,1,0,0.4960332,0.4172765508171686,Yes,High
11431,0.4134482843075837,1,1,1,0,0.45681614,0.3483964757111283,Yes,High
11435,0.4795642641964321,1,1,1,0,0.5205601,0.4180705169297172,Yes,High
11437,0.4425777360286763,1,1,1,0,0.44950435,0.4321878066873675,Yes,High
11441,0.4356679192916315,1,1,1,0,0.51590925,0.3153058567980333,Yes,High
11442,0.4676776130995523,1,1,1,0,0.5253573,0.3811580439412027,Yes,High
11447,0.5360312122183858,1,1,1,1,0.5997416,0.4404656484916355,Yes,High
11448,0.5115450750375712,1,1,1,1,0.5071649,0.5181153442921549,Yes,High
11449,0.567855419561915,1,1,1,1,0.5503511,0.5941119090856423,Yes,Very High
11450,0.4439406733233262,1,1,1,0,0.4314516,0.462674285103512,Yes,High
11451,0.4175770333040776,1,1,1,0,0.38988274,0.4591184607716954,Yes,High
11452,0.5030737995916892,1,1,1,1,0.48838726,0.5251035540834785,Yes,High
11467,0.6107060434670524,1,1,1,1,0.61714387,0.6010492449629494,Yes,Very High
11469,0.4028017219627754,1,1,1,0,0.42063773,0.3760477147313098,Yes,High
11470,0.6537055640422174,1,1,1,1,0.69316417,0.5945175809171965,Yes,Very High
11474,0.6087992399245358,1,1,1,1,0.6536715,0.5414908154084922,Yes,Very High
11476,0.5721509084979561,1,1,1,1,0.6258578,0.4915905559758014,Yes,Very High
11481,0.5486245283025832,1,1,1,1,0.5541256,0.5403729102359046,Yes,High
11482,0.4059903719873365,1,1,1,0,0.39684597,0.419706950299724,Yes,High
11485,0.4314565887172813,1,1,1,0,0.42167416,0.4461301689644145,Yes,High
11487,0.4391098846415344,1,1,1,0,0.43777907,0.4411060932824172,Yes,High
11488,0.4220212543872403,1,1,1,0,0.4493067,0.3810930611857293,Yes,High
11489,0.4782336434705618,1,1,1,0,0.48501265,0.4680650882382102,Yes,High
11491,0.429198333168022,1,1,1,0,0.41575456,0.449363983035068,Yes,High
11492,0.4933036709917627,1,1,1,0,0.53043014,0.4376139107080902,Yes,High
11496,0.4078489731045124,1,1,1,0,0.4137235,0.3990371625352791,Yes,High
11497,0.4515489575899145,1,1,1,0,0.43723953,0.4730130577178054,Yes,High
11499,0.5627742357663715,1,1,1,1,0.5752198,0.5441058296989412,Yes,Very High
11500,0.4600962867355952,1,1,1,0,0.4314358,0.5030870114804827,Yes,High
11504,0.5725129548819916,1,1,1,1,0.58734345,0.5502671758612139,Yes,Very High
11506,0.4405829612687655,1,1,1,0,0.4514786,0.4242394875177314,Yes,High
11507,0.8232478855157561,1,1,1,1,0.8332376,0.8082632864774929,Yes,Very High
11510,0.514019008966111,1,1,1,1,0.57120943,0.4282333614722461,Yes,High
11511,0.4715986858637815,1,1,1,0,0.45879883,0.4907984313447487,Yes,High
11514,0.5506626639614569,1,1,1,1,0.56869406,0.5236155474806992,Yes,Very High
11519,0.4164714836808768,1,1,1,0,0.40490726,0.4338178097537973,Yes,High
11521,0.4776619818337088,1,1,1,0,0.46570694,0.4955944782811713,Yes,High
11525,0.5474469720835651,1,1,1,1,0.5734567,0.5084323285806093,Yes,High
11526,0.6432911729007739,1,1,1,1,0.6989147,0.5598558423891111,Yes,Very High
11528,0.570075965199518,1,1,1,1,0.5491194,0.601510793650269,Yes,Very High
11529,0.6264358905319164,1,1,1,1,0.663474,0.5708786466131085,Yes,Very High
11530,0.5892486381932903,1,1,1,1,0.6048279,0.5658797443918409,Yes,Very High
11531,0.4025010611570024,1,1,1,0,0.38825414,0.4238714267701267,Yes,High
11532,0.4056061164114269,1,1,1,0,0.40623307,0.4046656453543387,Yes,High
11538,0.4609482787800468,1,1,1,0,0.52067316,0.3713609036685618,Yes,High
11543,0.4818337714676947,1,1,1,0,0.5078186,0.4428565144551024,Yes,High
11545,0.5277546698477659,1,1,1,1,0.5447157,0.5023130910165094,Yes,High
11546,0.8071934345632503,1,1,1,1,0.82504004,0.7804234483017798,Yes,Very High
11548,0.4401850561060387,1,1,1,0,0.46570334,0.4019076028858321,Yes,High
11553,0.4526387183522218,1,1,1,0,0.43257666,0.4827317666647417,Yes,High
11554,0.4301205913611086,1,1,1,0,0.48721212,0.3444832663704533,Yes,High
11555,0.5028074185954988,1,1,1,1,0.522438,0.4733615619211049,Yes,High
11556,0.4686590166710404,1,1,1,0,0.44854817,0.4988252450581857,Yes,High
11557,0.4154516909022469,1,1,1,0,0.40522718,0.4307884359109746,Yes,High
11561,0.4066975967817454,1,1,1,0,0.4331459,0.3670251262021433,Yes,High
11564,0.4736989897361726,1,1,1,0,0.4630065,0.4897377296962666,Yes,High
11565,0.5798189278949323,1,1,1,1,0.66614836,0.4503246984156526,Yes,Very High
11568,0.4425931862944052,1,1,1,0,0.42792946,0.4645887742324883,Yes,High
11569,0.7012450317443214,1,1,1,1,0.76517487,0.6053502658756579,Yes,Very High
11570,0.5685213714596526,1,1,1,1,0.6101494,0.5060793235294263,Yes,Very High
11571,0.6508597825774408,1,1,1,1,0.65085226,0.6508710470817627,Yes,Very High
11574,0.5945043251686479,1,1,1,1,0.63853425,0.5284593964053159,Yes,Very High
11575,0.4308802121198727,1,1,1,0,0.42559636,0.4388059510083379,Yes,High
11576,0.5075150783730461,1,1,1,1,0.51068616,0.502758412528265,Yes,High
11577,0.502363721148745,1,1,1,1,0.4882591,0.5235205829555187,Yes,High
11578,0.5458295411384787,1,1,1,1,0.6202485,0.434201078245214,Yes,High
11580,0.5250604561874654,1,1,1,1,0.57400817,0.4516388753824895,Yes,High
11582,0.5043028651994252,1,1,1,1,0.53129876,0.4638090131982623,Yes,High
11583,0.4275236373672595,1,1,1,0,0.39095205,0.4823810099387443,Yes,High
11586,0.4702148108258118,1,1,1,0,0.45697522,0.4900741499101794,Yes,High
11590,0.4645177341449878,1,1,1,0,0.46003246,0.4712456258507128,Yes,High
11592,0.5217718106062292,1,1,1,1,0.55083436,0.4781779452043473,Yes,High
11595,0.456270797262452,1,1,1,0,0.45677754,0.4555106491095372,Yes,High
11596,0.4001639591908662,1,1,1,0,0.40167525,0.39789697956448,Yes,High
11597,0.4230936181058499,1,1,1,0,0.40408397,0.45160807955017,Yes,High
11602,0.5477969880216609,1,1,1,1,0.5374981,0.5632452506108309,Yes,High
11603,0.4295965392934515,1,1,1,0,0.46790195,0.3721383858589416,Yes,High
11604,0.4895305093510891,1,1,1,0,0.48610574,0.4946676036675633,Yes,High
11608,0.521167829025199,1,1,1,1,0.56607515,0.4538068532655884,Yes,High
11609,0.4409316526368737,1,1,1,0,0.4802751,0.3819164749273359,Yes,High
11610,0.4183985934699793,1,1,1,0,0.42810047,0.4038457686814715,Yes,High
11613,0.4938494564407933,1,1,1,0,0.5580918,0.3974858674689801,Yes,High
11617,0.4658560785383627,1,1,1,0,0.51065856,0.3986523381696754,Yes,High
11619,0.440144059068712,1,1,1,0,0.43712294,0.4446756765414089,Yes,High
11623,0.7217058492664159,1,1,1,1,0.750499,0.6785160931357892,Yes,Very High
11624,0.412557731544209,1,1,1,0,0.4109991,0.4148956648390306,Yes,High
11633,0.5364597422040487,1,1,1,1,0.5335376,0.5408428565057576,Yes,High
11634,0.4382368675163438,1,1,1,0,0.41358715,0.4752114170022433,Yes,High
11635,0.5003751575214079,1,1,1,1,0.49598375,0.5069622544602581,Yes,High
11636,0.5262167612727239,1,1,1,1,0.57319343,0.4557517568309491,Yes,High
11640,0.4846988344625348,1,1,1,0,0.5004257,0.4611085415968581,Yes,High
11642,0.4272237446085749,1,1,1,0,0.40025124,0.4676824873129869,Yes,High
11644,0.587123342951194,1,1,1,1,0.56522006,0.6199782555303363,Yes,Very High
11646,0.7091097905207415,1,1,1,1,0.769596,0.6183804755331923,Yes,Very High
11648,0.7491300078875632,1,1,1,1,0.78309095,0.6981885365264642,Yes,Very High
11653,0.5264411715170593,1,1,1,1,0.5769515,0.4506756731621549,Yes,High
11654,0.4929086850466876,1,1,1,0,0.46670875,0.5322085287130249,Yes,High
11656,0.5885459991104622,1,1,1,1,0.61655813,0.5465277810412695,Yes,Very High
11661,0.411474808883253,1,1,1,0,0.43955088,0.369360707281985,Yes,High
11664,0.4067765671144747,1,1,1,0,0.353937,0.4860358804789244,Yes,High
11665,0.4103025608807548,1,1,1,0,0.40237555,0.4221930636837442,Yes,High
11668,0.5382150347083408,1,1,1,1,0.49968156,0.5960152136905982,Yes,High
11671,0.4860252396995885,1,1,1,0,0.50102186,0.4635302615004438,Yes,High
11672,0.4193822197336413,1,1,1,0,0.42192322,0.4155706743941848,Yes,High
11673,0.5404810491598794,1,1,1,1,0.5480704,0.5290970661732428,Yes,High
11675,0.4057203266000415,1,1,1,0,0.380171,0.4440442927121283,Yes,High
11676,0.5450724914569364,1,1,1,1,0.5692836,0.5087558068083489,Yes,High
11677,0.6425113210076873,1,1,1,1,0.6721618,0.5980355612920681,Yes,Very High
11680,0.4119352115027569,1,1,1,0,0.4184058,0.4022292824666852,Yes,High
11681,0.4192604757507459,1,1,1,0,0.3847073,0.4710901993413307,Yes,High
11682,0.4637729575624602,1,1,1,0,0.4772098,0.4436176395392758,Yes,High
11684,0.4349797557152997,1,1,1,0,0.4595267,0.3981592978928711,Yes,High
11685,0.4402672537607538,1,1,1,0,0.39568305,0.507143521915522,Yes,High
11687,0.5133465663414873,1,1,1,1,0.4508426,0.6071024725391662,Yes,High
11697,0.4455241358188251,1,1,1,0,0.46752527,0.4125224292048461,Yes,High
11699,0.4136924956987427,1,1,1,0,0.3865423,0.4544177812214013,Yes,High
11703,0.4070010883750887,1,1,1,0,0.39623848,0.4231449845290113,Yes,High
11707,0.4390411561864528,1,1,1,0,0.45494407,0.4151867792352817,Yes,High
11708,0.571570922474407,1,1,1,1,0.60166395,0.526431325923261,Yes,Very High
11709,0.4517791459302953,1,1,1,0,0.46858045,0.4265771531415112,Yes,High
11710,0.4396986846142656,1,1,1,0,0.43380883,0.4485334167911725,Yes,High
11712,0.4442095099414672,1,1,1,0,0.44259343,0.4466336067828749,Yes,High
11717,0.4954431427695566,1,1,1,0,0.4882474,0.5062367203777566,Yes,High
11719,0.4062514512639468,1,1,1,0,0.4289387,0.3722205531848531,Yes,High
11723,0.5397515467613934,1,1,1,1,0.5471168,0.5287035981342192,Yes,High
11725,0.4977708433463725,1,1,1,0,0.51381457,0.4737052257842205,Yes,High
11726,0.4160732287868055,1,1,1,0,0.38338268,0.4651090400179706,Yes,High
11728,0.5391181434213762,1,1,1,1,0.504286,0.5913663717656445,Yes,High
11729,0.4287029588769063,1,1,1,0,0.400969,0.4703038768346569,Yes,High
11731,0.4482943772114334,1,1,1,0,0.41276386,0.5015901249739074,Yes,High
11736,0.5068259115539584,1,1,1,1,0.5887232,0.3839799452629171,Yes,High
11737,0.4329136049382545,1,1,1,0,0.40161362,0.4798635556381586,Yes,High
11738,0.6206814887546614,1,1,1,1,0.5815772,0.6793378895578573,Yes,Very High
11739,0.5292633148802235,1,1,1,1,0.5334686,0.5229553512664921,Yes,High
11741,0.4387516423500857,1,1,1,0,0.44142884,0.4347358009311758,Yes,High
11744,0.4904341202504244,1,1,1,0,0.48683855,0.4958274467604375,Yes,High
11745,0.5636545868773796,1,1,1,1,0.5886528,0.5261572828043345,Yes,Very High
11747,0.5889507313287514,1,1,1,1,0.550568,0.6465248216480656,Yes,Very High
11748,0.5140266006289061,1,1,1,1,0.5281394,0.4928573680664441,Yes,High
11759,0.4397864487633823,1,1,1,0,0.39199206,0.5114779986107646,Yes,High
11762,0.5502121800807307,1,1,1,1,0.4974884,0.6292978064783389,Yes,Very High
11764,0.5148452595901458,1,1,1,1,0.53522885,0.4842698762893597,Yes,High
11770,0.4562853258577325,1,1,1,0,0.47771224,0.4241449340500777,Yes,High
11771,0.4234416903031455,1,1,1,0,0.40522915,0.4507604914338853,Yes,High
11772,0.5951069126751227,1,1,1,1,0.63588667,0.5339372481470812,Yes,Very High
11773,0.7803508536827474,1,1,1,1,0.79918694,0.752096672061063,Yes,Very High
11777,0.4400183883165173,1,1,1,0,0.4212668,0.4681457645830641,Yes,High
11778,0.5649119847028794,1,1,1,1,0.5394647,0.6030828339381372,Yes,Very High
11783,0.438294089060449,1,1,1,0,0.40721565,0.4849117031232102,Yes,High
11785,0.5118008946230059,1,1,1,1,0.5394155,0.470379018497975,Yes,High
11788,0.4576621505023831,1,1,1,0,0.45050713,0.4683946451549217,Yes,High
11789,0.4133248772329846,1,1,1,0,0.42707175,0.3927045678364135,Yes,High
11791,0.5477239476273777,1,1,1,1,0.5678687,0.5175067451174862,Yes,High
11792,0.4126948523921528,1,1,1,0,0.35787955,0.4949177698301173,Yes,High
11794,0.4089341099014298,1,1,1,0,0.41623423,0.3979839223003428,Yes,High
11795,0.4524806494667707,1,1,1,0,0.44390455,0.4653448003417696,Yes,High
11798,0.6096400186091355,1,1,1,1,0.6667221,0.52401680863641,Yes,Very High
11799,0.565751780372039,1,1,1,1,0.5902956,0.5289359870085506,Yes,Very High
11801,0.4412215643591743,1,1,1,0,0.4835214,0.377771778272356,Yes,High
11803,0.41889204598644,1,1,1,0,0.35520518,0.5144223326737339,Yes,High
11804,0.4348853490412024,1,1,1,0,0.4725823,0.3783398771434496,Yes,High
11805,0.4928559795472221,1,1,1,0,0.4729408,0.5227287450068187,Yes,High
11807,0.4584125851886442,1,1,1,0,0.5114937,0.3787909386796184,Yes,High
11815,0.6209398533856693,1,1,1,1,0.6367274,0.5972585146516121,Yes,Very High
11817,0.5983526233114128,1,1,1,1,0.59947324,0.5966716565880489,Yes,Very High
11819,0.4461574488786595,1,1,1,0,0.44760048,0.4439928963551265,Yes,High
11823,0.4671352394798053,1,1,1,0,0.47807968,0.4507185241526993,Yes,High
11831,0.5673950765312081,1,1,1,1,0.60018295,0.5182132506818489,Yes,Very High
11835,0.4985361905435451,1,1,1,0,0.52285904,0.4620519060740193,Yes,High
11838,0.5901377571274229,1,1,1,1,0.58943295,0.591194945735084,Yes,Very High
11840,0.4531466398811296,1,1,1,0,0.46333694,0.4378611679315456,Yes,High
11841,0.4738854617315208,1,1,1,0,0.5042589,0.4283253477110652,Yes,High
11847,0.591381586713954,1,1,1,1,0.6190019,0.5499510643963125,Yes,Very High
11849,0.416172075089737,1,1,1,0,0.40741143,0.4293130408151056,Yes,High
11852,0.440886794965296,1,1,1,0,0.4410768,0.4406017796219117,Yes,High
11853,0.4722880062671903,1,1,1,0,0.47045204,0.4750419252148279,Yes,High
11857,0.4932956505716238,1,1,1,0,0.50337315,0.4781794073433663,Yes,High
11858,0.5145833909855838,1,1,1,1,0.48044676,0.5657883287336815,Yes,High
11859,0.6524422525270837,1,1,1,1,0.6650058,0.6335968670507414,Yes,Very High
11860,0.4086819463553486,1,1,1,0,0.45498493,0.3392274363792085,Yes,High
11861,0.5190898288003107,1,1,1,1,0.5233572,0.5126887084820619,Yes,High
11862,0.46301772893038,1,1,1,0,0.46773306,0.4559446796915584,Yes,High
11866,0.4255689005477188,1,1,1,0,0.40108317,0.4622974794166677,Yes,High
11868,0.4131913006811314,1,1,1,0,0.46619323,0.333688363559289,Yes,High
11872,0.4385401272853533,1,1,1,0,0.4414381,0.4341931551894345,Yes,High
11877,0.5238377438502888,1,1,1,1,0.5742529,0.4482150044335374,Yes,High
11881,0.4426928035825336,1,1,1,0,0.5041838,0.3504562061056108,Yes,High
11884,0.4045864586818143,1,1,1,0,0.39775845,0.4148284581273607,Yes,High
11885,0.5515782912254077,1,1,1,1,0.54393196,0.5630477715730025,Yes,Very High
11888,0.4627406431155997,1,1,1,0,0.49472508,0.4147639455689979,Yes,High
11889,0.4381176274784525,1,1,1,0,0.45320457,0.4154871507903238,Yes,High
11890,0.6519405856891378,1,1,1,1,0.65193224,0.651953075121816,Yes,Very High
11893,0.50767249214958,1,1,1,1,0.5389316,0.4607837733703564,Yes,High
11894,0.5176991632393426,1,1,1,1,0.4902691,0.5588442362376616,Yes,High
11895,0.5796798705608068,1,1,1,1,0.5722079,0.5908877252415863,Yes,Very High
11896,0.4810323914177149,1,1,1,0,0.4785287,0.4847878715115115,Yes,High
11899,0.643039360770503,1,1,1,1,0.7183652,0.5300505835039402,Yes,Very High
11904,0.5248269533512168,1,1,1,1,0.5458589,0.4932789741449485,Yes,High
11912,0.4605209106245648,1,1,1,0,0.4887507,0.4181761726833907,Yes,High
11913,0.740551911306859,1,1,1,1,0.7625505,0.7075540535461928,Yes,Very High
11914,0.6065081353400988,1,1,1,1,0.67754537,0.4999522108373152,Yes,Very High
11915,0.4361702573518607,1,1,1,0,0.42260373,0.4565200388979549,Yes,High
11925,0.4112531486374491,1,1,1,0,0.43109462,0.3814909466163203,Yes,High
11929,0.5156803775499792,1,1,1,1,0.4922409,0.5508395405288863,Yes,High
11930,0.4409845430368407,1,1,1,0,0.39320284,0.5126570807681043,Yes,High
11942,0.4014307881453476,1,1,1,0,0.37931022,0.4346116321928405,Yes,High
11958,0.6137004221024196,1,1,1,1,0.6158248,0.6105137677346866,Yes,Very High
11959,0.4770322917457944,1,1,1,0,0.520483,0.4118561443081812,Yes,High
11960,0.4116280572006903,1,1,1,0,0.37103045,0.4725244383985305,Yes,High
11963,0.4537210835583113,1,1,1,0,0.41374734,0.5136816758829112,Yes,High
11969,0.4608437095839909,1,1,1,0,0.44406438,0.4860126909512111,Yes,High
11973,0.6116438902161849,1,1,1,1,0.6362964,0.5746650936062963,Yes,Very High
11978,0.4998236898699014,1,1,1,0,0.5066779,0.4895423362947029,Yes,High
11985,0.5108306111172746,1,1,1,1,0.53006345,0.4819813373873407,Yes,High
11993,0.6006539242317083,1,1,1,1,0.5868929,0.6212954414014523,Yes,Very High
11995,0.4652491720123875,1,1,1,0,0.44131094,0.5011565018703014,Yes,High
12001,0.4536551934206033,1,1,1,0,0.46212643,0.4409483327775062,Yes,High
12006,0.6451882656583731,1,1,1,1,0.7101145,0.5477989306473594,Yes,Very High
12008,0.480604180667055,1,1,1,0,0.49459445,0.4596187397173353,Yes,High
12010,0.6283684222523639,1,1,1,1,0.6238278,0.6351793181459777,Yes,Very High
12018,0.4312215405010993,1,1,1,0,0.43787044,0.4212481422483461,Yes,High
12021,0.4410309273658963,1,1,1,0,0.4742087,0.3912642048445274,Yes,High
12022,0.447358289450015,1,1,1,0,0.47748002,0.40217565767369,Yes,High
12027,0.7249244737611288,1,1,1,1,0.74975145,0.6876839667524084,Yes,Very High
12031,0.6076644350247884,1,1,1,1,0.531376,0.7220970812333881,Yes,Very High
12040,0.4949430313847782,1,1,1,0,0.5092664,0.4734579690154198,Yes,High
12045,0.5694407034095413,1,1,1,1,0.59032613,0.5381125480374414,Yes,Very High
12046,0.4107498899089592,1,1,1,0,0.3829977,0.4523781500725193,Yes,High
12050,0.4871979361481247,1,1,1,0,0.49307418,0.4783835276233099,Yes,High
12055,0.6668876848398703,1,1,1,1,0.61285704,0.7479336464849753,Yes,Very High
12057,0.4874573053396938,1,1,1,0,0.47142336,0.511508211860358,Yes,High
12059,0.4228714051661555,1,1,1,0,0.43850794,0.3994165963971774,Yes,High
12063,0.4210349532892006,1,1,1,0,0.42169058,0.4200514934782429,Yes,High
12066,0.4124580031384243,1,1,1,0,0.5190424,0.2525813891860876,Yes,High
12067,0.5809625023374645,1,1,1,1,0.5998684,0.5526035859608869,Yes,Very High
12068,0.4366788051590264,1,1,1,0,0.4127589,0.4725586454234869,Yes,High
12071,0.4300887140041858,1,1,1,0,0.44034106,0.4147101572171524,Yes,High
12079,0.5869123549451721,1,1,1,1,0.5985262,0.5694915878748628,Yes,Very High
12080,0.4909798581268367,1,1,1,0,0.5802256,0.3571112649803302,Yes,High
12083,0.4543716726893647,1,1,1,0,0.458403,0.4483246351764756,Yes,High
12088,0.4272213105529545,1,1,1,0,0.44560316,0.3996485035046931,Yes,High
12095,0.4619883140159442,1,1,1,0,0.47062212,0.4490375867070739,Yes,High
12098,0.417428337537165,1,1,1,0,0.37587708,0.4797551979693659,Yes,High
12102,0.5099383365515744,1,1,1,1,0.546372,0.4552877871701806,Yes,High
12103,0.4139844054041535,1,1,1,0,0.36366493,0.4894635886098518,Yes,High
12108,0.7358609397675061,1,1,1,1,0.7739581,0.6787151742640792,Yes,Very High
12111,0.4189922843296621,1,1,1,0,0.44642738,0.3778395886022085,Yes,High
12112,0.5960682750451028,1,1,1,1,0.6344393,0.5385116787521691,Yes,Very High
12116,0.4226772253641767,1,1,1,0,0.3377146,0.5501211223327326,Yes,High
12119,0.5493230693557142,1,1,1,1,0.59576124,0.4796658140963014,Yes,High
12120,0.5342124211520785,1,1,1,1,0.4993539,0.5865001946019216,Yes,High
12121,0.4943808916088779,1,1,1,0,0.5456688,0.4174490280143517,Yes,High
12124,0.4106831142477481,1,1,1,0,0.4986844,0.2786811165939493,Yes,High
12130,0.4899661822571423,1,1,1,0,0.38485837,0.6476278934513693,Yes,High
12131,0.4063901042638802,1,1,1,0,0.36369848,0.4704275070872366,Yes,High
12135,0.4081827555705569,1,1,1,0,0.43223298,0.3721073653820808,Yes,High
12136,0.4188096750503873,1,1,1,0,0.4055327,0.4387251483217119,Yes,High
12140,0.5377511697144555,1,1,1,1,0.5638477,0.4986063433516139,Yes,High
12145,0.4867546522215238,1,1,1,0,0.5322032,0.4185818045326152,Yes,High
12147,0.4653323746430194,1,1,1,0,0.44198233,0.500357413467595,Yes,High
12149,0.4546822616508604,1,1,1,0,0.44854304,0.4638910316057507,Yes,High
12150,0.401326666783968,1,1,1,0,0.33589005,0.4994815476528789,Yes,High
12153,0.5338820381017271,1,1,1,1,0.56603605,0.4856510120262064,Yes,High
12154,0.6402413228537291,1,1,1,1,0.692994,0.5611122348372267,Yes,Very High
12155,0.5315028846776134,1,1,1,1,0.4704415,0.6230949164717511,Yes,High
12165,0.4110515307059299,1,1,1,0,0.38259244,0.453740144935849,Yes,High
12167,0.4013137516850013,1,1,1,0,0.3781477,0.4360628121777817,Yes,High
12174,0.6428052127875605,1,1,1,1,0.6336359,0.6565591545198657,Yes,Very High
12177,0.446986224820284,1,1,1,0,0.4336136,0.4670451496294837,Yes,High
12189,0.4057071580440924,1,1,1,0,0.40583822,0.4055105333405548,Yes,High
12197,0.4799402513604847,1,1,1,0,0.47886345,0.4815554267420091,Yes,High
12198,0.6757458520865455,1,1,1,1,0.71267945,0.620345416897539,Yes,Very High
12201,0.4659535741159522,1,1,1,0,0.48436466,0.4383369175963609,Yes,High
12212,0.4842277992476856,1,1,1,0,0.47416595,0.4993205340479404,Yes,High
12213,0.4589702546138751,1,1,1,0,0.44929662,0.473480686430928,Yes,High
12214,0.424437798663167,1,1,1,0,0.4879466,0.3291745672727322,Yes,High
12215,0.5880123060588909,1,1,1,1,0.5893356,0.5860272749376476,Yes,Very High
12216,0.5107329139166266,1,1,1,1,0.49612772,0.5326406531167998,Yes,High
12222,0.4318680960752851,1,1,1,0,0.38887912,0.4963515447622255,Yes,High
12228,0.4956072266156681,1,1,1,0,0.5511128,0.4123488801854869,Yes,High
12229,0.4564663119141441,1,1,1,0,0.4831985,0.4163680094043865,Yes,High
12232,0.6678905822799688,1,1,1,1,0.65191,0.6918613706941618,Yes,Very High
12243,0.4138361026214527,1,1,1,0,0.42775887,0.3929519179878054,Yes,High
12250,0.4653593430116203,1,1,1,0,0.45407802,0.4822813295310802,Yes,High
12257,0.510935467584571,1,1,1,1,0.5152378,0.5044818970154741,Yes,High
12258,0.4523863110355999,1,1,1,0,0.47266853,0.4219629400502805,Yes,High
12264,0.4045152889241385,1,1,1,0,0.41078743,0.3951070647809922,Yes,High
12268,0.5441003048426774,1,1,1,1,0.55362684,0.529810464383877,Yes,High
12270,0.4523633427526742,1,1,1,0,0.42145923,0.4987195151811315,Yes,High
12272,0.5294475066634028,1,1,1,1,0.58509105,0.4459821700980287,Yes,High
12277,0.4386401090807996,1,1,1,0,0.4096814,0.4820781359541621,Yes,High
12279,0.4677153013057232,1,1,1,0,0.46495035,0.4718627239035369,Yes,High
12281,0.449117019998794,1,1,1,0,0.38677806,0.5426254501634966,Yes,High
12282,0.5669446630559061,1,1,1,1,0.6269555,0.4769283640587562,Yes,Very High
12284,0.4844269053785025,1,1,1,0,0.55527157,0.3781598549703804,Yes,High
12289,0.4112429672295992,1,1,1,0,0.38084176,0.456844767882214,Yes,High
12290,0.7503465029015619,1,1,1,1,0.8049342,0.6684648773110108,Yes,Very High
12297,0.5318211383756767,1,1,1,1,0.64020085,0.3692515361152017,Yes,High
12300,0.6158348667695607,1,1,1,1,0.618175,0.6123245626872988,Yes,Very High
12304,0.4505977109188941,1,1,1,0,0.43980387,0.4667884297954806,Yes,High
12308,0.4061592504157877,1,1,1,0,0.4397597,0.355758514199221,Yes,High
12310,0.4196943984708737,1,1,1,0,0.46711656,0.3485611196064827,Yes,High
12312,0.4764574442835323,1,1,1,0,0.5020864,0.4380139645267705,Yes,High
12315,0.4062938129186877,1,1,1,0,0.4021172,0.4125587357283254,Yes,High
12321,0.4064006059011531,1,1,1,0,0.3628521,0.4717233401141347,Yes,High
12323,0.4657273806472999,1,1,1,0,0.42983952,0.519559139346178,Yes,High
12326,0.6130601895948443,1,1,1,1,0.6071136,0.6219800147166336,Yes,Very High
12331,0.4591757568408868,1,1,1,0,0.4599764,0.4579747251395934,Yes,High
12332,0.5033080226233939,1,1,1,1,0.49294543,0.5188518628605555,Yes,High
12336,0.5026079685876633,1,1,1,1,0.51864743,0.4785487729782525,Yes,High
12339,0.4827065831089236,1,1,1,0,0.4323645,0.5582197173595971,Yes,High
12348,0.4349835883807776,1,1,1,0,0.42814618,0.4452396361111697,Yes,High
12349,0.4213251793287092,1,1,1,0,0.3998143,0.4535914644355311,Yes,High
12351,0.4246191564585594,1,1,1,0,0.41789764,0.4347014137570628,Yes,High
12369,0.4734768974208492,1,1,1,0,0.43951786,0.5244154004811391,Yes,High
12377,0.6379137836162394,1,1,1,1,0.5586912,0.7567476238469644,Yes,Very High
12382,0.5883397817304435,1,1,1,1,0.59822863,0.573506444615797,Yes,Very High
12388,0.4147612054406739,1,1,1,0,0.38236934,0.46334897460022,Yes,High
12390,0.5405791115575425,1,1,1,1,0.5029366,0.5970428168310205,Yes,High
12391,0.4057341468307754,1,1,1,0,0.42953724,0.3700294971399954,Yes,High
12418,0.4406829414649225,1,1,1,0,0.45313245,0.4220086181867661,Yes,High
12423,0.4852725772508932,1,1,1,0,0.46336824,0.5181290726981941,Yes,High
12431,0.405361093290652,1,1,1,0,0.4236014,0.3780006051262348,Yes,High
12445,0.4104690904971615,1,1,1,0,0.44386005,0.360382585614089,Yes,High
12447,0.4173658955321179,1,1,1,0,0.41879576,0.4152210474574234,Yes,High
12451,0.4079734991144035,1,1,1,0,0.4419502,0.3570084299025173,Yes,High
12454,0.4811647977198947,1,1,1,0,0.48099437,0.481420419058648,Yes,High
12465,0.5360062398153612,1,1,1,1,0.5745132,0.4782457594171337,Yes,High
12467,0.408729747517244,1,1,1,0,0.39815083,0.4245980843487777,Yes,High
12491,0.4237577646003871,1,1,1,0,0.45204774,0.3813228083219898,Yes,High
12492,0.4224528571006317,1,1,1,0,0.43036142,0.4105899979761885,Yes,High
12504,0.442505528820546,1,1,1,0,0.48134416,0.3842475769246408,Yes,High
12506,0.6028591847584956,1,1,1,1,0.6106541,0.5911667287762746,Yes,Very High
12519,0.4513089546807252,1,1,1,0,0.48913258,0.3945734821875001,Yes,High
12521,0.5654689109964018,1,1,1,1,0.553625,0.583234736483009,Yes,Very High
12526,0.5273207773705025,1,1,1,1,0.5775919,0.4519140844394017,Yes,High
12527,0.588597765972624,1,1,1,1,0.5622378,0.6281377161801106,Yes,Very High
12533,0.4721768215987372,1,1,1,0,0.5164354,0.4057889470689712,Yes,High
12538,0.4013341555852714,1,1,1,0,0.40178543,0.4006572166728533,Yes,High
12540,0.5681427982684799,1,1,1,1,0.6482418,0.4479942389420736,Yes,Very High
12545,0.4163365702258343,1,1,1,0,0.377554,0.4745103891757119,Yes,High
12551,0.7334585672974088,1,1,1,1,0.7458337,0.7148958460389322,Yes,Very High
12555,0.4346157099575078,1,1,1,0,0.4511904,0.4097536419258208,Yes,High
12563,0.4020815352214744,1,1,1,0,0.4065529,0.3953744494948212,Yes,High
12565,0.5820999614558274,1,1,1,1,0.58939713,0.5711541752421991,Yes,Very High
12566,0.4963718124493232,1,1,1,0,0.5384031,0.4333248904010334,Yes,High
12570,0.4927144381501008,1,1,1,0,0.524078,0.4456690781061174,Yes,High
12573,0.4483400188618727,1,1,1,0,0.40871862,0.5077720936968493,Yes,High
12575,0.7108052871778872,1,1,1,1,0.7187857,0.6988346333690648,Yes,Very High
12577,0.673563361105737,1,1,1,1,0.6721344,0.6757067887420874,Yes,Very High
12578,0.4204375605761526,1,1,1,0,0.3926364,0.4621392888276572,Yes,High
12580,0.4185631133209401,1,1,1,0,0.37705982,0.4808180424299672,Yes,High
12592,0.4493929954095943,1,1,1,0,0.39516616,0.5307332207074421,Yes,High
12594,0.4439321526902743,1,1,1,0,0.4246242,0.472894030068772,Yes,High
12603,0.4413381624649851,1,1,1,0,0.40210667,0.5001853675720316,Yes,High
12606,0.5260043777802236,1,1,1,1,0.52238786,0.5314291362411397,Yes,High
12607,0.6804591989007951,1,1,1,1,0.693592,0.6607599495568276,Yes,Very High
12612,0.5543368795603706,1,1,1,1,0.55550265,0.5525881894156817,Yes,Very High
12613,0.4740269034280556,1,1,1,0,0.48451188,0.4582994056677267,Yes,High
12616,0.5918725551372405,1,1,1,1,0.59055877,0.5938431921615291,Yes,Very High
12635,0.4149285158161799,1,1,1,0,0.4139144,0.4164496562492052,Yes,High
12637,0.4699613296674827,1,1,1,0,0.44237944,0.511334127110029,Yes,High
12649,0.4784440191049345,1,1,1,0,0.39952332,0.5968250561403652,Yes,High
12656,0.413171793581097,1,1,1,0,0.4340988,0.3817812243130026,Yes,High
12666,0.6254478497490994,1,1,1,1,0.6503753,0.5880566197598258,Yes,Very High
12681,0.4796302459726945,1,1,1,0,0.48599848,0.4700778777624706,Yes,High
12682,0.6282784826970538,1,1,1,1,0.70617133,0.5114391911567351,Yes,Very High
12683,0.5191246850254371,1,1,1,1,0.53298205,0.4983386355048006,Yes,High
12689,0.6325149735146647,1,1,1,1,0.62913734,0.637581398172648,Yes,Very High
12693,0.5315080013360838,1,1,1,1,0.54793984,0.5068602478718408,Yes,High
12702,0.4452009187477093,1,1,1,0,0.41776693,0.4863518442554426,Yes,High
12706,0.4671474184603701,1,1,1,0,0.4461065,0.4987088059413458,Yes,High
12707,0.4023772139195488,1,1,1,0,0.39354736,0.4156219857046719,Yes,High
12708,0.5496471546371018,1,1,1,1,0.50529075,0.6161817218560067,Yes,High
12710,0.6916072044139239,1,1,1,1,0.6409415,0.7676057451380124,Yes,Very High
12712,0.4328997549463283,1,1,1,0,0.38594007,0.5033392377319363,Yes,High
12718,0.4706296675547464,1,1,1,0,0.4112813,0.5596522001287598,Yes,High
12721,0.4091369436934301,1,1,1,0,0.37877706,0.4546767663843207,Yes,High
12726,0.6584751299817241,1,1,1,1,0.6823193,0.6227088699238689,Yes,Very High
12733,0.430615569722085,1,1,1,0,0.38912645,0.4928492272184014,Yes,High
12739,0.591561188199011,1,1,1,1,0.5231878,0.6941212462829737,Yes,Very High
12741,0.4863667610891108,1,1,1,0,0.53242236,0.4172833570856462,Yes,High
12743,0.4364174951194747,1,1,1,0,0.44699535,0.4205507161912877,Yes,High
12746,0.5745143394553152,1,1,1,1,0.56045526,0.5956029397456565,Yes,Very High
12750,0.4000200251604925,1,1,1,0,0.41196275,0.38210591173813,Yes,High
12754,0.4116645247897142,1,1,1,0,0.40803182,0.4171135502955899,Yes,High
12757,0.6771806898638002,1,1,1,1,0.6984289,0.6453083015790559,Yes,Very High
12767,0.5026871264142657,1,1,1,1,0.5017857,0.5040392280029419,Yes,High
12771,0.4984756889289471,1,1,1,0,0.5403239,0.4357032930716505,Yes,High
12772,0.4248069988215186,1,1,1,0,0.43219545,0.4137242998987976,Yes,High
12773,0.4255944071686699,1,1,1,0,0.48933497,0.3299835022480373,Yes,High
12775,0.4020342876608996,1,1,1,0,0.3815314,0.4327886303503883,Yes,High
12777,0.5500212739406877,1,1,1,1,0.5936994,0.4845040615645183,Yes,Very High
12783,0.4149773875454611,1,1,1,0,0.35609353,0.5033031502315268,Yes,High
12784,0.4530422221087182,1,1,1,0,0.48333192,0.4076076622959884,Yes,High
12791,0.4756901286889243,1,1,1,0,0.43785197,0.5324473288777292,Yes,High
12796,0.4657924237966549,1,1,1,0,0.4084295,0.5518367670774489,Yes,High
12798,0.4088772691520275,1,1,1,0,0.41733414,0.396191963859454,Yes,High
12804,0.5656126879081959,1,1,1,1,0.5683891,0.5614479984903916,Yes,Very High
12806,0.4650946575726523,1,1,1,0,0.3935041,0.572480452141527,Yes,High
12815,0.4060427289345428,1,1,1,0,0.39638922,0.4205229608065299,Yes,High
12817,0.7671657171466206,1,1,1,1,0.7809774,0.7464481062239046,Yes,Very High
12820,0.4378796513822601,1,1,1,0,0.41601047,0.4706833874054069,Yes,High
12821,0.406155593125964,1,1,1,0,0.4589359,0.326985137981536,Yes,High
12824,0.4323734130532312,1,1,1,0,0.40547383,0.4727227827088949,Yes,High
12826,0.447234711770119,1,1,1,0,0.42182243,0.4853530767656905,Yes,High
12827,0.4508097008827564,1,1,1,0,0.45656866,0.4421712050743989,Yes,High
12851,0.5813799576272058,1,1,1,1,0.62986636,0.5086503367397903,Yes,Very High
12852,0.4967901459747386,1,1,1,0,0.49444094,0.5003139504327951,Yes,High
12856,0.4436409711774525,1,1,1,0,0.5063531,0.3495728075346195,Yes,High
12866,0.5430825344631859,1,1,1,1,0.5343259,0.5562174300128689,Yes,High
12872,0.5460991233240328,1,1,1,1,0.5423833,0.5516727938380742,Yes,High
12873,0.487405090714092,1,1,1,0,0.48077002,0.4973576942697041,Yes,High
12876,0.5772055191332408,1,1,1,1,0.57389826,0.582166414095538,Yes,Very High
12878,0.5037632854564141,1,1,1,1,0.45344278,0.5792440403956054,Yes,High
12902,0.4182497775846442,1,1,1,0,0.4160665,0.4215246603622337,Yes,High
12915,0.6447658915816561,1,1,1,1,0.6548581,0.6296275008466876,Yes,Very High
12920,0.4342743318390368,1,1,1,0,0.4510011,0.409184138256192,Yes,High
12922,0.5444293948639386,1,1,1,1,0.60348266,0.4558494768115265,Yes,High
12935,0.4297171548297488,1,1,1,0,0.42312804,0.4396007993048637,Yes,High
12938,0.4347889690595291,1,1,1,0,0.4350112,0.4344555658592338,Yes,High
12943,0.4395659554591323,1,1,1,0,0.45272234,0.4198313476121785,Yes,High
12951,0.6350158595178849,1,1,1,1,0.6064398,0.6778798607822075,Yes,Very High
12956,0.4839461149537365,1,1,1,0,0.47075367,0.5037347231715421,Yes,High
12967,0.4641885793515012,1,1,1,0,0.43759903,0.5040728390981668,Yes,High
12980,0.4694288503885971,1,1,1,0,0.43535742,0.5205359637142984,Yes,High
12984,0.4088944537279591,1,1,1,0,0.40727016,0.4113308819228372,Yes,High
12990,0.5546775335772038,1,1,1,1,0.61218125,0.4684219198185206,Yes,Very High
12996,0.415620596690037,1,1,1,0,0.40375763,0.4334150291558556,Yes,High
13007,0.6538341261367224,1,1,1,1,0.67080045,0.6283846292446611,Yes,Very High
13010,0.5228867720865142,1,1,1,1,0.51937413,0.528155687278244,Yes,High
13012,0.5166385360941036,1,1,1,1,0.52317667,0.5068313053212422,Yes,High
13013,0.405636417463929,1,1,1,0,0.3926693,0.4250870709506436,Yes,High
13015,0.4228191631638916,1,1,1,0,0.47804573,0.339979295334198,Yes,High
13019,0.4449450903895191,1,1,1,0,0.5061836,0.3530872448689469,Yes,High
13023,0.5124403127870228,1,1,1,1,0.5296233,0.4866657875084049,Yes,High
13024,0.5456289392812281,1,1,1,1,0.5756785,0.5005545273679569,Yes,High
13027,0.5962323794319715,1,1,1,1,0.593071,0.6009744727498506,Yes,Very High
13029,0.5585598452588479,1,1,1,1,0.58643323,0.5167497206977408,Yes,Very High
13031,0.4717642074475071,1,1,1,0,0.55492,0.3470304622375422,Yes,High
13042,0.7356424612797822,1,1,1,1,0.7998203,0.6393756675217362,Yes,Very High
13044,0.5886982698734841,1,1,1,1,0.6106749,0.5557332981368505,Yes,Very High
13047,0.6225643870759633,1,1,1,1,0.62107235,0.6248024397911198,Yes,Very High
13051,0.4635822006313012,1,1,1,0,0.43294775,0.509533839486044,Yes,High
13052,0.5397673064618139,1,1,1,1,0.5300894,0.5542841837179732,Yes,High
13059,0.5100511434437184,1,1,1,1,0.51682705,0.4998872734013568,Yes,High
13060,0.6495080232863353,1,1,1,1,0.66604227,0.6247065812957102,Yes,Very High
13061,0.6189489279832799,1,1,1,1,0.64065415,0.5863910701489347,Yes,Very High
13063,0.495094303470412,1,1,1,0,0.50041986,0.4871059312958496,Yes,High
13069,0.522450771157949,1,1,1,1,0.53270584,0.5070681031172695,Yes,High
13070,0.4378528064703673,1,1,1,0,0.4125916,0.4757445842563436,Yes,High
13071,0.4139226561460706,1,1,1,0,0.44238684,0.3712263419414093,Yes,High
13083,0.6877160154552404,1,1,1,1,0.6717282,0.7116977330970625,Yes,Very High
13085,0.4067566735217831,1,1,1,0,0.4088981,0.4035445408696587,Yes,High
13087,0.448306273127684,1,1,1,0,0.44467935,0.4537466434267387,Yes,High
13089,0.4520046825396687,1,1,1,0,0.44361636,0.4645871657102482,Yes,High
13090,0.5620249527371961,1,1,1,1,0.5718126,0.5473434223922684,Yes,Very High
13091,0.5268093609637319,1,1,1,1,0.5186672,0.5390225261018422,Yes,High
13092,0.4808873285435717,1,1,1,0,0.54116344,0.39047309497572,Yes,High
13093,0.4474362350901258,1,1,1,0,0.4623517,0.4250629786154359,Yes,High
13094,0.6278615836073204,1,1,1,1,0.6909377,0.5332473525825252,Yes,Very High
13100,0.4741724779220634,1,1,1,0,0.4595139,0.4961603259077204,Yes,High
13104,0.5725947135323313,1,1,1,1,0.62510115,0.4938350155040686,Yes,Very High
13110,0.574077950305966,1,1,1,1,0.5712921,0.5782566626549449,Yes,Very High
13111,0.4232150940411393,1,1,1,0,0.420034,0.4279866884929697,Yes,High
13112,0.5426379578996716,1,1,1,1,0.573144,0.4968788071694519,Yes,High
13113,0.4866603800624413,1,1,1,0,0.47069618,0.5106066636666166,Yes,High
13115,0.7136200185650157,1,1,1,1,0.7467393,0.6639410098477123,Yes,Very High
13117,0.4912041404896137,1,1,1,0,0.5535481,0.3976881452036789,Yes,High
13125,0.4248201247684791,1,1,1,0,0.4033969,0.4569549477678126,Yes,High
13130,0.4659697573548779,1,1,1,0,0.4920148,0.4269021404699051,Yes,High
13131,0.4765124250248767,1,1,1,0,0.5070642,0.4306846680233122,Yes,High
13132,0.6506629641543071,1,1,1,1,0.6911692,0.5899035323883693,Yes,Very High
13133,0.6109671777839342,1,1,1,1,0.6312966,0.5804730669545329,Yes,Very High
13135,0.6682639600983549,1,1,1,1,0.71701163,0.5951424395420373,Yes,Very High
13137,0.6557357515977749,1,1,1,1,0.7063858,0.5797606473383626,Yes,Very High
13142,0.8210810741898826,1,1,1,1,0.8496489,0.778229316353155,Yes,Very High
13144,0.6108087961334567,1,1,1,1,0.5841403,0.6508115094052209,Yes,Very High
13146,0.4975176567153786,1,1,1,0,0.47077563,0.537630646009409,Yes,High
13149,0.439267752810107,1,1,1,0,0.43287614,0.4488551573052662,Yes,High
13151,0.421104278044783,1,1,1,0,0.40803012,0.4407155038835679,Yes,High
13152,0.626925762916555,1,1,1,1,0.63697594,0.6118504614257564,Yes,Very High
13154,0.5066536451151682,1,1,1,1,0.5399233,0.4567491473681512,Yes,High
13159,0.4973491163717152,1,1,1,0,0.47779763,0.5266763348545732,Yes,High
13162,0.5450265206514395,1,1,1,1,0.5582785,0.5251485351767631,Yes,High
13164,0.4601292633364989,1,1,1,0,0.43028086,0.5049018619831389,Yes,High
13167,0.5169936378948319,1,1,1,1,0.57450044,0.4307334026079444,Yes,High
13170,0.5077424939956335,1,1,1,1,0.4984662,0.5216569444750915,Yes,High
13172,0.5957740640760418,1,1,1,1,0.58964914,0.6049613893332472,Yes,Very High
13173,0.5089277579717396,1,1,1,1,0.5213622,0.4902760571073885,Yes,High
13176,0.6073245609565416,1,1,1,1,0.61065996,0.602321452092091,Yes,Very High
13177,0.403792488628287,1,1,1,0,0.44942,0.33535119904493,Yes,High
13178,0.4511965240848498,1,1,1,0,0.4615444,0.43567471847247,Yes,High
13179,0.5417818416261553,1,1,1,1,0.56873775,0.5013479265331923,Yes,High
13180,0.4905177077747255,1,1,1,0,0.5412478,0.4144225321950687,Yes,High
13181,0.4150612938203051,1,1,1,0,0.4051626,0.42990930075388,Yes,High
13182,0.4295801302402963,1,1,1,0,0.3927187,0.4848722568675254,Yes,High
13188,0.5246524759553064,1,1,1,1,0.55211854,0.4834533354695113,Yes,High
13190,0.495589565334159,1,1,1,0,0.56588113,0.3901522137161042,Yes,High
13193,0.4295422153026184,1,1,1,0,0.41315514,0.4541228007153472,Yes,High
13197,0.4456217444428708,1,1,1,0,0.500175,0.363791847350425,Yes,High
13198,0.5229164441075043,1,1,1,1,0.52547544,0.5190779466544875,Yes,High
13201,0.4199256238545299,1,1,1,0,0.4609764,0.3583494417879284,Yes,High
13204,0.4904746364492108,1,1,1,0,0.47342178,0.5160538730367843,Yes,High
13206,0.6052386384898083,1,1,1,1,0.66543555,0.5149432077243071,Yes,Very High
13207,0.5048144600353176,1,1,1,1,0.5064294,0.5023920887613134,Yes,High
13208,0.632150431503161,1,1,1,1,0.6649196,0.5829965820642913,Yes,Very High
13209,0.5074706155430238,1,1,1,1,0.54450274,0.4519224361506502,Yes,High
13212,0.6059104461108279,1,1,1,1,0.60671246,0.6047073648956001,Yes,Very High
13214,0.4185491315516148,1,1,1,0,0.42462143,0.4094406495472575,Yes,High
13215,0.4234605633431164,1,1,1,0,0.4757923,0.3449629751874724,Yes,High
13218,0.4506746326594061,1,1,1,0,0.44108483,0.4650593039166197,Yes,High
13219,0.4456218190068182,1,1,1,0,0.42262408,0.4801183956549009,Yes,High
13226,0.4472598315030203,1,1,1,0,0.42936847,0.4740968795492912,Yes,High
13227,0.502991406339722,1,1,1,1,0.4956243,0.5140420005180366,Yes,High
13228,0.4051140019604092,1,1,1,0,0.41170168,0.3952324562540961,Yes,High
13234,0.4450362533433748,1,1,1,0,0.41109005,0.4959555492062152,Yes,High
13235,0.4400951530160634,1,1,1,0,0.47249064,0.391501924798421,Yes,High
13237,0.4274925007008118,1,1,1,0,0.4225619,0.4348883811589584,Yes,High
13245,0.4870695002178646,1,1,1,0,0.49207157,0.4795663374911491,Yes,High
13264,0.5343618787496147,1,1,1,1,0.5141086,0.564741739920988,Yes,High
13266,0.494970280307651,1,1,1,0,0.49149922,0.5001768181177985,Yes,High
13268,0.4018664913733004,1,1,1,0,0.4260112,0.3656493766504522,Yes,High
13272,0.4243702281206412,1,1,1,0,0.44259754,0.3970292182489142,Yes,High
13279,0.4872931735297521,1,1,1,0,0.5408979,0.4068860154798824,Yes,High
13288,0.4365066561009285,1,1,1,0,0.42987248,0.4464578561250858,Yes,High
13289,0.4951235400552714,1,1,1,0,0.45104864,0.5612358567404658,Yes,High
13290,0.4219495861194029,1,1,1,0,0.3805191,0.4840953048222995,Yes,High
13295,0.5349710792663678,1,1,1,1,0.55047995,0.5117077157802842,Yes,High
13299,0.5622749285892923,1,1,1,1,0.55807745,0.5685710800181526,Yes,Very High
13304,0.4063865812255132,1,1,1,0,0.41517624,0.393202074277696,Yes,High
13307,0.5514862260067833,1,1,1,1,0.5650286,0.5311726085455152,Yes,Very High
13314,0.4102265189296004,1,1,1,0,0.43483225,0.3733178849533191,Yes,High
13315,0.5766126574800227,1,1,1,1,0.5607561,0.6003974531406695,Yes,Very High
13318,0.6374766703813435,1,1,1,1,0.6486929,0.6206522574944202,Yes,Very High
13320,0.4321498326193869,1,1,1,0,0.488732,0.3472765663592965,Yes,High
13325,0.4443962357210924,1,1,1,0,0.4572835,0.4250653291165357,Yes,High
13327,0.4708850848985418,1,1,1,0,0.4991359,0.4285087854446729,Yes,High
13329,0.7003757258402209,1,1,1,1,0.7495216,0.6266568353143583,Yes,Very High
13331,0.4185760307477159,1,1,1,0,0.36791044,0.4945743799622463,Yes,High
13339,0.4914054826608403,1,1,1,0,0.48508978,0.5008789786972361,Yes,High
13342,0.5261611138559205,1,1,1,1,0.55407155,0.4842954364361421,Yes,High
13348,0.4990121132824432,1,1,1,0,0.4660434,0.5484651045733717,Yes,High
13351,0.4801004812997179,1,1,1,0,0.48124155,0.478388812611897,Yes,High
13355,0.6143982001154626,1,1,1,1,0.5866008,0.6560942997557433,Yes,Very High
13357,0.507140529191978,1,1,1,1,0.5009014,0.5164991618108931,Yes,High
13358,0.4427947058698487,1,1,1,0,0.4378578,0.4502000546507418,Yes,High
13359,0.4900848798807367,1,1,1,0,0.49787834,0.4783946854014952,Yes,High
13360,0.4048194021149948,1,1,1,0,0.4458657,0.3432499692252464,Yes,High
13361,0.4365992377140564,1,1,1,0,0.3512472,0.5646272698885308,Yes,High
13365,0.6322128359992124,1,1,1,1,0.6954852,0.5373042535083535,Yes,Very High
13369,0.4543657646786083,1,1,1,0,0.44945508,0.4617317880717193,Yes,High
13372,0.4177150556712358,1,1,1,0,0.41960815,0.4148754053485912,Yes,High
13377,0.5682420753052845,1,1,1,1,0.62122494,0.4887677785284851,Yes,Very High
13381,0.4288543281901383,1,1,1,0,0.41319308,0.4523461977512895,Yes,High
13384,0.5117690294659984,1,1,1,1,0.5677843,0.4277461095841857,Yes,High
13390,0.4612780106519132,1,1,1,0,0.4689368,0.4497898102935327,Yes,High
13393,0.4319811955421378,1,1,1,0,0.4988012,0.3317511566800897,Yes,High
13394,0.5204190404148573,1,1,1,1,0.55131865,0.4740695881177174,Yes,High
13399,0.5394038404270921,1,1,1,1,0.51686335,0.5732145521156276,Yes,High
13400,0.4567528744851207,1,1,1,0,0.51572573,0.3682935437348126,Yes,High
13403,0.5126242366293462,1,1,1,1,0.5100775,0.5164443768211683,Yes,High
13408,0.6991329495968063,1,1,1,1,0.7114281,0.6806901854429739,Yes,Very High
13409,0.6543769108396842,1,1,1,1,0.6692694,0.632038157965261,Yes,Very High
13415,0.5884137152157475,1,1,1,1,0.6059105,0.5621685084010783,Yes,Very High
13424,0.4358257422942094,1,1,1,0,0.4905738,0.3537036652610135,Yes,High
13426,0.4527685109392211,1,1,1,0,0.40671003,0.5218562269249074,Yes,High
13427,0.6243068593797014,1,1,1,1,0.60367894,0.6552486911557431,Yes,Very High
13428,0.4485542739952431,1,1,1,0,0.43755457,0.46505383290967,Yes,High
13431,0.5045628925551955,1,1,1,1,0.50937355,0.4973469129179873,Yes,High
13433,0.64196452892834,1,1,1,1,0.6523032,0.6264564493550373,Yes,Very High
13437,0.4893590356084687,1,1,1,0,0.49189997,0.4855475935272829,Yes,High
13439,0.4633766276503877,1,1,1,0,0.48065984,0.4374517904880832,Yes,High
13443,0.7806729122957116,1,1,1,1,0.81118506,0.7349046431383801,Yes,Very High
13447,0.504596450864255,1,1,1,1,0.52984107,0.4667294992481161,Yes,High
13449,0.5264034485204914,1,1,1,1,0.5589827,0.4775345860381669,Yes,High
13451,0.4407238006499048,1,1,1,0,0.45756236,0.4154659658438552,Yes,High
13457,0.6194690108006446,1,1,1,1,0.6384211,0.5910408347113056,Yes,Very High
13459,0.444293043133399,1,1,1,0,0.44346946,0.4455283808628249,Yes,High
13464,0.555594068196523,1,1,1,1,0.5681276,0.5367937967854435,Yes,Very High
13475,0.5066729917131476,1,1,1,1,0.47192156,0.5588001345601211,Yes,High
13476,0.6618296888563646,1,1,1,1,0.6964702,0.609868861013058,Yes,Very High
13477,0.4270535809420639,1,1,1,0,0.43992445,0.4077472792623176,Yes,High
13482,0.6981277497612662,1,1,1,1,0.7039904,0.6893337597457635,Yes,Very High
13484,0.4388828213390631,1,1,1,0,0.45809978,0.4100573647461638,Yes,High
13485,0.4789946435034927,1,1,1,0,0.46997425,0.4925251896532019,Yes,High
13487,0.420439215536972,1,1,1,0,0.44839653,0.3785032084486389,Yes,High
13494,0.7029044667824964,1,1,1,1,0.722534,0.6734601507447312,Yes,Very High
13495,0.4784907878959964,1,1,1,0,0.53645855,0.3915390823098,Yes,High
13497,0.4775345323540892,1,1,1,0,0.514421,0.422204806918434,Yes,High
13499,0.6007502661659995,1,1,1,1,0.57704186,0.6363128092176414,Yes,Very High
13504,0.4827074409429921,1,1,1,0,0.49304786,0.4671967776876423,Yes,High
13507,0.4619684005824186,1,1,1,0,0.47872925,0.4368271144845728,Yes,High
13509,0.7791346290226551,1,1,1,1,0.78772414,0.7662503367949953,Yes,Very High
13510,0.4678411308068506,1,1,1,0,0.5190211,0.3910711713479143,Yes,High
13512,0.4571455863302677,1,1,1,0,0.508819,0.3796354301735086,Yes,High
13513,0.4652425261171083,1,1,1,0,0.47489145,0.4507691194195105,Yes,High
13522,0.4922835851301671,1,1,1,0,0.49812734,0.4835179509197475,Yes,High
13528,0.4300049867249167,1,1,1,0,0.4475984,0.4036148702146204,Yes,High
13538,0.4197539963626332,1,1,1,0,0.4665119,0.3496170735119449,Yes,High
13540,0.4564012477345039,1,1,1,0,0.47681624,0.4257787489758853,Yes,High
13545,0.4107441019154677,1,1,1,0,0.40261254,0.4229414118173442,Yes,High
13549,0.4463549973969054,1,1,1,0,0.4582875,0.428456172944206,Yes,High
13553,0.5016305106024703,1,1,1,1,0.5211012,0.4724244666945835,Yes,High
13558,0.4319380034207825,1,1,1,0,0.39847818,0.4821277308462867,Yes,High
13559,0.5070211023909171,1,1,1,1,0.5599173,0.4276768194691142,Yes,High
13560,0.4720288769965887,1,1,1,0,0.46563426,0.48162079268831,Yes,High
13562,0.5274988914474886,1,1,1,1,0.57959276,0.4493580522500082,Yes,High
13565,0.6349602133920921,1,1,1,1,0.7015359,0.5350966977306041,Yes,Very High
13570,0.5778533659000351,1,1,1,1,0.6121387,0.5264253521013145,Yes,Very High
13572,0.4689114408707773,1,1,1,0,0.5048297,0.415034000331202,Yes,High
13576,0.4927810597711688,1,1,1,0,0.50678915,0.4717688680425002,Yes,High
13581,0.4005486714167662,1,1,1,0,0.40012804,0.4011796159851719,Yes,High
13587,0.4136736337265628,1,1,1,0,0.3890198,0.450654388447915,Yes,High
13588,0.4735051675241564,1,1,1,0,0.53925663,0.3748779703183407,Yes,High
13593,0.4772503198895698,1,1,1,0,0.5114513,0.425948828884424,Yes,High
13599,0.4865300599618226,1,1,1,0,0.45074645,0.5402054498303606,Yes,High
13603,0.5120681359864252,1,1,1,1,0.5356422,0.4767070299627822,Yes,High
13608,0.5486676485203162,1,1,1,1,0.55833215,0.5341708885785081,Yes,High
13612,0.4849894163286787,1,1,1,0,0.512456,0.4437895410448566,Yes,High
13614,0.5836008989526469,1,1,1,1,0.63642013,0.504372021484782,Yes,Very High
13615,0.6856563966629601,1,1,1,1,0.7427184,0.6000633490973951,Yes,Very High
13617,0.4382033525753309,1,1,1,0,0.43136263,0.4484644231320148,Yes,High
13618,0.6678467270935506,1,1,1,1,0.69703555,0.6240634315224814,Yes,Very High
13624,0.4538139853941217,1,1,1,0,0.4760084,0.4205223555532136,Yes,High
13633,0.4088686714464193,1,1,1,0,0.41542375,0.3990360373988167,Yes,High
13634,0.4697559381122477,1,1,1,0,0.5066518,0.4144120724487024,Yes,High
13636,0.5488004160667295,1,1,1,1,0.5992899,0.473066139406173,Yes,High
13638,0.6250486640790487,1,1,1,1,0.65450984,0.5808568668016256,Yes,Very High
13640,0.5327756253589672,1,1,1,1,0.54474825,0.5148166784916028,Yes,High
13644,0.8556325266871732,1,1,1,1,0.86642677,0.839441078432868,Yes,Very High
13646,0.4602840362252123,1,1,1,0,0.48590672,0.4218499656173901,Yes,High
13647,0.4003749102456853,1,1,1,0,0.4116084,0.3835246488708965,Yes,High
13648,0.454822542270376,1,1,1,0,0.4415979,0.4746594329683822,Yes,High
13652,0.5800722713733197,1,1,1,1,0.5349802,0.6477103818119765,Yes,Very High
13656,0.6547205050683144,1,1,1,1,0.68603677,0.6077460696041889,Yes,Very High
13662,0.4467019459168354,1,1,1,0,0.45770887,0.4301915368835726,Yes,High
13670,0.4948041854166022,1,1,1,0,0.50058955,0.4861261243281343,Yes,High
13674,0.5339883815322263,1,1,1,1,0.5449989,0.5174726126278298,Yes,High
13680,0.4037208190173093,1,1,1,0,0.4132528,0.3894228315875389,Yes,High
13682,0.4168549036438707,1,1,1,0,0.45227164,0.3637297837573893,Yes,High
13684,0.6057038408384511,1,1,1,1,0.63619107,0.5599729224706166,Yes,Very High
13685,0.437411474229467,1,1,1,0,0.40857926,0.4806597581544818,Yes,High
13692,0.4308872547821011,1,1,1,0,0.4249624,0.4397744752654945,Yes,High
13693,0.5131981370969327,1,1,1,1,0.48119527,0.5612023915160973,Yes,High
13696,0.5915400804046597,1,1,1,1,0.5950836,0.5862247499236974,Yes,Very High
13699,0.5024640656224072,1,1,1,1,0.55586016,0.4223698617794065,Yes,High
13702,0.4271237645499708,1,1,1,0,0.5152023,0.2950059855860478,Yes,High
13706,0.5604310664494219,1,1,1,1,0.5878054,0.5193695507842754,Yes,Very High
13707,0.4643010716563214,1,1,1,0,0.45128226,0.4838292849376175,Yes,High
13710,0.4553256468055693,1,1,1,0,0.4063996,0.5287146906251826,Yes,High
13724,0.5382015764866032,1,1,1,1,0.5097216,0.5809215605640803,Yes,High
13725,0.7110977225529849,1,1,1,1,0.6993451,0.7287266237109153,Yes,Very High
13726,0.4252296448317021,1,1,1,0,0.39395875,0.472135968647115,Yes,High
13737,0.508213685445857,1,1,1,1,0.5439919,0.4545463286163207,Yes,High
13741,0.5578743993080901,1,1,1,1,0.5509531,0.568256348082733,Yes,Very High
13743,0.4646372405318336,1,1,1,0,0.48619747,0.4322968939016055,Yes,High
13745,0.7218577685048216,1,1,1,1,0.74503636,0.6870898162548824,Yes,Very High
13746,0.4321596965429238,1,1,1,0,0.43115675,0.4336641096167395,Yes,High
13748,0.6481362623627351,1,1,1,1,0.6592282,0.631498332484406,Yes,Very High
13754,0.4355063126940541,1,1,1,0,0.40380517,0.4830580171095859,Yes,High
13756,0.4116647434810808,1,1,1,0,0.37021592,0.4738379375586934,Yes,High
13765,0.5378689261953942,1,1,1,1,0.5625666,0.5008223883015196,Yes,High
13767,0.5866902013814408,1,1,1,1,0.55170023,0.6391751369327203,Yes,Very High
13768,0.6019659047012463,1,1,1,1,0.59452885,0.6131214660120347,Yes,Very High
13773,0.6747392904858355,1,1,1,1,0.71529907,0.6138995766889463,Yes,Very High
13784,0.4352517769318312,1,1,1,0,0.4332791,0.4382107520057484,Yes,High
13785,0.5600864638185971,1,1,1,1,0.55855286,0.562386823022483,Yes,Very High
13787,0.5827103254091137,1,1,1,1,0.5715371,0.5994701377777739,Yes,Very High
13792,0.513100667860602,1,1,1,1,0.53097975,0.4862819961371389,Yes,High
13795,0.6522298257416426,1,1,1,1,0.63050944,0.6848103803559985,Yes,Very High
13800,0.5079731657109489,1,1,1,1,0.5497623,0.4452893917763804,Yes,High
13801,0.4579894129201691,1,1,1,0,0.453133,0.4652740517668229,Yes,High
13802,0.6137794439100623,1,1,1,1,0.70061,0.4835335622487963,Yes,Very High
13804,0.5653809490216475,1,1,1,1,0.57953453,0.5441505169900013,Yes,Very High
13806,0.4603732857988251,1,1,1,0,0.44142452,0.4887963915581436,Yes,High
13807,0.735812917230579,1,1,1,1,0.7970166,0.6440072876166617,Yes,Very High
13810,0.6035161111930305,1,1,1,1,0.62726986,0.567885437155588,Yes,Very High
13816,0.5874502198615872,1,1,1,1,0.5979665,0.5716757815875616,Yes,Very High
13819,0.4775728734491196,1,1,1,0,0.5444538,0.3772514691347695,Yes,High
13821,0.5409940140909464,1,1,1,1,0.5965677,0.4576334996686655,Yes,High
13822,0.4427821873019442,1,1,1,0,0.4548756,0.4246420260246359,Yes,High
13831,0.5267107559551464,1,1,1,1,0.51404613,0.5457076612387266,Yes,High
13832,0.5577257060452128,1,1,1,1,0.59295994,0.5048743097592951,Yes,Very High
13836,0.4843345841107995,1,1,1,0,0.47242028,0.5022060027565138,Yes,High
13837,0.5285736469165851,1,1,1,1,0.5068651,0.56113649103452,Yes,High
13844,0.4336656989448622,1,1,1,0,0.40219998,0.4808642496152111,Yes,High
13848,0.4392688572617361,1,1,1,0,0.41853282,0.47037288551827,Yes,High
13849,0.4837030807680943,1,1,1,0,0.4841527,0.483028600500787,Yes,High
13852,0.5431739733296201,1,1,1,1,0.58540267,0.4798308873369211,Yes,High
13853,0.4066578764942961,1,1,1,0,0.3949746,0.4241827923128199,Yes,High
13856,0.4442118355768676,1,1,1,0,0.42270824,0.4764672242447128,Yes,High
13859,0.4178764138888429,1,1,1,0,0.41928366,0.4157655473230059,Yes,High
13861,0.4354082740968512,1,1,1,0,0.48676375,0.3583750371202943,Yes,High
13862,0.4505433692972235,1,1,1,0,0.46887863,0.4230404532055983,Yes,High
13867,0.533265147035888,1,1,1,1,0.55589825,0.4993154938657362,Yes,High
13871,0.5381161247935131,1,1,1,1,0.5863401,0.4657801179205961,Yes,High
13884,0.4753115414204423,1,1,1,0,0.5326793,0.3892598148738903,Yes,High
13887,0.5104075313385995,1,1,1,1,0.4931553,0.5362858476183493,Yes,High
13890,0.4262992799895932,1,1,1,0,0.40740177,0.4546455071911041,Yes,High
13894,0.4400879111281053,1,1,1,0,0.46207717,0.4071039622999767,Yes,High
13899,0.5056057803507892,1,1,1,1,0.53665245,0.4590357672860841,Yes,High
13902,0.4260060564980341,1,1,1,0,0.389055,0.4814325835072581,Yes,High
13909,0.4208471648242914,1,1,1,0,0.42476287,0.4149735401935486,Yes,High
13910,0.6537721436639479,1,1,1,1,0.6667727,0.634271199857158,Yes,Very High
13916,0.5220049922151064,1,1,1,1,0.55366415,0.4745162289546667,Yes,High
13920,0.5524033211396691,1,1,1,1,0.57036066,0.5254672971185438,Yes,Very High
13924,0.4633914763267479,1,1,1,0,0.49765593,0.4119947390098477,Yes,High
13927,0.425128853891209,1,1,1,0,0.45791563,0.3759486391492567,Yes,High
13928,0.403106740651143,1,1,1,0,0.433413,0.3576472936511349,Yes,High
13932,0.4921229324444238,1,1,1,0,0.49931565,0.4813338423033814,Yes,High
13933,0.4035190399377688,1,1,1,0,0.43104845,0.3622248907608649,Yes,High
13955,0.422415253364152,1,1,1,0,0.4462299,0.386693246272967,Yes,High
13958,0.4195561910245163,1,1,1,0,0.44137448,0.3868287564747888,Yes,High
13960,0.4258364610799957,1,1,1,0,0.38344157,0.4894287941179694,Yes,High
13961,0.4212495614266401,1,1,1,0,0.4066379,0.4431670355737224,Yes,High
13966,0.4182947248236845,1,1,1,0,0.4154727,0.422527745370197,Yes,High
13972,0.5896460182497543,1,1,1,1,0.6720458,0.4660462754541739,Yes,Very High
13974,0.4849340899910571,1,1,1,0,0.52197415,0.4293739756261412,Yes,High
13975,0.5823658015760226,1,1,1,1,0.60728,0.5449944502195821,Yes,Very High
13978,0.6224082309376701,1,1,1,1,0.68823457,0.5236686513750513,Yes,Very High
13981,0.530909114336552,1,1,1,1,0.52387285,0.5414634775508984,Yes,High
13988,0.4344049432663375,1,1,1,0,0.47217467,0.3777503318558768,Yes,High
13996,0.4317202356043704,1,1,1,0,0.43274736,0.430179483339997,Yes,High
14004,0.4510148444905254,1,1,1,0,0.45669568,0.4424935527479581,Yes,High
14012,0.4469430653640375,1,1,1,0,0.48243585,0.3937038551739715,Yes,High
14014,0.7635002631552519,1,1,1,1,0.80053425,0.7079492257554085,Yes,Very High
14016,0.5146418456069207,1,1,1,1,0.55626124,0.4522127518632948,Yes,High
14024,0.4284013537329482,1,1,1,0,0.42961147,0.4265861282155034,Yes,High
14037,0.6046003935507163,1,1,1,1,0.59766054,0.6150101715751549,Yes,Very High
14041,0.4308712567685645,1,1,1,0,0.43493262,0.4247791533168656,Yes,High
14045,0.5732041451253396,1,1,1,1,0.6611414,0.4412982247565939,Yes,Very High
14048,0.4141888541105057,1,1,1,0,0.38552332,0.4571871266073647,Yes,High
14053,0.610734881017346,1,1,1,1,0.69001704,0.491811561221229,Yes,Very High
14056,0.4522552310362153,1,1,1,0,0.4436995,0.4650888142324222,Yes,High
14058,0.4469300071073614,1,1,1,0,0.47909015,0.3986897716107574,Yes,High
14063,0.4140643889758051,1,1,1,0,0.4564141,0.3505397873751969,Yes,High
14067,0.4755804658440452,1,1,1,0,0.47752726,0.4726602436372888,Yes,High
14069,0.4210777078198707,1,1,1,0,0.4080409,0.4406328733084886,Yes,High
14072,0.6503892945869219,1,1,1,1,0.69994897,0.5760497122067837,Yes,Very High
14073,0.4619296684967425,1,1,1,0,0.45329264,0.4748851545420653,Yes,High
14074,0.5262156544430688,1,1,1,1,0.53290266,0.5161851193268189,Yes,High
14086,0.5103880944459565,1,1,1,1,0.5310797,0.4793506569189149,Yes,High
14101,0.4578793598092692,1,1,1,0,0.44673255,0.4745995136293514,Yes,High
14105,0.4000324359268017,1,1,1,0,0.34187904,0.4872625074610282,Yes,High
14107,0.5390151492500777,1,1,1,1,0.6227985,0.4133401194573627,Yes,High
14110,0.6519654215689967,1,1,1,1,0.6577475,0.6432922485760028,Yes,Very High
14121,0.4600640528173637,1,1,1,0,0.5014038,0.3980544191527843,Yes,High
14126,0.4119829684341702,1,1,1,0,0.39224273,0.4415933042379105,Yes,High
14128,0.4125442576406143,1,1,1,0,0.43515435,0.3786290615791435,Yes,High
14131,0.5929655841991699,1,1,1,1,0.55216867,0.6541609297209473,Yes,Very High
14132,0.4874813156407866,1,1,1,0,0.5248578,0.4314165306791151,Yes,High
14134,0.5238499098990028,1,1,1,1,0.5452601,0.4917346075111788,Yes,High
14140,0.5168292805910627,1,1,1,1,0.56406254,0.4459793829323151,Yes,High
14141,0.6215169091603725,1,1,1,1,0.6136032,0.6333874810689611,Yes,Very High
14142,0.4196572176507784,1,1,1,0,0.41146925,0.4319391453990522,Yes,High
14146,0.4239176850381468,1,1,1,0,0.40528566,0.4518656906641957,Yes,High
14153,0.4263317492988884,1,1,1,0,0.48343676,0.3406741985150126,Yes,High
14154,0.4269522136620344,1,1,1,0,0.42276672,0.4332304016181979,Yes,High
14156,0.4167246079915408,1,1,1,0,0.47151953,0.3345322252496192,Yes,High
14157,0.4590390638844412,1,1,1,0,0.4638195,0.4518684040348334,Yes,High
14158,0.4629160733605721,1,1,1,0,0.41626272,0.5328961018684751,Yes,High
14164,0.605204947800584,1,1,1,1,0.6502442,0.5376460602162961,Yes,Very High
14169,0.4666745775887048,1,1,1,0,0.53331417,0.3667151465884536,Yes,High
14170,0.5736436910618038,1,1,1,1,0.61524165,0.5112467128010321,Yes,Very High
14172,0.5253983057680431,1,1,1,1,0.545684,0.4949697646356383,Yes,High
14175,0.6736546120387125,1,1,1,1,0.76932096,0.5301550679757714,Yes,Very High
14177,0.4202717395214593,1,1,1,0,0.4447304,0.3835837174426405,Yes,High
14178,0.418569725741405,1,1,1,0,0.44265482,0.3824420571065415,Yes,High
14181,0.4515292005782794,1,1,1,0,0.4742146,0.4175010216845747,Yes,High
14184,0.6587367939845431,1,1,1,1,0.71023756,0.5814856260755927,Yes,Very High
14186,0.7311788262690004,1,1,1,1,0.8372231,0.5721123669954382,Yes,Very High
14189,0.4757947194160085,1,1,1,0,0.4527658,0.510338064924146,Yes,High
14192,0.6902589483196943,1,1,1,1,0.8188292,0.4974035876828949,Yes,Very High
14193,0.5206428524176444,1,1,1,1,0.5789896,0.433122678677282,Yes,High
14196,0.7789944313645689,1,1,1,1,0.7751792,0.7847172525227887,Yes,Very High
14197,0.4006608412343478,1,1,1,0,0.4509589,0.3252137416795432,Yes,High
14198,0.4296601104763417,1,1,1,0,0.4092251,0.4603125870295534,Yes,High
14200,0.6970137183571754,1,1,1,1,0.77682394,0.5772983592512453,Yes,Very High
14201,0.5496694483553249,1,1,1,1,0.54923713,0.5503179227796392,Yes,High
14205,0.4178064723648258,1,1,1,0,0.39605096,0.450439703920888,Yes,High
14211,0.4925172822824869,1,1,1,0,0.50862545,0.4683550191799187,Yes,High
14212,0.4865699377876278,1,1,1,0,0.5102622,0.4510315426244725,Yes,High
14214,0.5255493502761988,1,1,1,1,0.56733435,0.4628717852001556,Yes,High
14216,0.5054807654583627,1,1,1,1,0.594864,0.3714058527261452,Yes,High
14226,0.5415653710817898,1,1,1,1,0.56907135,0.5003063691793891,Yes,High
14228,0.4171652782450482,1,1,1,0,0.42469338,0.4058731318737976,Yes,High
14229,0.5467757801884296,1,1,1,1,0.5868108,0.486723164884717,Yes,High
14233,0.5237981833039413,1,1,1,1,0.45387203,0.6286874058392371,Yes,High
14238,0.5913542915402253,1,1,1,1,0.61076045,0.5622450533058246,Yes,Very High
14240,0.4245763676598313,1,1,1,0,0.44217706,0.3981753332502253,Yes,High
14241,0.4440274826226949,1,1,1,0,0.4480932,0.4379288831200002,Yes,High
14244,0.6700910492831673,1,1,1,1,0.76346594,0.5300286819771445,Yes,Very High
14246,0.6276395271751342,1,1,1,1,0.630248,0.6237267579965436,Yes,Very High
14257,0.445516265286376,1,1,1,0,0.51553047,0.3404949030612157,Yes,High
14258,0.4753867406599383,1,1,1,0,0.50735927,0.4274278926235092,Yes,High
14260,0.4188867169884379,1,1,1,0,0.41592345,0.4233315855929094,Yes,High
14261,0.4536568791173084,1,1,1,0,0.46089694,0.4427967892344255,Yes,High
14264,0.4990953358046452,1,1,1,0,0.49991158,0.4978709300439159,Yes,High
14274,0.4441406550389046,1,1,1,0,0.4729243,0.4009651696636067,Yes,High
14276,0.4192248777992696,1,1,1,0,0.5311555,0.2513288449364827,Yes,High
14280,0.4274973889049894,1,1,1,0,0.46521747,0.3709172506771998,Yes,High
14282,0.4035501264625356,1,1,1,0,0.43843836,0.3512177822722905,Yes,High
14286,0.525277793961145,1,1,1,1,0.5050214,0.5556623651518862,Yes,High
14291,0.6376308548664092,1,1,1,1,0.6248666,0.6567771852550505,Yes,Very High
14293,0.5494958626574458,1,1,1,1,0.587732,0.4921415863797517,Yes,High
14297,0.8081248768893854,1,1,1,1,0.81411403,0.7991410962561705,Yes,Very High
14298,0.415696528857836,1,1,1,0,0.42628542,0.399813198312841,Yes,High
14301,0.4894785667172416,1,1,1,0,0.4982973,0.4762504460194072,Yes,High
14303,0.5206683058831484,1,1,1,1,0.5011494,0.5499465960496144,Yes,High
14309,0.4573497140190008,1,1,1,0,0.41651455,0.5186024590782827,Yes,High
14311,0.6503048128012748,1,1,1,1,0.69188696,0.5879315451095333,Yes,Very High
14314,0.4605952366203764,1,1,1,0,0.4506767,0.4754729976283258,Yes,High
14315,0.4681280110096105,1,1,1,0,0.4515973,0.4929240429935774,Yes,High
14317,0.4453893236812687,1,1,1,0,0.45295495,0.4340408574781655,Yes,High
14320,0.5573358049862116,1,1,1,1,0.52055913,0.6125007845144791,Yes,Very High
14327,0.4953249455199582,1,1,1,0,0.5039935,0.4823220671976462,Yes,High
14331,0.5483012468306243,1,1,1,1,0.6365977,0.4158565329233853,Yes,High
14340,0.4583546774017035,1,1,1,0,0.45935768,0.456850145366594,Yes,High
14350,0.7703197637492081,1,1,1,1,0.79782605,0.7290602572991599,Yes,Very High
14351,0.4800266789922972,1,1,1,0,0.5184446,0.4223997561956096,Yes,High
14352,0.4469034230249813,1,1,1,0,0.4019792,0.5142897381230422,Yes,High
14368,0.527830782568798,1,1,1,1,0.5565234,0.4847918526240822,Yes,High
14369,0.4392352491771638,1,1,1,0,0.4392324,0.4392394647388308,Yes,High
14370,0.4726895680690693,1,1,1,0,0.49555382,0.4383931285800754,Yes,High
14373,0.4014526160532287,1,1,1,0,0.38934755,0.4196101804509885,Yes,High
14374,0.5159697562680741,1,1,1,1,0.5757136,0.4263539687360573,Yes,High
14378,0.5183371564019764,1,1,1,1,0.46616906,0.5965892871889086,Yes,High
14382,0.4565057522898753,1,1,1,0,0.43966916,0.481760592968722,Yes,High
14383,0.4285467144183931,1,1,1,0,0.3988201,0.473136610372021,Yes,High
14385,0.6884682563657974,1,1,1,1,0.6861701,0.6919154742646751,Yes,Very High
14388,0.4739134446239481,1,1,1,0,0.54163855,0.3723257371425652,Yes,High
14389,0.4877291734389701,1,1,1,0,0.53698117,0.413851170582632,Yes,High
14390,0.4327471520765388,1,1,1,0,0.43096384,0.4354220544953555,Yes,High
14391,0.6612721956343122,1,1,1,1,0.6514251,0.6760427297578919,Yes,Very High
14392,0.4382422877536047,1,1,1,0,0.42428413,0.4591795089805695,Yes,High
14400,0.5032067913485203,1,1,1,1,0.471103,0.5513624148251199,Yes,High
14410,0.5092376316062026,1,1,1,1,0.5225966,0.4891991229035985,Yes,High
14411,0.4312948765326676,1,1,1,0,0.44659385,0.4083464001539193,Yes,High
14412,0.5618207912871394,1,1,1,1,0.5862906,0.5251160664432131,Yes,Very High
14413,0.591523774583563,1,1,1,1,0.64166003,0.5163193695729592,Yes,Very High
14415,0.5168505516818338,1,1,1,1,0.5206805,0.511105633569552,Yes,High
14417,0.4585002009670143,1,1,1,0,0.47566643,0.4327507924537372,Yes,High
14424,0.4401217628581915,1,1,1,0,0.46852592,0.3975155028362058,Yes,High
14441,0.4124461301515534,1,1,1,0,0.37014633,0.4758957868690376,Yes,High
14444,0.558258292963371,1,1,1,1,0.597233,0.4997961915787691,Yes,Very High
14447,0.4040571206686155,1,1,1,0,0.40758422,0.3987664490633348,Yes,High
14456,0.449369292876506,1,1,1,0,0.46938273,0.4193491027290229,Yes,High
14457,0.4207682403096091,1,1,1,0,0.43598628,0.3979411205074516,Yes,High
14466,0.617356333709657,1,1,1,1,0.6305413,0.5975788175486023,Yes,Very High
14468,0.5300596589584755,1,1,1,1,0.5632504,0.4802734987784444,Yes,High
14470,0.4552648122763459,1,1,1,0,0.42974114,0.4935503144204181,Yes,High
14475,0.503751432248381,1,1,1,1,0.47659522,0.5444856865913352,Yes,High
14479,0.5660577253792999,1,1,1,1,0.556382,0.5805712531741256,Yes,Very High
14486,0.4173134315458996,1,1,1,0,0.38323203,0.4684355230252105,Yes,High
14499,0.4424511736072697,1,1,1,0,0.41532543,0.4831397770438585,Yes,High
14501,0.4960764489406478,1,1,1,0,0.5109068,0.473830884157154,Yes,High
14506,0.4573914964027882,1,1,1,0,0.49554765,0.4001572626401186,Yes,High
14507,0.4430959133778108,1,1,1,0,0.41622785,0.4833980049873623,Yes,High
14510,0.5419793123345328,1,1,1,1,0.54441875,0.5383200929415108,Yes,High
14513,0.4567540408714325,1,1,1,0,0.47955796,0.4225481603403168,Yes,High
14527,0.7000865661657382,1,1,1,1,0.790355,0.5646838306279304,Yes,Very High
14544,0.419453675404969,1,1,1,0,0.43003684,0.4035788646732348,Yes,High
14546,0.4238970112258499,1,1,1,0,0.43723458,0.4038906423882406,Yes,High
14552,0.5473439344639048,1,1,1,1,0.58283234,0.4941113166199291,Yes,High
14565,0.4084684506425363,1,1,1,0,0.43057823,0.3753037639878943,Yes,High
14569,0.5293883202682383,1,1,1,1,0.57914555,0.4547524745788294,Yes,High
14570,0.4732869931713079,1,1,1,0,0.50738585,0.4221386632957396,Yes,High
14581,0.4378609282684321,1,1,1,0,0.45905197,0.4060743557691562,Yes,High
14597,0.4889844580246166,1,1,1,0,0.5093506,0.4584352482738982,Yes,High
14610,0.5603752326899925,1,1,1,1,0.6512249,0.4241006553009545,Yes,Very High
14626,0.5014255542281331,1,1,1,1,0.50200695,0.5005534486778233,Yes,High
14629,0.542476578620522,1,1,1,1,0.5074663,0.5949919275131047,Yes,High
14648,0.5309953550824028,1,1,1,1,0.47495297,0.6150588791391507,Yes,High
14655,0.4036654488693906,1,1,1,0,0.40948755,0.3949322815863375,Yes,High
14656,0.4687052193370612,1,1,1,0,0.45191777,0.4938863523520905,Yes,High
14659,0.6032634100228074,1,1,1,1,0.62385464,0.572376554436863,Yes,Very High
14667,0.4944338722887813,1,1,1,0,0.5735822,0.3757113774277715,Yes,High
14673,0.4129064795117512,1,1,1,0,0.40217584,0.4290024108541346,Yes,High
14687,0.5580160133620573,1,1,1,1,0.54799396,0.5730490666082684,Yes,Very High
14689,0.406258462809839,1,1,1,0,0.42210376,0.3824904534799808,Yes,High
14691,0.4390280690195586,1,1,1,0,0.42524418,0.4597038394218747,Yes,High
14696,0.4673160493966302,1,1,1,0,0.5343764,0.366725519447615,Yes,High
14711,0.4723683935922192,1,1,1,0,0.4807286,0.4598280893072005,Yes,High
14714,0.478778386188233,1,1,1,0,0.4674119,0.4958280773775877,Yes,High
14716,0.4288543969517329,1,1,1,0,0.41369945,0.4515867829634195,Yes,High
14717,0.5153917002302151,1,1,1,1,0.48548692,0.5602488487019492,Yes,High
14720,0.5171112842159296,1,1,1,1,0.4982563,0.5453937070560516,Yes,High
14722,0.4863761855739875,1,1,1,0,0.5088662,0.4526411477671372,Yes,High
14724,0.4045765799902211,1,1,1,0,0.44379693,0.345746006226125,Yes,High
14728,0.4158132832087345,1,1,1,0,0.43304902,0.3899596285912562,Yes,High
14738,0.4398528151894312,1,1,1,0,0.44346562,0.4344335479499649,Yes,High
14744,0.4717688492934144,1,1,1,0,0.4760799,0.4653022269408496,Yes,High
14745,0.4972988027240309,1,1,1,0,0.4871689,0.5124936148289525,Yes,High
14749,0.5675026151642637,1,1,1,1,0.6317352,0.4711536996328423,Yes,Very High
14761,0.5175527165859223,1,1,1,1,0.54441226,0.4772633638305664,Yes,High
14763,0.6336435068566966,1,1,1,1,0.6726507,0.5751326652664361,Yes,Very High
14771,0.4454209705638296,1,1,1,0,0.46817747,0.4112861803291754,Yes,High
14772,0.5006759277852022,1,1,1,1,0.5090932,0.4880499372560887,Yes,High
14774,0.462158475392653,1,1,1,0,0.5066595,0.3954068672497903,Yes,High
14779,0.4176346404481338,1,1,1,0,0.44245523,0.3804037082017478,Yes,High
14781,0.5398951849126188,1,1,1,1,0.57050234,0.4939843914864879,Yes,High
14787,0.569016341423843,1,1,1,1,0.56704384,0.5719750475283806,Yes,Very High
14788,0.4194670614335904,1,1,1,0,0.428683,0.4056431344980921,Yes,High
14806,0.5051908785846526,1,1,1,1,0.50209016,0.5098419623441236,Yes,High
14815,0.4977349363119391,1,1,1,0,0.48178658,0.5216574724393556,Yes,High
14819,0.5195255369928204,1,1,1,1,0.55165905,0.4713252412743179,Yes,High
14822,0.5818765207796655,1,1,1,1,0.58306324,0.5800964049173795,Yes,Very High
14824,0.5492586463217768,1,1,1,1,0.5438472,0.5573757662189088,Yes,High
14827,0.6264779848046272,1,1,1,1,0.6338139,0.6154740557539387,Yes,Very High
14832,0.4902137309070775,1,1,1,0,0.5031948,0.4707420840254299,Yes,High
14833,0.4248157179604325,1,1,1,0,0.46802935,0.3599952251340829,Yes,High
14842,0.5887499600033483,1,1,1,1,0.6534966,0.4916299505483413,Yes,Very High
14843,0.4919169421791699,1,1,1,0,0.48832902,0.4972988058625824,Yes,High
14846,0.4433789768651613,1,1,1,0,0.49919415,0.3596561945566258,Yes,High
14850,0.4049137482863781,1,1,1,0,0.32644305,0.5226197714165145,Yes,High
14853,0.448318798813579,1,1,1,0,0.40863532,0.5078439898127256,Yes,High
14855,0.4645306141368068,1,1,1,0,0.42607746,0.5222102928140554,Yes,High
14860,0.7024860553497807,1,1,1,1,0.7836304,0.580769522129182,Yes,Very High
14861,0.8967558233573284,1,1,1,1,0.9134387,0.8717315119093274,Yes,Very High
14866,0.5784008838137176,1,1,1,1,0.65805,0.4589271638294522,Yes,Very High
14872,0.5357570487243757,1,1,1,1,0.5489663,0.5159431293564104,Yes,High
14873,0.5524487716923461,1,1,1,1,0.59088767,0.4947904306079708,Yes,Very High
14879,0.6953114300991686,1,1,1,1,0.7327953,0.6390855535928388,Yes,Very High
14887,0.4891141237176055,1,1,1,0,0.5580642,0.3856889608891293,Yes,High
14889,0.4822887597317832,1,1,1,0,0.46201405,0.5127007806885583,Yes,High
14891,0.7543224110240333,1,1,1,1,0.75577223,0.7521476631449144,Yes,Very High
14899,0.4666952263858078,1,1,1,0,0.46688414,0.466411802059948,Yes,High
14900,0.4490869865667233,1,1,1,0,0.45674044,0.4376067782072745,Yes,High
14901,0.4015035453974513,1,1,1,0,0.42090526,0.3724009105412434,Yes,High
14902,0.4915705187317071,1,1,1,0,0.51621026,0.4546108502140487,Yes,High
14918,0.5079807349052727,1,1,1,1,0.5112787,0.5030337740994245,Yes,High
14922,0.5571939469141629,1,1,1,1,0.6187563,0.4648503961073525,Yes,Very High
14923,0.4579611751588378,1,1,1,0,0.5011627,0.3931588761886441,Yes,High
14925,0.4731367493139858,1,1,1,0,0.47578877,0.4691586555210638,Yes,High
14926,0.4282351847912198,1,1,1,0,0.3969295,0.4751937007966951,Yes,High
14927,0.4829576080115603,1,1,1,0,0.5161185,0.4332161856373068,Yes,High
14928,0.4711445173329047,1,1,1,0,0.48265925,0.45387235798089,Yes,High
14932,0.495267676249281,1,1,1,0,0.51266444,0.4691724899787093,Yes,High
14935,0.5566169908118108,1,1,1,1,0.52821636,0.5992179340302595,Yes,Very High
14937,0.4096040220624592,1,1,1,0,0.38811,0.4418450076297886,Yes,High
14938,0.4240227769652477,1,1,1,0,0.42892456,0.4166701015928067,Yes,High
14942,0.4289319438431402,1,1,1,0,0.38718128,0.4915579216415038,Yes,High
14947,0.5739362002199576,1,1,1,1,0.59659797,0.5399435164495523,Yes,Very High
14953,0.4721035006754203,1,1,1,0,0.47689804,0.4649116702657448,Yes,High
14956,0.4896968729143618,1,1,1,0,0.47486398,0.5119461881233451,Yes,High
14959,0.5978779764283633,1,1,1,1,0.627413,0.5535754490169226,Yes,Very High
14977,0.4620714181832172,1,1,1,0,0.5218531,0.3723988667556885,Yes,High
14978,0.4198899822682207,1,1,1,0,0.41726372,0.4238293213769954,Yes,High
14985,0.4658945501655733,1,1,1,0,0.46032095,0.4742549361811072,Yes,High
14992,0.5685593535095433,1,1,1,1,0.5985941,0.5235071603432248,Yes,Very High
14993,0.4020433992164256,1,1,1,0,0.37164825,0.4476360902232233,Yes,High
14994,0.6128288633374221,1,1,1,1,0.5669892,0.6815883832047005,Yes,Very High
14999,0.5634684433226496,1,1,1,1,0.6322721,0.4602628622662796,Yes,Very High
15008,0.4755408414844116,1,1,1,0,0.480805,0.4676445446022949,Yes,High
15016,0.5698460565160474,1,1,1,1,0.6103361,0.5091108943399688,Yes,Very High
15017,0.6415978047390054,1,1,1,1,0.65978956,0.6143101238060171,Yes,Very High
15019,0.4345866510319065,1,1,1,0,0.4624936,0.3927262298880395,Yes,High
15020,0.4784908874661369,1,1,1,0,0.4853685,0.4681744386331842,Yes,High
15024,0.4133074583929431,1,1,1,0,0.4049842,0.4257922997876138,Yes,High
15025,0.4933025020986648,1,1,1,0,0.5164111,0.4586395071521031,Yes,High
15026,0.408394807039913,1,1,1,0,0.39630273,0.4265329079310509,Yes,High
15032,0.4104440370630631,1,1,1,0,0.43284434,0.3768435516534767,Yes,High
15036,0.5741209054567328,1,1,1,1,0.59864163,0.5373398126606919,Yes,Very High
15037,0.4636694394019133,1,1,1,0,0.47118884,0.4523902889258876,Yes,High
15039,0.4838753306742263,1,1,1,0,0.47666186,0.4946955203701436,Yes,High
15040,0.4161692328266122,1,1,1,0,0.43280298,0.3912186043987219,Yes,High
15042,0.4954390525407394,1,1,1,0,0.5360607,0.4345065354274711,Yes,High
15043,0.472847578463864,1,1,1,0,0.46676332,0.4819739548810117,Yes,High
15047,0.4988228818712453,1,1,1,0,0.49967775,0.4975405685449193,Yes,High
15048,0.6383332053106107,1,1,1,1,0.6972113,0.5500159510178063,Yes,Very High
15049,0.5019338154390298,1,1,1,1,0.52795154,0.4629071860499289,Yes,High
15050,0.5280173367078812,1,1,1,1,0.5806106,0.4491274669308739,Yes,High
15051,0.5289477822650077,1,1,1,1,0.549883,0.4975448840530221,Yes,High
15054,0.8446768065685419,1,1,1,1,0.845925,0.8428044965849288,Yes,Very High
15055,0.8295162580501372,1,1,1,1,0.85386515,0.7929929251698987,Yes,Very High
15061,0.4958775230083019,1,1,1,0,0.49650213,0.494940551080592,Yes,High
15064,0.7129276318095236,1,1,1,1,0.73791075,0.6754529284293722,Yes,Very High
15067,0.5073696931944973,1,1,1,1,0.4487795,0.5952549628284294,Yes,High
15073,0.4497533414784733,1,1,1,0,0.4359303,0.4704878414729396,Yes,High
15075,0.4434320142939405,1,1,1,0,0.5115779,0.3412131495959353,Yes,High
15076,0.5232914301726432,1,1,1,1,0.5418274,0.4954875044458139,Yes,High
15078,0.5657555286622178,1,1,1,1,0.56812996,0.5621938716709941,Yes,Very High
15096,0.5805317905185463,1,1,1,1,0.637996,0.4943354046935442,Yes,Very High
15103,0.4282204789448834,1,1,1,0,0.42634556,0.4310328469994309,Yes,High
15104,0.651231987392584,1,1,1,1,0.7047427,0.5709658143810421,Yes,Very High
15105,0.6618946205288744,1,1,1,1,0.66116273,0.662992375768864,Yes,Very High
15110,0.4175740371435795,1,1,1,0,0.4163311,0.4194384168311741,Yes,High
15115,0.6628130823510106,1,1,1,1,0.68314123,0.632320828769906,Yes,Very High
15124,0.5388839055850576,1,1,1,1,0.5696331,0.4927600447720465,Yes,High
15125,0.6688637953162128,1,1,1,1,0.66211444,0.6789877814948394,Yes,Very High
15129,0.594453639135094,1,1,1,1,0.61246526,0.567436159514714,Yes,Very High
15132,0.5278024593713432,1,1,1,1,0.5797321,0.4499079087680949,Yes,High
15133,0.4145585327116333,1,1,1,0,0.44456777,0.3695446324268188,Yes,High
15137,0.6748032583027017,1,1,1,1,0.71043783,0.6213513794613212,Yes,Very High
15139,0.5443132362464577,1,1,1,1,0.52178264,0.57810913565246,Yes,High
15142,0.4687211704567446,1,1,1,0,0.43969312,0.5122632265874183,Yes,High
15143,0.44807282091543,1,1,1,0,0.39007413,0.5350708216767739,Yes,High
15148,0.7013182411159326,1,1,1,1,0.7666608,0.6033043736133101,Yes,Very High
15149,0.4914962125257889,1,1,1,0,0.50354904,0.4734169126640357,Yes,High
15158,0.5450262484700493,1,1,1,1,0.59238,0.4739955956118832,Yes,High
15164,0.4521054897566197,1,1,1,0,0.41679782,0.5050669545579846,Yes,High
15168,0.5669571442109617,1,1,1,1,0.62880987,0.4741780416921457,Yes,Very High
15172,0.4846729678165042,1,1,1,0,0.50472397,0.4545964405564278,Yes,High
15180,0.4508081927668169,1,1,1,0,0.4807751,0.4058578498093076,Yes,High
15182,0.5196788647764994,1,1,1,1,0.49016333,0.5639521129414621,Yes,High
15183,0.4084097216181782,1,1,1,0,0.41383427,0.4002728858721324,Yes,High
15189,0.4496285093828991,1,1,1,0,0.4375494,0.4677470954768247,Yes,High
15190,0.5303809971289583,1,1,1,1,0.56402844,0.479909785259949,Yes,High
15195,0.4194786339496658,1,1,1,0,0.4130788,0.4290783255038373,Yes,High
15197,0.479563852321712,1,1,1,0,0.46092367,0.5075240636160172,Yes,High
15200,0.4187860168645485,1,1,1,0,0.42411578,0.4107913319343587,Yes,High
15202,0.4287987220620866,1,1,1,0,0.43479222,0.4198084444641459,Yes,High
15225,0.5057690412764092,1,1,1,1,0.53166115,0.4669308590303708,Yes,High
15229,0.4635451020147058,1,1,1,0,0.5086619,0.3958698067430785,Yes,High
15230,0.4902442246962843,1,1,1,0,0.46934384,0.5215947703245426,Yes,High
15232,0.5149008108060947,1,1,1,1,0.57615846,0.4230143310828486,Yes,High
15246,0.4510267722226081,1,1,1,0,0.43277743,0.47840074887298,Yes,High
15247,0.446027068034716,1,1,1,0,0.4563712,0.4305108580388316,Yes,High
15249,0.4268680909798573,1,1,1,0,0.46146172,0.3749776133711216,Yes,High
15250,0.4708315241597693,1,1,1,0,0.45340356,0.4969734222349031,Yes,High
15255,0.458768043799129,1,1,1,0,0.506757,0.3867845333688628,Yes,High
15256,0.4053504050798321,1,1,1,0,0.36057368,0.4725154566335441,Yes,High
15257,0.487053045958003,1,1,1,0,0.45257753,0.5387662582837557,Yes,High
15258,0.4937420243961811,1,1,1,0,0.4948384,0.4920974510270356,Yes,High
15259,0.7096195815055393,1,1,1,1,0.7600273,0.6340079749745186,Yes,Very High
15264,0.4849752351806836,1,1,1,0,0.54239935,0.3988390081043732,Yes,High
15266,0.4590031380897131,1,1,1,0,0.47526973,0.4346032131327607,Yes,High
15284,0.4725460886412788,1,1,1,0,0.49280804,0.4421531109645784,Yes,High
15285,0.5008913230558197,1,1,1,1,0.4993215,0.5032460271467667,Yes,High
15289,0.5186381437525288,1,1,1,1,0.508228,0.5342532938085834,Yes,High
15291,0.5796644240076936,1,1,1,1,0.5570591,0.613572336598137,Yes,Very High
15293,0.5416750883552305,1,1,1,1,0.5684991,0.5014390437535623,Yes,High
15295,0.451366498032867,1,1,1,0,0.4648879,0.4310843695194997,Yes,High
15296,0.492830331266446,1,1,1,0,0.5190689,0.4534724234057544,Yes,High
15298,0.4802045663876293,1,1,1,0,0.55848813,0.3627791605102414,Yes,High
15302,0.4194076483648282,1,1,1,0,0.38141173,0.4764015165967895,Yes,High
15311,0.4263081585285961,1,1,1,0,0.42967227,0.4212619450981169,Yes,High
15317,0.4288047288800248,1,1,1,0,0.41068283,0.4559875738980792,Yes,High
15320,0.6883595907209412,1,1,1,1,0.71606815,0.6467966793770827,Yes,Very High
15321,0.6309190183084441,1,1,1,1,0.58980876,0.6925843877596739,Yes,Very High
15322,0.4753318688891211,1,1,1,0,0.4598089,0.4986163133437134,Yes,High
15328,0.4773521253032823,1,1,1,0,0.48625314,0.4640005848217357,Yes,High
15336,0.4160720538312223,1,1,1,0,0.42108315,0.408555376334495,Yes,High
15340,0.5140371508307153,1,1,1,1,0.5913484,0.3980702625977235,Yes,High
15346,0.542176776662546,1,1,1,1,0.5354668,0.552241711653962,Yes,High
15352,0.4429981831936044,1,1,1,0,0.48198584,0.3845166723499703,Yes,High
15354,0.5026588640161345,1,1,1,1,0.4701655,0.5513988935818248,Yes,High
15356,0.4471546449381324,1,1,1,0,0.47511867,0.4052085524097613,Yes,High
15358,0.6669109324135607,1,1,1,1,0.7049104,0.6099117198383376,Yes,Very High
15360,0.4294235640812751,1,1,1,0,0.40001556,0.4735355287911585,Yes,High
15361,0.4778620301669851,1,1,1,0,0.47597682,0.4806897786721624,Yes,High
15367,0.643594971280616,1,1,1,1,0.6355282,0.6556951030624943,Yes,Very High
15372,0.5809819454589984,1,1,1,1,0.6335413,0.5021429197588316,Yes,Very High
15373,0.473438251496152,1,1,1,0,0.4774624,0.4674020123501519,Yes,High
15374,0.4700093065644419,1,1,1,0,0.42457688,0.5381579187872798,Yes,High
15376,0.5209467370977608,1,1,1,1,0.5749441,0.4399506647563497,Yes,High
15380,0.5633825623736882,1,1,1,1,0.5637625,0.5628126769627393,Yes,Very High
15381,0.4456459461790748,1,1,1,0,0.45892593,0.4257259217755068,Yes,High
15383,0.4187047976548087,1,1,1,0,0.42309722,0.4121160999672144,Yes,High
15384,0.516383048465638,1,1,1,1,0.5460567,0.4718725298116321,Yes,High
15391,0.4317950362717042,1,1,1,0,0.41204947,0.4614133523789371,Yes,High
15396,0.5352986051689154,1,1,1,1,0.5610073,0.4967354719963087,Yes,High
15398,0.5424344070199785,1,1,1,1,0.57093537,0.4996829051384472,Yes,High
15399,0.4337830810758164,1,1,1,0,0.45405442,0.4033760649494059,Yes,High
15400,0.5223612590350984,1,1,1,1,0.47903314,0.5873534340953527,Yes,High
15405,0.4484733238128904,1,1,1,0,0.44570783,0.4526215529213557,Yes,High
15417,0.4229369977848928,1,1,1,0,0.52082527,0.276104564402799,Yes,High
15419,0.4269066349289928,1,1,1,0,0.46020618,0.3769572565014447,Yes,High
15422,0.6922015497030745,1,1,1,1,0.7606204,0.5895732216392778,Yes,Very High
15423,0.4627176428054237,1,1,1,0,0.43927455,0.4978822678860186,Yes,High
15424,0.4538084253039284,1,1,1,0,0.5321392,0.336312275222521,Yes,High
15425,0.4569933108868695,1,1,1,0,0.4572151,0.4566606115257981,Yes,High
15430,0.4415411409373744,1,1,1,0,0.4695605,0.3995120666016298,Yes,High
15434,0.5537085845956645,1,1,1,1,0.60436386,0.4777256436371409,Yes,Very High
15435,0.536847240703543,1,1,1,1,0.53113884,0.5454097861479716,Yes,High
15438,0.6857463141279663,1,1,1,1,0.6970836,0.6687403519941479,Yes,Very High
15439,0.5161962092619671,1,1,1,1,0.573962,0.4295475484682951,Yes,High
15445,0.680640434340194,1,1,1,1,0.70000815,0.6515888251750545,Yes,Very High
15447,0.6325786245578959,1,1,1,1,0.66351616,0.5861723007545956,Yes,Very High
15449,0.5090710786207001,1,1,1,1,0.50519913,0.5148789950270157,Yes,High
15454,0.5584776027075034,1,1,1,1,0.5661305,0.5469982134976937,Yes,Very High
15462,0.4238574605078731,1,1,1,0,0.40170693,0.4570832354056918,Yes,High
15465,0.5329531089330302,1,1,1,1,0.48067558,0.611369375354197,Yes,High
15474,0.5498386903622882,1,1,1,1,0.5392707,0.565690617764775,Yes,High
15482,0.4392179772689119,1,1,1,0,0.42604154,0.4589825683420337,Yes,High
15487,0.4559875401625327,1,1,1,0,0.44606385,0.4708730361782738,Yes,High
15488,0.4401987918417845,1,1,1,0,0.43294388,0.4510811289651181,Yes,High
15497,0.4475306539153954,1,1,1,0,0.47958723,0.3994457345247022,Yes,High
15499,0.4982724016947439,1,1,1,0,0.53110516,0.4490232035624213,Yes,High
15502,0.4512511517394091,1,1,1,0,0.43931913,0.4691491340072218,Yes,High
15505,0.548818706394911,1,1,1,1,0.60091627,0.4706723216217761,Yes,High
15511,0.6290487665941584,1,1,1,1,0.6670895,0.5719875591522127,Yes,Very High
15513,0.464219909985726,1,1,1,0,0.5168457,0.3852811755733315,Yes,High
15515,0.644213390328544,1,1,1,1,0.66922635,0.6066938787153799,Yes,Very High
15518,0.7976450034936677,1,1,1,1,0.8400617,0.7340198032459644,Yes,Very High
15519,0.443933024415845,1,1,1,0,0.50144535,0.3576644867893913,Yes,High
15526,0.4248744305008123,1,1,1,0,0.45508197,0.3795630623980038,Yes,High
15527,0.4476397352304778,1,1,1,0,0.46953115,0.4148025852657162,Yes,High
15535,0.5967488661543804,1,1,1,1,0.6756661,0.4783729650418653,Yes,Very High
15536,0.7146256717293882,1,1,1,1,0.7692258,0.6327254703266978,Yes,Very High
15539,0.4068969083792618,1,1,1,0,0.4072903,0.4063067691938706,Yes,High
15548,0.6879987928292113,1,1,1,1,0.70031166,0.6695294164173197,Yes,Very High
15550,0.441171286054683,1,1,1,0,0.47054663,0.3971082656289941,Yes,High
15551,0.5634409421988369,1,1,1,1,0.5845045,0.5318455979993049,Yes,Very High
15553,0.5384630961137479,1,1,1,1,0.55888414,0.5078315245403511,Yes,High
15563,0.4295567305716291,1,1,1,0,0.4363594,0.4193526585480608,Yes,High
15568,0.4111861547096562,1,1,1,0,0.39355716,0.4376296227832615,Yes,High
15571,0.4464833859604805,1,1,1,0,0.49264365,0.377242968480341,Yes,High
15573,0.5006867510216253,1,1,1,1,0.52991027,0.4568514630538267,Yes,High
15575,0.5780934593859618,1,1,1,1,0.6388196,0.4870042705991132,Yes,Very High
15579,0.4037796988585396,1,1,1,0,0.43725792,0.3535623437411595,Yes,High
15583,0.4379295724069691,1,1,1,0,0.4184892,0.4670900894789935,Yes,High
15588,0.4059575715930529,1,1,1,0,0.4108733,0.3985839509147573,Yes,High
15593,0.4417595227035429,1,1,1,0,0.44709218,0.4337604988298182,Yes,High
15595,0.4155660813822162,1,1,1,0,0.4214545,0.4067334398065536,Yes,High
15598,0.460946088224718,1,1,1,0,0.4927017,0.4133126268537566,Yes,High
15601,0.5127572502993265,1,1,1,1,0.5276108,0.4904769575354255,Yes,High
15602,0.5913997388675453,1,1,1,1,0.6213413,0.5464873703307513,Yes,Very High
15607,0.4360833863899181,1,1,1,0,0.4034537,0.4850278671793814,Yes,High
15611,0.5659475522571068,1,1,1,1,0.6008753,0.5135559035671902,Yes,Very High
15622,0.6476942153542283,1,1,1,1,0.7168542,0.5439541865808376,Yes,Very High
15625,0.4883350527278957,1,1,1,0,0.49772722,0.4742467641811513,Yes,High
15626,0.7851255969585773,1,1,1,1,0.8439079,0.6969521533404284,Yes,Very High
15627,0.576208368381216,1,1,1,1,0.5269491,0.6500972445814657,Yes,Very High
15632,0.4161282162346301,1,1,1,0,0.41633847,0.415812800446614,Yes,High
15634,0.5722098818513295,1,1,1,1,0.5809171,0.5591489799550526,Yes,Very High
15635,0.5436203230107204,1,1,1,1,0.569564,0.5047048004181125,Yes,High
15641,0.6426817868395358,1,1,1,1,0.5851825,0.7289307053495718,Yes,Very High
15642,0.4649606651893879,1,1,1,0,0.5485363,0.3395971672812168,Yes,High
15647,0.5456123262145599,1,1,1,1,0.55663276,0.5290816499537428,Yes,High
15654,0.7712037648357501,1,1,1,1,0.7920077,0.7399978701267519,Yes,Very High
15657,0.5239126912598873,1,1,1,1,0.5259575,0.5208454111827078,Yes,High
15670,0.5368497207642614,1,1,1,1,0.5113228,0.5751400775911955,Yes,High
15678,0.4161092887589664,1,1,1,0,0.48637974,0.3107035781615306,Yes,High
15679,0.4787795204100569,1,1,1,0,0.5058087,0.4382356897437473,Yes,High
15684,0.4277583322795423,1,1,1,0,0.4607836,0.378220369883426,Yes,High
15687,0.5323729838334672,1,1,1,1,0.5604818,0.490209764590649,Yes,High
15692,0.6349722576030621,1,1,1,1,0.59666276,0.6924365043363296,Yes,Very High
15693,0.5300635288537594,1,1,1,1,0.5561201,0.49097863097515,Yes,High
15696,0.4149389571586536,1,1,1,0,0.45345524,0.3571645186939057,Yes,High
15700,0.4143401181991323,1,1,1,0,0.47915873,0.3171121568221411,Yes,High
15707,0.4569418703096212,1,1,1,0,0.45455506,0.4605220195097479,Yes,High
15708,0.5550447872268544,1,1,1,1,0.5795808,0.5182407475976611,Yes,Very High
15712,0.4454577941799581,1,1,1,0,0.43628323,0.45921960947524,Yes,High
15713,0.4446127926093997,1,1,1,0,0.4641506,0.4153060701446386,Yes,High
15719,0.6370377390916284,1,1,1,1,0.67489415,0.5802530421155532,Yes,Very High
15725,0.4474049402036086,1,1,1,0,0.42222577,0.4851736607049444,Yes,High
15726,0.5126730659135064,1,1,1,1,0.52848977,0.4889479673226375,Yes,High
15729,0.5506288489288352,1,1,1,1,0.55521363,0.5437516621217784,Yes,Very High
15730,0.6821055740741232,1,1,1,1,0.69093925,0.6688550190695471,Yes,Very High
15740,0.5586788098210027,1,1,1,1,0.6154107,0.473580966441316,Yes,Very High
15759,0.546048775391067,1,1,1,1,0.4966498,0.6201471762763583,Yes,High
15762,0.4278834145302297,1,1,1,0,0.4252781,0.4317913902388816,Yes,High
15765,0.526228200676562,1,1,1,1,0.496998,0.5700734537902514,Yes,High
15766,0.5449221669068127,1,1,1,1,0.5467581,0.5421682294284773,Yes,High
15772,0.5283057746841135,1,1,1,1,0.54885393,0.4974834763888574,Yes,High
15773,0.455167672691495,1,1,1,0,0.41855863,0.5100811810735633,Yes,High
15774,0.5200471960444643,1,1,1,1,0.52753526,0.5088150707233432,Yes,High
15776,0.4946245426145606,1,1,1,0,0.5019138,0.4836906180300844,Yes,High
15779,0.4688182358746088,1,1,1,0,0.45287642,0.4927309316407533,Yes,High
15783,0.4917932533022439,1,1,1,0,0.5104677,0.463781526385912,Yes,High
15788,0.4935723596913272,1,1,1,0,0.53288406,0.4346047476188973,Yes,High
15797,0.4512398858570557,1,1,1,0,0.44899008,0.4546145398675158,Yes,High
15800,0.6454138743363854,1,1,1,1,0.6514689,0.6363313614038221,Yes,Very High
15804,0.4742020485039333,1,1,1,0,0.43549064,0.5322691344310292,Yes,High
15805,0.7998997613150268,1,1,1,1,0.7788403,0.8314889034525527,Yes,Very High
15806,0.5315052599352733,1,1,1,1,0.56623775,0.4794064985320308,Yes,High
15808,0.5249452504280444,1,1,1,1,0.5039106,0.5564971796580245,Yes,High
15809,0.589118513334399,1,1,1,1,0.6621335,0.4795959663108128,Yes,Very High
15812,0.5041291552492554,1,1,1,1,0.48866197,0.5273299261203843,Yes,High
15813,0.4089693947437077,1,1,1,0,0.44065732,0.3614374805993511,Yes,High
15818,0.4382491162896412,1,1,1,0,0.42530644,0.4576631018222019,Yes,High
15821,0.4430044229427773,1,1,1,0,0.44762886,0.4360677141944066,Yes,High
15825,0.4311636839311205,1,1,1,0,0.45651415,0.3931379700702634,Yes,High
15826,0.5235612573732922,1,1,1,1,0.5390201,0.5003729170833999,Yes,High
15838,0.4930399320004041,1,1,1,0,0.46704373,0.5320341789418594,Yes,High
15839,0.4430654624614512,1,1,1,0,0.45015618,0.4324293830775705,Yes,High
15840,0.5600796891196684,1,1,1,1,0.6278159,0.4584753396471628,Yes,Very High
15841,0.4628430713941639,1,1,1,0,0.45470792,0.4750457678561374,Yes,High
15843,0.4395014198893955,1,1,1,0,0.4313504,0.4517279198454445,Yes,High
15853,0.4797650372544053,1,1,1,0,0.43220678,0.5511024086572535,Yes,High
15854,0.5212841416130458,1,1,1,1,0.5140943,0.5320688547516849,Yes,High
15855,0.4325384019302258,1,1,1,0,0.495887,0.337515428286525,Yes,High
15857,0.4086370926715433,1,1,1,0,0.3909331,0.4351930721644311,Yes,High
15858,0.4408560073634154,1,1,1,0,0.4355711,0.4487833321740645,Yes,High
15860,0.4059311299171915,1,1,1,0,0.4187792,0.386659018359301,Yes,High
15878,0.4315850872379074,1,1,1,0,0.43146092,0.4317713127984428,Yes,High
15883,0.4249329354474707,1,1,1,0,0.45311096,0.3826658641571211,Yes,High
15886,0.4463549052079975,1,1,1,0,0.45289811,0.4365400459370164,Yes,High
15900,0.4065781412894403,1,1,1,0,0.37098485,0.4599680449502853,Yes,High
15902,0.7698536007207468,1,1,1,1,0.7610361,0.7830798100933024,Yes,Very High
15903,0.5610023864421446,1,1,1,1,0.5980761,0.5053917637251812,Yes,Very High
15904,0.4805295400352426,1,1,1,0,0.50610125,0.4421719741153586,Yes,High
15905,0.5367647059239076,1,1,1,1,0.5123996,0.5733123291227039,Yes,High
15906,0.5796560178725364,1,1,1,1,0.59319013,0.5593548294227427,Yes,Very High
15908,0.6035627072717668,1,1,1,1,0.59068674,0.6228766455416682,Yes,Very High
15911,0.5092402318197871,1,1,1,1,0.55663097,0.4381540961758257,Yes,High
15916,0.420468395755085,1,1,1,0,0.3876837,0.469645425193987,Yes,High
15919,0.4174785607966252,1,1,1,0,0.40208626,0.4405669852873851,Yes,High
15921,0.4840505625509747,1,1,1,0,0.49115846,0.4733887080608626,Yes,High
15927,0.5108919346744587,1,1,1,1,0.46017838,0.5869622291164521,Yes,High
15931,0.4642585575021409,1,1,1,0,0.47588918,0.4468125997575877,Yes,High
15942,0.6746579764572587,1,1,1,1,0.74846756,0.563943549565426,Yes,Very High
15944,0.47294612359632,1,1,1,0,0.44339886,0.5172669547704098,Yes,High
15946,0.4376590209435415,1,1,1,0,0.46955135,0.3898204756853461,Yes,High
15948,0.5081664043379772,1,1,1,1,0.53016305,0.4751714362981289,Yes,High
15949,0.5271350922764804,1,1,1,1,0.59271616,0.4287634498331609,Yes,High
15956,0.4032985110104559,1,1,1,0,0.3694184,0.4541186216027731,Yes,High
15958,0.4228610868123442,1,1,1,0,0.43348458,0.4069257961877361,Yes,High
15960,0.4442867731498149,1,1,1,0,0.4031802,0.505946600299693,Yes,High
15966,0.6211476276666245,1,1,1,1,0.670954,0.5464380111173591,Yes,Very High
15967,0.4884137346926204,1,1,1,0,0.49527,0.4781292713142611,Yes,High
15974,0.4787059225255837,1,1,1,0,0.5237052,0.4112070296244298,Yes,High
15977,0.4418495929486603,1,1,1,0,0.46670812,0.4045617670434341,Yes,High
15983,0.4545569469637069,1,1,1,0,0.45117828,0.4596249138579748,Yes,High
15989,0.4521379603524453,1,1,1,0,0.44468608,0.4633157286990303,Yes,High
15990,0.4765541441081564,1,1,1,0,0.47274402,0.4822692739065986,Yes,High
15996,0.4292043866417742,1,1,1,0,0.41222936,0.4546669055277944,Yes,High
15997,0.5800659188236457,1,1,1,1,0.58696914,0.569711061469133,Yes,Very High
15999,0.4998770058134441,1,1,1,0,0.48332727,0.524701550597758,Yes,High
16003,0.6227555639493993,1,1,1,1,0.6587507,0.5687628107638488,Yes,Very High
16004,0.459317835955227,1,1,1,0,0.42829743,0.5058483848681166,Yes,High
16009,0.4298607596507474,1,1,1,0,0.3889717,0.4911943621314576,Yes,High
16010,0.4600796407214984,1,1,1,0,0.47293293,0.4407996698598526,Yes,High
16012,0.5066868970495869,1,1,1,1,0.5020161,0.5136930221573535,Yes,High
16013,0.4882930621495287,1,1,1,0,0.4553005,0.5377818904793363,Yes,High
16020,0.5656890156016703,1,1,1,1,0.6121318,0.4960248326624322,Yes,Very High
16021,0.455385674944497,1,1,1,0,0.47200516,0.4304564493670485,Yes,High
16036,0.5550741688106262,1,1,1,1,0.57343537,0.5275323578948288,Yes,Very High
16038,0.5348007227776941,1,1,1,1,0.56784606,0.4852326576407987,Yes,High
16043,0.4782777406185408,1,1,1,0,0.4768022,0.4804909918232609,Yes,High
16045,0.41877239865276,1,1,1,0,0.41303977,0.4273712988250648,Yes,High
16047,0.4472798467313725,1,1,1,0,0.4158853,0.4943716304092303,Yes,High
16053,0.4773533948162795,1,1,1,0,0.49628934,0.4489494134733082,Yes,High
16055,0.54631474733694,1,1,1,1,0.58569586,0.4872430145825842,Yes,High
16056,0.5854486509707966,1,1,1,1,0.60866827,0.5506192109354828,Yes,Very High
16058,0.6842161561474449,1,1,1,1,0.7320127,0.612521282192381,Yes,Very High
16062,0.5140262592691707,1,1,1,1,0.529616,0.490641606067252,Yes,High
16063,0.4385246761286642,1,1,1,0,0.46544772,0.3981400598199133,Yes,High
16064,0.4043442060929227,1,1,1,0,0.36060208,0.4699573790981592,Yes,High
16081,0.5256487779951424,1,1,1,1,0.5178835,0.5372966957927573,Yes,High
16083,0.4415899508002611,1,1,1,0,0.44289365,0.4396343958385816,Yes,High
16089,0.5346127923429296,1,1,1,1,0.5355808,0.5331607600302213,Yes,High
16094,0.4382996874597479,1,1,1,0,0.45829332,0.4083091809220138,Yes,High
16104,0.4057845470783501,1,1,1,0,0.41610265,0.390307381122656,Yes,High
16105,0.4671342401867784,1,1,1,0,0.45498008,0.4853654725267681,Yes,High
16109,0.5223618724059609,1,1,1,1,0.57916296,0.4371602033852407,Yes,High
16111,0.4640746026663337,1,1,1,0,0.4559097,0.4763219280611361,Yes,High
16113,0.4677077887178645,1,1,1,0,0.5334882,0.3690371060672366,Yes,High
16116,0.644876006998389,1,1,1,1,0.6840457,0.5861214641674585,Yes,Very High
16119,0.5224850408464654,1,1,1,1,0.53665537,0.5012295226827223,Yes,High
16120,0.4043351013567001,1,1,1,0,0.45337033,0.3307822096114235,Yes,High
16125,0.440790381643653,1,1,1,0,0.4353335,0.448975703650415,Yes,High
16126,0.4196481501687824,1,1,1,0,0.4205303,0.4183249413046389,Yes,High
16127,0.4555166705387298,1,1,1,0,0.43931994,0.479811738912628,Yes,High
16131,0.4414999049458444,1,1,1,0,0.43236578,0.4552010848009438,Yes,High
16139,0.420086983735075,1,1,1,0,0.4024262,0.4465781248974562,Yes,High
16143,0.4946832886269389,1,1,1,0,0.4765282,0.5219159103757884,Yes,High
16146,0.5188396398960543,1,1,1,1,0.5359746,0.493137122377503,Yes,High
16147,0.4477344007269296,1,1,1,0,0.4886158,0.3864122557083152,Yes,High
16149,0.6577844120585656,1,1,1,1,0.6803047,0.624003956100279,Yes,Very High
16157,0.4270961598251916,1,1,1,0,0.43615407,0.4135092386838441,Yes,High
16158,0.5995026074203884,1,1,1,1,0.59270793,0.6096946056567221,Yes,Very High
16161,0.4158896626731353,1,1,1,0,0.4713174,0.3327480260780944,Yes,High
16162,0.4226534971089637,1,1,1,0,0.4227822,0.4224603644240586,Yes,High
16164,0.4451475086864737,1,1,1,0,0.4328959,0.4635248936854071,Yes,High
16166,0.4453876309619605,1,1,1,0,0.4735719,0.4031112027730196,Yes,High
16168,0.5372808698071982,1,1,1,1,0.5451136,0.5255317249034709,Yes,High
16169,0.5368990719532503,1,1,1,1,0.48044443,0.6215810329257283,Yes,High
16172,0.4292531494560547,1,1,1,0,0.4522011,0.3948311965323257,Yes,High
16176,0.4145963923228051,1,1,1,0,0.4090389,0.4229326139122907,Yes,High
16178,0.6148426286815923,1,1,1,1,0.6151159,0.6144327055512175,Yes,Very High
16181,0.4120391656548303,1,1,1,0,0.40201473,0.4270757857934936,Yes,High
16182,0.4185694317480359,1,1,1,0,0.40739852,0.4353257667175018,Yes,High
16183,0.5021465620611629,1,1,1,1,0.50550497,0.4971088968750142,Yes,High
16185,0.5171717372778559,1,1,1,1,0.52773815,0.5013220675894382,Yes,High
16187,0.438672800185951,1,1,1,0,0.44309232,0.4320434960789294,Yes,High
16191,0.49089023381407,1,1,1,0,0.49797228,0.4802671052499349,Yes,High
16192,0.4822515873152716,1,1,1,0,0.51847154,0.4279216448562102,Yes,High
16193,0.5516643558112552,1,1,1,1,0.5207913,0.5979739214399878,Yes,Very High
16197,0.4411591524656966,1,1,1,0,0.4578563,0.4161134200236089,Yes,High
16205,0.4602495947032657,1,1,1,0,0.46592683,0.4517337477578438,Yes,High
16212,0.4752848126312126,1,1,1,0,0.48740485,0.4571047370185527,Yes,High
16213,0.4728668213557231,1,1,1,0,0.4856307,0.4537209572074382,Yes,High
16214,0.454937667243207,1,1,1,0,0.4183498,0.5098194643669439,Yes,High
16221,0.414993491924275,1,1,1,0,0.43860373,0.3795780915927614,Yes,High
16226,0.6189680746882934,1,1,1,1,0.65477866,0.565252167902832,Yes,Very High
16227,0.561587287537794,1,1,1,1,0.5844386,0.5273102560454127,Yes,Very High
16228,0.668194382758498,1,1,1,1,0.7256272,0.5820451661238069,Yes,Very High
16230,0.472147774787549,1,1,1,0,0.49047765,0.4446529152289128,Yes,High
16232,0.4573572665989278,1,1,1,0,0.49303848,0.4038354234248098,Yes,High
16239,0.6149931509868456,1,1,1,1,0.6932331,0.4976332087258877,Yes,Very High
16243,0.4612030953488927,1,1,1,0,0.48797122,0.4210508541072858,Yes,High
16244,0.4828701450388456,1,1,1,0,0.48853523,0.4743724649053873,Yes,High
16250,0.8058993467331119,1,1,1,1,0.8503076,0.739286901712464,Yes,Very High
16257,0.5386873668080898,1,1,1,1,0.5594647,0.5075213774160374,Yes,High
16258,0.421810862215963,1,1,1,0,0.42779464,0.4128351727937832,Yes,High
16261,0.4065237732152949,1,1,1,0,0.35953438,0.4770078364563014,Yes,High
16265,0.4831158638186329,1,1,1,0,0.4972512,0.4619127810465975,Yes,High
16266,0.4815052676872893,1,1,1,0,0.49657625,0.4588987501155546,Yes,High
16275,0.5122763683815569,1,1,1,1,0.53528446,0.477764201765202,Yes,High
16276,0.4382814730752799,1,1,1,0,0.43003753,0.4506473902735345,Yes,High
16277,0.5139775666106849,1,1,1,1,0.5495629,0.4605996093424931,Yes,High
16279,0.4671504728409733,1,1,1,0,0.49124178,0.4310134630434429,Yes,High
16281,0.6592655565957002,1,1,1,1,0.64089537,0.6868207669803928,Yes,Very High
16285,0.6197331803255792,1,1,1,1,0.6615394,0.5570238722397673,Yes,Very High
16289,0.4247215561262178,1,1,1,0,0.41385102,0.4410273264327169,Yes,High
16294,0.5225211385243447,1,1,1,1,0.54739636,0.4852082588656024,Yes,High
16295,0.412141276075867,1,1,1,0,0.44422847,0.364010439997979,Yes,High
16297,0.4823923609471674,1,1,1,0,0.49341688,0.465855574065535,Yes,High
16300,0.5529155761769988,1,1,1,1,0.56328887,0.5373556243309325,Yes,Very High
16303,0.7146705021462791,1,1,1,1,0.74676645,0.6665265386308118,Yes,Very High
16316,0.4682825353861908,1,1,1,0,0.44210333,0.5075513191821822,Yes,High
16322,0.4818272168349101,1,1,1,0,0.48061818,0.4836407738205974,Yes,High
16324,0.4113646660522151,1,1,1,0,0.3923567,0.4398765947112261,Yes,High
16325,0.610238579442758,1,1,1,1,0.65981936,0.5358673570818171,Yes,Very High
16330,0.4113438425880625,1,1,1,0,0.42576137,0.3897175188913829,Yes,High
16333,0.4634450555601633,1,1,1,0,0.44858947,0.4857284279562326,Yes,High
16335,0.4636519985206293,1,1,1,0,0.46685585,0.4588462007064042,Yes,High
16337,0.4605914848382177,1,1,1,0,0.49033168,0.4159811629193283,Yes,High
16338,0.5159940046904246,1,1,1,1,0.477251,0.5741084920460383,Yes,High
16345,0.5447330200005402,1,1,1,1,0.58743685,0.4806772677423631,Yes,High
16350,0.7520711768704824,1,1,1,1,0.7485661,0.7573287310794423,Yes,Very High
16353,0.4427652356506115,1,1,1,0,0.4604504,0.4162374132575408,Yes,High
16356,0.57023841943821,1,1,1,1,0.5984683,0.5278935483714114,Yes,Very High
16357,0.4164354293734377,1,1,1,0,0.4046343,0.4341371206419034,Yes,High
16360,0.654165032396874,1,1,1,1,0.681434,0.6132615429415332,Yes,Very High
16361,0.4680723256535088,1,1,1,0,0.48770177,0.4386281238662093,Yes,High
16372,0.4475281781044645,1,1,1,0,0.44888008,0.4455003008462596,Yes,High
16374,0.5354875276893899,1,1,1,1,0.5919802,0.4507484908924811,Yes,High
16375,0.4694720805726207,1,1,1,0,0.4814524,0.4515015336478145,Yes,High
16377,0.4821216347749265,1,1,1,0,0.5146332,0.4333542741674265,Yes,High
16383,0.4325280826496805,1,1,1,0,0.43792748,0.4244289649545466,Yes,High
16387,0.4717093454822773,1,1,1,0,0.46925536,0.4753902671299562,Yes,High
16396,0.4588448798593476,1,1,1,0,0.47309968,0.4374626517138367,Yes,High
16405,0.4135229978411663,1,1,1,0,0.43331674,0.3838323288781613,Yes,High
16407,0.4746739802519544,1,1,1,0,0.5447403,0.3695744121472201,Yes,High
16412,0.49336797049307,1,1,1,0,0.54616195,0.4141769570773634,Yes,High
16418,0.4199545880289366,1,1,1,0,0.4432583,0.3849990417886499,Yes,High
16430,0.4282691530239682,1,1,1,0,0.37657654,0.5058080459267149,Yes,High
16431,0.4142139541320359,1,1,1,0,0.45306152,0.3559425441454735,Yes,High
16432,0.4738649137981904,1,1,1,0,0.46842372,0.482026638629082,Yes,High
16438,0.4482470255109431,1,1,1,0,0.44259676,0.4567224038175645,Yes,High
16443,0.6924654534760449,1,1,1,1,0.7468458,0.6108949311830933,Yes,Very High
16445,0.4342490847324666,1,1,1,0,0.48027715,0.3652069259224675,Yes,High
16449,0.4697597029791494,1,1,1,0,0.45369464,0.4938572652603734,Yes,High
16451,0.5142403427271649,1,1,1,1,0.53630733,0.4811398395668976,Yes,High
16452,0.5897425679960047,1,1,1,1,0.5630843,0.6297299187874281,Yes,Very High
16455,0.4080068682460619,1,1,1,0,0.39582267,0.4262831223082128,Yes,High
16459,0.4285014547277,1,1,1,0,0.40158263,0.4688796717346973,Yes,High
16460,0.4112817456929493,1,1,1,0,0.37368047,0.4676836258691073,Yes,High
16464,0.5030173636982941,1,1,1,1,0.5281942,0.4652520958359299,Yes,High
16465,0.403122976042928,1,1,1,0,0.37340927,0.447693503444646,Yes,High
16468,0.4918195908507299,1,1,1,0,0.5035997,0.4741493625542996,Yes,High
16471,0.4622735476869651,1,1,1,0,0.5352619,0.3527909756646328,Yes,High
16473,0.5380598321462139,1,1,1,1,0.5414395,0.5329903252185545,Yes,High
16474,0.4563862893502506,1,1,1,0,0.5358096,0.3372513288062295,Yes,High
16478,0.6424424984676336,1,1,1,1,0.6165151,0.681333551462167,Yes,Very High
16479,0.4089820557303758,1,1,1,0,0.37492242,0.4600714950431216,Yes,High
16483,0.5753122526585134,1,1,1,1,0.61033565,0.5227771297541937,Yes,Very High
16499,0.4148531448971444,1,1,1,0,0.3982886,0.4396999359456733,Yes,High
16500,0.4566492855349744,1,1,1,0,0.53531384,0.3386523872116121,Yes,High
16506,0.5013954461169831,1,1,1,1,0.45349494,0.57324621095076,Yes,High
16509,0.7118936350074996,1,1,1,1,0.7181415,0.7025217687407109,Yes,Very High
16510,0.4985976956615797,1,1,1,0,0.52152365,0.4642087574625887,Yes,High
16511,0.4780025509277863,1,1,1,0,0.48198712,0.4720256545344698,Yes,High
16515,0.4431880781580972,1,1,1,0,0.4219867,0.4749901020352959,Yes,High
16524,0.4732807783287553,1,1,1,0,0.4469276,0.5128104756280255,Yes,High
16533,0.4260622064949954,1,1,1,0,0.45943305,0.3760059427921683,Yes,High
16536,0.5099086549221463,1,1,1,1,0.48879445,0.5415799683180917,Yes,High
16543,0.4794885412038716,1,1,1,0,0.5050616,0.4411288835558674,Yes,High
16550,0.6218151177572815,1,1,1,1,0.6430188,0.5900095466791611,Yes,Very High
16561,0.6607986593096156,1,1,1,1,0.67998976,0.6320119410377489,Yes,Very High
16567,0.585920218755398,1,1,1,1,0.59115934,0.578061501506949,Yes,Very High
16568,0.5053173698490149,1,1,1,1,0.55912834,0.4246008638305679,Yes,High
16569,0.4639988981491254,1,1,1,0,0.42647478,0.5202850309029038,Yes,High
16572,0.5662564951957996,1,1,1,1,0.6174004,0.4895406263027924,Yes,Very High
16577,0.427907866462393,1,1,1,0,0.4560402,0.3857093607990031,Yes,High
16584,0.4616431731878446,1,1,1,0,0.4443583,0.4875704991069253,Yes,High
16585,0.5831907013363837,1,1,1,1,0.6243764,0.5214120992290971,Yes,Very High
16588,0.7015885204002805,1,1,1,1,0.71943104,0.6748246624880898,Yes,Very High
16592,0.4109552454487207,1,1,1,0,0.39388922,0.4365542783180184,Yes,High
16597,0.465478867124695,1,1,1,0,0.50294554,0.4092787947038273,Yes,High
16603,0.6289880536867667,1,1,1,1,0.62317663,0.6377051678482415,Yes,Very High
16605,0.5057404731972511,1,1,1,1,0.5252427,0.4764871535856265,Yes,High
16614,0.4888599533117324,1,1,1,0,0.43910494,0.5634924069733694,Yes,High
16617,0.4682225057063269,1,1,1,0,0.49701205,0.4250381312215743,Yes,High
16625,0.5200220508410599,1,1,1,1,0.57971394,0.4304841565673713,Yes,High
16628,0.4820785663310288,1,1,1,0,0.52089465,0.4238544011571999,Yes,High
16631,0.5122446429558287,1,1,1,1,0.5398564,0.4708270012904429,Yes,High
16643,0.4379938838755194,1,1,1,0,0.43758282,0.4386104638067643,Yes,High
16644,0.4418157024511099,1,1,1,0,0.4525461,0.4257200616917014,Yes,High
16651,0.4797082150761569,1,1,1,0,0.48637158,0.4697131129066855,Yes,High
16667,0.6246147599388648,1,1,1,1,0.67302716,0.551996118468416,Yes,Very High
16669,0.4547989326441157,1,1,1,0,0.46341538,0.4418742551713856,Yes,High
16673,0.5118434750172282,1,1,1,1,0.50280637,0.5253990797034861,Yes,High
16676,0.5399771081129775,1,1,1,1,0.5076173,0.5885168280999029,Yes,High
16692,0.4362751977669645,1,1,1,0,0.40948597,0.4764590380160632,Yes,High
16696,0.5739880379902201,1,1,1,1,0.5800243,0.5649336121645762,Yes,Very High
16699,0.5164865696682572,1,1,1,1,0.51711506,0.5155437797938883,Yes,High
16709,0.4796618706795479,1,1,1,0,0.4660717,0.500047104262537,Yes,High
16720,0.4040652034700508,1,1,1,0,0.37058285,0.4542887131424237,Yes,High
16726,0.4169750424516975,1,1,1,0,0.41492313,0.4200528716774728,Yes,High
16728,0.5085794020039782,1,1,1,1,0.5490338,0.4478977591651046,Yes,High
16736,0.4443034983823405,1,1,1,0,0.45861897,0.4228302481645611,Yes,High
16754,0.7082896169978758,1,1,1,1,0.7049469,0.7133036695317377,Yes,Very High
16758,0.5921626989937725,1,1,1,1,0.63482666,0.5281667423488949,Yes,Very High
16790,0.4302281507516539,1,1,1,0,0.38459498,0.4986778817238003,Yes,High
16796,0.4003270393549084,1,1,1,0,0.37993252,0.430918776973754,Yes,High
16797,0.6308867242396236,1,1,1,1,0.642016,0.6141927606017292,Yes,Very High
16824,0.4180189467318127,1,1,1,0,0.44092172,0.3836647661644393,Yes,High
16829,0.5517299536676854,1,1,1,1,0.52709085,0.5886885682274028,Yes,Very High
16853,0.6116047633666158,1,1,1,1,0.63828206,0.5715887578771415,Yes,Very High
16866,0.4827848590767608,1,1,1,0,0.47585177,0.4931844565660322,Yes,High
16878,0.4114450435422412,1,1,1,0,0.42233488,0.3951102297958114,Yes,High
16881,0.6961560361815416,1,1,1,1,0.74080557,0.6291816664817242,Yes,Very High
16902,0.4336403437154068,1,1,1,0,0.40511224,0.4764324743788872,Yes,High
16907,0.557779039662484,1,1,1,1,0.5683919,0.5418597055509778,Yes,Very High
16920,0.5999202505313554,1,1,1,1,0.6804747,0.4790885189084208,Yes,Very High
16924,0.458444512853686,1,1,1,0,0.3790036,0.5776058310510318,Yes,High
16925,0.489707415393128,1,1,1,0,0.52832115,0.4317867882329574,Yes,High
16926,0.6132135345485519,1,1,1,1,0.6229047,0.5986767147845802,Yes,Very High
16932,0.5708499939353799,1,1,1,1,0.64429516,0.4606822359342215,Yes,Very High
16962,0.4863768231372197,1,1,1,0,0.53178596,0.4182630805919965,Yes,High
16964,0.5756093246128252,1,1,1,1,0.6035715,0.5336660848026701,Yes,Very High
16966,0.4136880500780783,1,1,1,0,0.5024952,0.2804772217242028,Yes,High
16988,0.4389749276740723,1,1,1,0,0.44728756,0.4265059799212647,Yes,High
16989,0.4211762126122879,1,1,1,0,0.3885473,0.4701195721415099,Yes,High
16990,0.7354273122334614,1,1,1,1,0.7517108,0.7110021069109772,Yes,Very High
17004,0.5164846316866865,1,1,1,1,0.50646293,0.5315171519649003,Yes,High
17005,0.6522006233498381,1,1,1,1,0.70767933,0.5689825465194699,Yes,Very High
17012,0.4254085292899764,1,1,1,0,0.45551,0.3802562928408773,Yes,High
17013,0.4042627329626191,1,1,1,0,0.3914236,0.4235213908052713,Yes,High
17019,0.4255004928206972,1,1,1,0,0.41709632,0.438106756830109,Yes,High
17035,0.508733158313692,1,1,1,1,0.52411383,0.4856620853231856,Yes,High
17040,0.674261260261857,1,1,1,1,0.71400756,0.6146418010958121,Yes,Very High
17050,0.6925890995498778,1,1,1,1,0.7902287,0.5461296323528592,Yes,Very High
17089,0.5310890376297583,1,1,1,1,0.5060785,0.5686048417607819,Yes,High
17101,0.4915558333287256,1,1,1,0,0.5343857,0.4273110466921372,Yes,High
17102,0.5152241710253175,1,1,1,1,0.50418085,0.5317890950609286,Yes,High
17119,0.4941074438958572,1,1,1,0,0.5016324,0.4828200211299476,Yes,High
17123,0.615129306535528,1,1,1,1,0.6209054,0.6064651524538941,Yes,Very High
17131,0.4759838034473856,1,1,1,0,0.47211647,0.4817848031130929,Yes,High
17132,0.4023228507324567,1,1,1,0,0.42488843,0.3684744787922776,Yes,High
17133,0.4069222407639949,1,1,1,0,0.44167668,0.3547905874999685,Yes,High
17151,0.5189450579200245,1,1,1,1,0.54490006,0.4800124956453982,Yes,High
17168,0.5789487760424906,1,1,1,1,0.6497419,0.4727590335310236,Yes,Very High
17170,0.4045669645720481,1,1,1,0,0.40338573,0.406338811083078,Yes,High
17189,0.6790448222475844,1,1,1,1,0.6430321,0.7330639148547244,Yes,Very High
17205,0.4491861383341635,1,1,1,0,0.46852258,0.4201814334151361,Yes,High
17215,0.4452305664590291,1,1,1,0,0.4668384,0.4128187720902988,Yes,High
17216,0.473768296790952,1,1,1,0,0.46780583,0.4827119483372432,Yes,High
17232,0.5956165723095155,1,1,1,1,0.57306236,0.629447830739075,Yes,Very High
17238,0.4873183973504041,1,1,1,0,0.5273651,0.4272483308794435,Yes,High
17239,0.4163977885365826,1,1,1,0,0.4172132,0.415174609452571,Yes,High
17250,0.5352388898764954,1,1,1,1,0.5228263,0.5538577537325288,Yes,High
17266,0.4921254257806954,1,1,1,0,0.5226289,0.4463701795659505,Yes,High
17272,0.4832237311590736,1,1,1,0,0.44155887,0.545720966753618,Yes,High
17278,0.4905255102663595,1,1,1,0,0.47518843,0.5135311095787483,Yes,High
17290,0.4143980165597109,1,1,1,0,0.41780952,0.4092807373097311,Yes,High
17292,0.4886997420406157,1,1,1,0,0.46898684,0.5182690369128721,Yes,High
17299,0.4590316753285302,1,1,1,0,0.45269945,0.4685299944622251,Yes,High
17300,0.403121037839019,1,1,1,0,0.45326117,0.327910814578741,Yes,High
17301,0.5147757263304479,1,1,1,1,0.48558703,0.5585587102476971,Yes,High
17305,0.7878960792582832,1,1,1,1,0.77810895,0.8025767217977846,Yes,Very High
17320,0.4134590249702633,1,1,1,0,0.3408984,0.5222999481969329,Yes,High
17322,0.7484166139967444,1,1,1,1,0.7301649,0.7757941918092972,Yes,Very High
17324,0.4416230092629578,1,1,1,0,0.4411446,0.4423406149409181,Yes,High
17326,0.5986515660062819,1,1,1,1,0.6243729,0.5600695508160662,Yes,Very High
17337,0.4200551762783469,1,1,1,0,0.4796588,0.3306496775656791,Yes,High
17340,0.4827896140968363,1,1,1,0,0.4492992,0.5330252108364205,Yes,High
17343,0.4430923194511029,1,1,1,0,0.42893526,0.4643278645533554,Yes,High
17348,0.4668485733071431,1,1,1,0,0.55004984,0.342046671161916,Yes,High
17351,0.4559341439169773,1,1,1,0,0.4539956,0.4588419369265756,Yes,High
17356,0.4916908853156906,1,1,1,0,0.48583883,0.500468937780346,Yes,High
17381,0.5272101274184208,1,1,1,1,0.5498998,0.4931755639741372,Yes,High
17388,0.415949392152562,1,1,1,0,0.4394684,0.3806708450931665,Yes,High
17395,0.4170162776306498,1,1,1,0,0.40227205,0.4391325884052188,Yes,High
17396,0.4820775356272846,1,1,1,0,0.5298489,0.4104205137441529,Yes,High
17397,0.5493105138038451,1,1,1,1,0.59304965,0.4837017716702954,Yes,High
17419,0.4407057641598547,1,1,1,0,0.43815634,0.4445298459760758,Yes,High
17428,0.4048838738274912,1,1,1,0,0.39699945,0.4167104819596659,Yes,High
17442,0.4094904292564009,1,1,1,0,0.38186842,0.4509234251927372,Yes,High
17443,0.4467094067043751,1,1,1,0,0.42257503,0.4829109766350909,Yes,High
17462,0.4052035121584034,1,1,1,0,0.36950254,0.4587549488902332,Yes,High
17464,0.5055774091269969,1,1,1,1,0.5763299,0.3994486328428981,Yes,High
17474,0.5665471421936457,1,1,1,1,0.59197223,0.5284094480820756,Yes,Very High
17490,0.6147915395718241,1,1,1,1,0.6125573,0.6181428513480783,Yes,Very High
17493,0.4689926562129863,1,1,1,0,0.44610018,0.5033313625602445,Yes,High
17497,0.5204012482805229,1,1,1,1,0.594757,0.4088675452876034,Yes,High
17500,0.655614737873847,1,1,1,1,0.690704,0.6029807880659273,Yes,Very High
17502,0.5671723701478805,1,1,1,1,0.59105766,0.5313443933729742,Yes,Very High
17504,0.536112549049109,1,1,1,1,0.5721702,0.4820260458748782,Yes,High
17506,0.4317719983906155,1,1,1,0,0.4451295,0.4117357104645682,Yes,High
17510,0.4771729424985965,1,1,1,0,0.46327862,0.4980143942914208,Yes,High
17512,0.4794070971489937,1,1,1,0,0.42159852,0.5661199123861869,Yes,High
17518,0.445925647273126,1,1,1,0,0.47509694,0.4021686917902599,Yes,High
17524,0.8168268810100145,1,1,1,1,0.88137424,0.7200057830380369,Yes,Very High
17528,0.437603253335215,1,1,1,0,0.4201465,0.4637883310776385,Yes,High
17535,0.4041520935144752,1,1,1,0,0.42858997,0.3674952640748843,Yes,High
17536,0.5354385314335011,1,1,1,1,0.58449453,0.4618544722471588,Yes,High
17541,0.4269166087928633,1,1,1,0,0.3582625,0.5298977210678706,Yes,High
17549,0.4619303791841727,1,1,1,0,0.4806466,0.4338559878669333,Yes,High
17552,0.4772270225280055,1,1,1,0,0.4942667,0.4516675081833025,Yes,High
17554,0.6951319887650033,1,1,1,1,0.75155807,0.6104928290873815,Yes,Very High
17555,0.6684482362929478,1,1,1,1,0.7348272,0.5688796855666973,Yes,Very High
17556,0.5888528172873218,1,1,1,1,0.5949321,0.5797339093443648,Yes,Very High
17558,0.8114025641623586,1,1,1,1,0.8311418,0.7817936065652592,Yes,Very High
17564,0.8128982648743189,1,1,1,1,0.8159008,0.808394443366179,Yes,Very High
17566,0.5049656749108904,1,1,1,1,0.53553236,0.4591156096109433,Yes,High
17568,0.4580126735711997,1,1,1,0,0.42809972,0.5028820865216119,Yes,High
17587,0.8523175974195015,1,1,1,1,0.85933197,0.8417960155767231,Yes,Very High
17589,0.4039673047247781,1,1,1,0,0.40003273,0.4098691386439538,Yes,High
17601,0.430178749052072,1,1,1,0,0.45572793,0.3918549107695231,Yes,High
17603,0.4928881198534175,1,1,1,0,0.4868711,0.5019136444650104,Yes,High
17618,0.6614632722257126,1,1,1,1,0.6763394,0.6391490540202825,Yes,Very High
17619,0.4190536494028782,1,1,1,0,0.44612962,0.3784396635920345,Yes,High
17624,0.4403105218270528,1,1,1,0,0.41096336,0.4843312474735349,Yes,High
17627,0.4004457797246851,1,1,1,0,0.40198782,0.3981327031149658,Yes,High
17628,0.661678163437985,1,1,1,1,0.6842363,0.6278409019831385,Yes,Very High
17629,0.6041355959272545,1,1,1,1,0.62543887,0.572180656516592,Yes,Very High
17639,0.4966103784465823,1,1,1,0,0.51851207,0.4637578259468161,Yes,High
17650,0.582491338526684,1,1,1,1,0.6255981,0.5178312219070343,Yes,Very High
17651,0.4112279886098252,1,1,1,0,0.4624837,0.3343444004882243,Yes,High
17652,0.406002250849226,1,1,1,0,0.38840747,0.4323944015776587,Yes,High
17653,0.548712532126764,1,1,1,1,0.5811505,0.5000555773671953,Yes,High
17654,0.4275585168034643,1,1,1,0,0.47999358,0.3489058597462401,Yes,High
17664,0.4384533248410195,1,1,1,0,0.37676242,0.5309896747434065,Yes,High
17666,0.4587804643368555,1,1,1,0,0.42904803,0.5033790985881866,Yes,High
17668,0.7342796070235323,1,1,1,1,0.735937,0.7317935036761938,Yes,Very High
17671,0.413982077332093,1,1,1,0,0.47523388,0.32210435443062,Yes,High
17673,0.5536405527294384,1,1,1,1,0.5632145,0.5392796009035671,Yes,Very High
17674,0.4690473175100172,1,1,1,0,0.49952087,0.4233369469770999,Yes,High
17682,0.5456499049968936,1,1,1,1,0.58401525,0.4881018871832434,Yes,High
17689,0.682441407048149,1,1,1,1,0.64991874,0.7312253703759191,Yes,Very High
17690,0.5040534544210167,1,1,1,1,0.5316048,0.4627263814758587,Yes,High
17694,0.4286568043350125,1,1,1,0,0.4548008,0.3894407743510963,Yes,High
17697,0.500408041289556,1,1,1,1,0.53760445,0.4446133668499883,Yes,High
17702,0.522573539059544,1,1,1,1,0.55238265,0.4778598458597669,Yes,High
17704,0.4776268285677508,1,1,1,0,0.44970572,0.5195084914976545,Yes,High
17708,0.4482297028373433,1,1,1,0,0.45532325,0.4375893685397389,Yes,High
17709,0.4151452430706737,1,1,1,0,0.43956742,0.3785119823171491,Yes,High
17711,0.5329184950564382,1,1,1,1,0.55577654,0.4986314031417362,Yes,High
17722,0.6125762665764797,1,1,1,1,0.6116378,0.6139839948456258,Yes,Very High
17739,0.4334339350315477,1,1,1,0,0.5251358,0.295881070160008,Yes,High
17741,0.6629261453202931,1,1,1,1,0.7213299,0.5753204423317235,Yes,Very High
17744,0.5770321675800504,1,1,1,1,0.5716946,0.5850384852943871,Yes,Very High
17745,0.4741124966673756,1,1,1,0,0.49782583,0.4385424800050023,Yes,High
17751,0.4652640048524799,1,1,1,0,0.42877746,0.5199937830023622,Yes,High
17755,0.5048175209278404,1,1,1,1,0.5386024,0.4541401697979716,Yes,High
17757,0.4013805955426683,1,1,1,0,0.3383216,0.4959690868300174,Yes,High
17767,0.4456005000070008,1,1,1,0,0.44107983,0.4523814973720093,Yes,High
17770,0.5024646972302929,1,1,1,1,0.5254893,0.4679277923415936,Yes,High
17771,0.5539868029427418,1,1,1,1,0.5473199,0.5639871588527882,Yes,Very High
17774,0.5292821640346689,1,1,1,1,0.49630466,0.5787483887310432,Yes,High
17777,0.4705902010602936,1,1,1,0,0.40660554,0.5665671751904449,Yes,High
17784,0.5845665559302546,1,1,1,1,0.6137266,0.5408264510658328,Yes,Very High
17785,0.4680531865082235,1,1,1,0,0.46938992,0.4660480334664511,Yes,High
17796,0.4393363031616006,1,1,1,0,0.4243977,0.4617441527223075,Yes,High
17803,0.4785633397326042,1,1,1,0,0.47648802,0.4816763133369808,Yes,High
17807,0.4940748662335178,1,1,1,0,0.5679726,0.3832282499925545,Yes,High
17816,0.4558296753936917,1,1,1,0,0.4562996,0.4551247393026724,Yes,High
17817,0.4810622959031241,1,1,1,0,0.45838475,0.5150786113474708,Yes,High
17820,0.4345488454276376,1,1,1,0,0.41185045,0.4685964200332894,Yes,High
17826,0.4834462244262248,1,1,1,0,0.46674478,0.5084983604525403,Yes,High
17827,0.6305661965429677,1,1,1,1,0.65733624,0.5904110940843557,Yes,Very High
17828,0.5727511409937468,1,1,1,1,0.57923096,0.5630313764063335,Yes,Very High
17830,0.5424211026755694,1,1,1,1,0.5510351,0.5295000974157759,Yes,High
17836,0.5765344401480909,1,1,1,1,0.6694495,0.4371618231838333,Yes,Very High
17841,0.8495428012375859,1,1,1,1,0.8620966,0.830712031961686,Yes,Very High
17843,0.5209954208842111,1,1,1,1,0.5151593,0.5297495739438117,Yes,High
17848,0.4935467692223014,1,1,1,0,0.49581584,0.490143113336668,Yes,High
17850,0.5053373139260257,1,1,1,1,0.49297044,0.5238876146967323,Yes,High
17852,0.4648704791648277,1,1,1,0,0.4725843,0.4532997222202739,Yes,High
17853,0.409709849086222,1,1,1,0,0.3954094,0.4311604999671801,Yes,High
17854,0.8250862287183733,1,1,1,1,0.84360886,0.7973022576918533,Yes,Very High
17861,0.4417138619615401,1,1,1,0,0.42972472,0.4596975255493734,Yes,High
17862,0.4244030183477127,1,1,1,0,0.40371156,0.4554401874350815,Yes,High
17868,0.7020045271734621,1,1,1,1,0.68912214,0.7213280477176669,Yes,Very High
17872,0.4803612614235662,1,1,1,0,0.56089586,0.3595593036615309,Yes,High
17874,0.4182691966518855,1,1,1,0,0.40523902,0.4378144306503475,Yes,High
17881,0.6401701781312895,1,1,1,1,0.68312913,0.5757316731314541,Yes,Very High
17887,0.4057398356784318,1,1,1,0,0.3977854,0.4176714812191662,Yes,High
17898,0.5797864541958302,1,1,1,1,0.6362123,0.4951476418849153,Yes,Very High
17909,0.4389798667230246,1,1,1,0,0.43401653,0.4464248632883124,Yes,High
17914,0.595315309679475,1,1,1,1,0.62556773,0.5499365983306532,Yes,Very High
17920,0.4607748584574302,1,1,1,0,0.4780473,0.4348661493822537,Yes,High
17922,0.5794598473513577,1,1,1,1,0.56974673,0.594029504409545,Yes,Very High
17927,0.4314557339851682,1,1,1,0,0.4896871,0.3441086476307672,Yes,High
17932,0.4089690734727844,1,1,1,0,0.37506258,0.4598287840146979,Yes,High
17941,0.6864668919553585,1,1,1,1,0.63930875,0.7572040443396136,Yes,Very High
17942,0.4584592996068505,1,1,1,0,0.42289698,0.5118027622569868,Yes,High
17948,0.7914743476533046,1,1,1,1,0.7819974,0.8056897802708424,Yes,Very High
17956,0.4212861023419387,1,1,1,0,0.3680914,0.5010781342966574,Yes,High
17961,0.4900136831648471,1,1,1,0,0.47387195,0.514226243706376,Yes,High
17972,0.456315720368383,1,1,1,0,0.4862287,0.4114462293410243,Yes,High
17975,0.5289492954389055,1,1,1,1,0.5254608,0.5341820541957515,Yes,High
17985,0.4965731646267026,1,1,1,0,0.4774446,0.5252659682550652,Yes,High
17990,0.4041054783015655,1,1,1,0,0.34267235,0.4962551439179,Yes,High
17997,0.5759726312559756,1,1,1,1,0.5384929,0.6321921564146658,Yes,Very High
17998,0.4533310767142464,1,1,1,0,0.43295175,0.4839000692289295,Yes,High
18027,0.4449471675786217,1,1,1,0,0.42748857,0.4711350409768124,Yes,High
18034,0.6267268124977224,1,1,1,1,0.6067634,0.6566718379059119,Yes,Very High
18045,0.4314077839780403,1,1,1,0,0.43276992,0.4293645286382619,Yes,High
18048,0.4311171090139326,1,1,1,0,0.37989765,0.5079462541971048,Yes,High
18053,0.429666102272265,1,1,1,0,0.38512692,0.4964748405963003,Yes,High
18057,0.4726627925526228,1,1,1,0,0.4984014,0.4340548464385484,Yes,High
18076,0.4103544594703634,1,1,1,0,0.41968787,0.3963543330278295,Yes,High
18077,0.4656871469444089,1,1,1,0,0.40376908,0.5585642312035095,Yes,High
18089,0.4030621202566369,1,1,1,0,0.4124401,0.3889951486831266,Yes,High
18100,0.5717876415915374,1,1,1,1,0.60125583,0.5275853379237364,Yes,Very High
18101,0.5956984938415473,1,1,1,1,0.64059955,0.5283468666753631,Yes,Very High
18111,0.7132264827787134,1,1,1,1,0.7306548,0.6870840129999449,Yes,Very High
18113,0.510010580806787,1,1,1,1,0.47587395,0.5612155313016354,Yes,High
18118,0.4103235556612991,1,1,1,0,0.38719067,0.4450228695895729,Yes,High
18129,0.4823736869486016,1,1,1,0,0.43377557,0.5552708415170119,Yes,High
18130,0.5113783967052468,1,1,1,1,0.5354458,0.4752772777166387,Yes,High
18132,0.4209728879974508,1,1,1,0,0.3716504,0.4949566084261299,Yes,High
18142,0.4823342003087875,1,1,1,0,0.5102743,0.4404240195107154,Yes,High
18151,0.4513440662372832,1,1,1,0,0.4428597,0.4640705718966138,Yes,High
18154,0.5809902676401024,1,1,1,1,0.55968416,0.6129493883394911,Yes,Very High
18192,0.5169546972268257,1,1,1,1,0.5229598,0.5079470005019092,Yes,High
18216,0.4452824169264041,1,1,1,0,0.40316015,0.5084657728338745,Yes,High
18270,0.4915359080975668,1,1,1,0,0.45833623,0.5413353595002036,Yes,High
18293,0.4505235447179094,1,1,1,0,0.42873508,0.4832061861184278,Yes,High
18336,0.4088188726105837,1,1,1,0,0.41524875,0.3991740242636571,Yes,High
18388,0.4599623751018495,1,1,1,0,0.5189439,0.3714900641078877,Yes,High
18445,0.4025042512481465,1,1,1,0,0.39758223,0.4098872488898669,Yes,High
18485,0.5094011513243119,1,1,1,1,0.5469765,0.4530380884433784,Yes,High
18503,0.4067087859989421,1,1,1,0,0.46995866,0.3118339407148998,Yes,High
18545,0.5686351053612824,1,1,1,1,0.5133397,0.6515781563265611,Yes,Very High
18573,0.5073786647289481,1,1,1,1,0.5538912,0.4376098442001855,Yes,High
18591,0.4322391975817541,1,1,1,0,0.5025135,0.3268276723467954,Yes,High
18595,0.4400421183352915,1,1,1,0,0.45886257,0.4118114215744654,Yes,High
18639,0.5095451495614182,1,1,1,1,0.55690205,0.4385097378409233,Yes,High
18676,0.4980441833470601,1,1,1,0,0.5628985,0.4007626833851978,Yes,High
18777,0.4418462794132344,1,1,1,0,0.46118137,0.4128435952234547,Yes,High
18786,0.4157924036227454,1,1,1,0,0.43290186,0.3901281903293702,Yes,High
18797,0.4442870472157303,1,1,1,0,0.42799646,0.4687229182035486,Yes,High
18804,0.575412016909352,1,1,1,1,0.65867054,0.4505241955345646,Yes,Very High
18810,0.4037115405682669,1,1,1,0,0.4597175,0.3197025832245615,Yes,High
18878,0.5477272238027542,1,1,1,1,0.556793,0.5341285381941717,Yes,High
18902,0.4722557202671724,1,1,1,0,0.42286143,0.5463471600648656,Yes,High
18924,0.4385137549260205,1,1,1,0,0.51548725,0.3230534472115203,Yes,High
18928,0.6610293537049691,1,1,1,1,0.66593367,0.6536728515399495,Yes,Very High
18952,0.4163857404146028,1,1,1,0,0.4185415,0.4131520548843923,Yes,High
19103,0.5422533838675359,1,1,1,1,0.6193933,0.4265435260350352,Yes,High
19113,0.4694898552324518,1,1,1,0,0.541601,0.3613230900531372,Yes,High
19117,0.4126585884074782,1,1,1,0,0.42471457,0.3945745933007237,Yes,High
19183,0.4426036462192731,1,1,1,0,0.547293,0.2855695746851456,Yes,High
19272,0.4890639580991485,1,1,1,0,0.5011395,0.4709505532450025,Yes,High
19313,0.421736949589444,1,1,1,0,0.49493372,0.311941787368538,Yes,High
19334,0.4843763173555493,1,1,1,0,0.49181008,0.4732256534037886,Yes,High
19480,0.584811372008921,1,1,1,1,0.6123611,0.543486804880205,Yes,Very High
19504,0.6125600816628675,1,1,1,1,0.6873783,0.5003327582829545,Yes,Very High
19506,0.6363553823933215,1,1,1,1,0.7594174,0.4517622594796643,Yes,Very High
19507,0.4537648964707347,1,1,1,0,0.54916215,0.3106689723293714,Yes,High
19537,0.420345095506293,1,1,1,0,0.493725,0.3102751764431159,Yes,High
19545,0.5153975498414622,1,1,1,1,0.51074415,0.5223776429237393,Yes,High
19552,0.4785276120409887,1,1,1,0,0.5563528,0.3617897792422574,Yes,High
19604,0.4770232463293818,1,1,1,0,0.48227188,0.4691502512528369,Yes,High
19606,0.4723096358587122,1,1,1,0,0.39760724,0.5843631967429758,Yes,High
19610,0.4131178821219277,1,1,1,0,0.45224795,0.3544227692219791,Yes,High
19612,0.6906263186121613,1,1,1,1,0.68761986,0.6951359544159544,Yes,Very High
19619,0.5981868406895992,1,1,1,1,0.5635762,0.650102769524901,Yes,Very High
19632,0.478800232037963,1,1,1,0,0.5704586,0.3413126489149072,Yes,High
19644,0.5162861020388161,1,1,1,1,0.47956377,0.5713695960794772,Yes,High
19648,0.7078375298010957,1,1,1,1,0.7179652,0.692646001335892,Yes,Very High
19649,0.4549519219152068,1,1,1,0,0.50327003,0.3824747597555157,Yes,High
19650,0.5611775704077749,1,1,1,1,0.6190832,0.474319057626493,Yes,Very High
19660,0.4938466897800709,1,1,1,0,0.513814,0.4638957359381381,Yes,High
19668,0.4453053842606388,1,1,1,0,0.48325193,0.3883855220234004,Yes,High
19676,0.7011850336573436,1,1,1,1,0.7263258,0.6634737947041577,Yes,Very High
19680,0.4323824909423349,1,1,1,0,0.4641856,0.3846777893837684,Yes,High
19683,0.6442184637587356,1,1,1,1,0.67075306,0.6044165518385884,Yes,Very High
19688,0.5337566190694254,1,1,1,1,0.6011252,0.4327037318881554,Yes,High
19692,0.4258840514311393,1,1,1,0,0.48307115,0.3401033910833795,Yes,High
19693,0.4279061624740458,1,1,1,0,0.4355146,0.4164935075578331,Yes,High
19703,0.4244634190009075,1,1,1,0,0.4347395,0.4090492374713316,Yes,High
19705,0.5683864396534978,1,1,1,1,0.60858923,0.5080822213795331,Yes,Very High
19708,0.5362669705416754,1,1,1,1,0.56880933,0.4874533859555908,Yes,High
19711,0.4812783288343411,1,1,1,0,0.4930809,0.4635744510550452,Yes,High
19712,0.4346958342823278,1,1,1,0,0.48408246,0.3606158354960112,Yes,High
19717,0.4174625936234782,1,1,1,0,0.4687825,0.3404826827557858,Yes,High
19720,0.5204512821991223,1,1,1,1,0.5901093,0.4159642128544492,Yes,High
19727,0.4884901045621996,1,1,1,0,0.5131234,0.4515401271138503,Yes,High
19729,0.4610774963705466,1,1,1,0,0.44579718,0.4839979483705575,Yes,High
19730,0.4878655685616421,1,1,1,0,0.5017747,0.4670017991545018,Yes,High
19733,0.5520979981210191,1,1,1,1,0.50596887,0.621291677302708,Yes,Very High
19737,0.4177097133238361,1,1,1,0,0.4676368,0.342819032927167,Yes,High
19749,0.4676401660392102,1,1,1,0,0.5575595,0.3327611201875946,Yes,High
19755,0.5085553637382245,1,1,1,1,0.54452634,0.4545988418750109,Yes,High
19759,0.4363251700145802,1,1,1,0,0.49359038,0.3504273479538166,Yes,High
19762,0.429641017051795,1,1,1,0,0.4541789,0.3928341933395934,Yes,High
19764,0.4543981025446801,1,1,1,0,0.4704564,0.430310609397627,Yes,High
19771,0.534191751966425,1,1,1,1,0.5790739,0.4668684911965036,Yes,High
19775,0.4326233043261319,1,1,1,0,0.4612725,0.3896494393517448,Yes,High
19784,0.4086188164546175,1,1,1,0,0.40772483,0.4099597625916408,Yes,High
19791,0.4641790364786831,1,1,1,0,0.5428674,0.3461464431397237,Yes,High
19794,0.6328915069368084,1,1,1,1,0.6445686,0.6153757894701262,Yes,Very High
19797,0.5348213823496868,1,1,1,1,0.587122,0.4563703914134627,Yes,High
19804,0.4665094689317415,1,1,1,0,0.5034951,0.4110309669842,Yes,High
19810,0.628605311520811,1,1,1,1,0.6902781,0.5360960349637172,Yes,Very High
19818,0.4300042349962055,1,1,1,0,0.4720159,0.3669867562422303,Yes,High
19835,0.488940360094641,1,1,1,0,0.5386534,0.4143708247580486,Yes,High
19836,0.4709281966464733,1,1,1,0,0.49801368,0.4302999489945708,Yes,High
19840,0.5320422320539603,1,1,1,1,0.61146814,0.4129033458667121,Yes,High
19842,0.7327596698670442,1,1,1,1,0.74494785,0.7144773390066761,Yes,Very High
19843,0.4538832736900829,1,1,1,0,0.42072177,0.5036255302258789,Yes,High
19850,0.5839822008421963,1,1,1,1,0.6209006,0.5286046152837439,Yes,Very High
19858,0.445139736927401,1,1,1,0,0.45017463,0.4375873530826245,Yes,High
19873,0.4538285960144833,1,1,1,0,0.46696028,0.434131008731086,Yes,High
19874,0.4123769587400699,1,1,1,0,0.41892067,0.4025613978810967,Yes,High
19883,0.6988675097045515,1,1,1,1,0.74193424,0.6342673548602098,Yes,Very High
19889,0.4013383729545067,1,1,1,0,0.3291578,0.5096092182615872,Yes,High
19890,0.5089768956149783,1,1,1,1,0.487222,0.5416092003497398,Yes,High
19906,0.5435106989540405,1,1,1,1,0.5582754,0.5213636002932356,Yes,High
19917,0.4032304674539542,1,1,1,0,0.40327027,0.4031707197809158,Yes,High
19925,0.4236102405431659,1,1,1,0,0.43763742,0.4025694735951201,Yes,High
19931,0.4424995707701901,1,1,1,0,0.49598077,0.3622777579305716,Yes,High
19945,0.4609667347648007,1,1,1,0,0.42124063,0.5205558952635185,Yes,High
19946,0.4137174525629622,1,1,1,0,0.39162356,0.4468582666841998,Yes,High
19951,0.4282007655687173,1,1,1,0,0.46051604,0.37972781588312,Yes,High
19962,0.5759519419757044,1,1,1,1,0.5453025,0.6219260597446351,Yes,Very High
19973,0.5316830395956186,1,1,1,1,0.5108945,0.5628658382344611,Yes,High
19975,0.4425843319098178,1,1,1,0,0.5083533,0.3439308605591514,Yes,High
